Continent,Conformity,Colname,Label
Asia,Nonconformity,"1,1,1,2-Tetrafluoroethane|air|non-urban air or from high stacks",12
Asia,Acceptable conformity,"1,1,1,2-Tetrafluoroethane|air|unspecified",13
Asia,Nonconformity,"1,1,1,2-Tetrafluoroethane|air|urban air close to ground",14
Asia,Nonconformity,"1,1,1-Trichloroethane|air|non-urban air or from high stacks",7
Asia,Nonconformity,"1,1,1-Trichloroethane|air|unspecified",8
Asia,Marginally acceptable conformity,"1,1,1-Trichloroethane|water|surface water",9
Asia,Nonconformity,"1,1,1-Trichloroethane|water|unspecified",10
Asia,Acceptable conformity,"1,1,1-Trifluoroethane|air|non-urban air or from high stacks",11
Asia,Nonconformity,"1,1,2-Trichloro-1,2,2-trifluoroethane|air|non-urban air or from high stacks",15
Asia,Nonconformity,"1,1,2-Trichloro-1,2,2-trifluoroethane|air|unspecified",16
Asia,Marginally acceptable conformity,"1,1,2-Trichloro-1,2,2-trifluoroethane|air|urban air close to ground",17
Asia,Marginally acceptable conformity,"1,1-Difluoroethane|air|non-urban air or from high stacks",5
Asia,Marginally acceptable conformity,"1,1-Difluoroethane|air|urban air close to ground",6
Asia,Nonconformity,"1,3-Dichloropropene|soil|agricultural",18
Asia,Nonconformity,"1,4-Butanediol|air|urban air close to ground",19
Asia,Nonconformity,"1,4-Butanediol|water|surface water",20
Asia,Nonconformity,1-Pentanol|air|urban air close to ground,1
Asia,Nonconformity,1-Pentanol|water|surface water,2
Asia,Nonconformity,1-Pentene|air|urban air close to ground,3
Asia,Nonconformity,1-Pentene|water|surface water,4
Asia,Nonconformity,"2,2,4-Trimethylpentane|air|unspecified",29
Asia,Nonconformity,"2,4-D|air|non-urban air or from high stacks",38
Asia,Nonconformity,"2,4-D|soil|agricultural",39
Asia,Nonconformity,"2,4-D|soil|forestry",40
Asia,Nonconformity,"2,4-D|water|ground-",41
Asia,Nonconformity,"2,4-D|water|unspecified",42
Asia,Nonconformity,"2,4-D dimethylamine salt|air|non-urban air or from high stacks",30
Asia,Nonconformity,"2,4-D dimethylamine salt|soil|agricultural",31
Asia,Nonconformity,"2,4-D dimethylamine salt|water|ground-",32
Asia,Nonconformity,"2,4-D dimethylamine salt|water|surface water",33
Asia,Nonconformity,"2,4-D ester|air|non-urban air or from high stacks",34
Asia,Nonconformity,"2,4-D ester|soil|agricultural",35
Asia,Nonconformity,"2,4-D ester|water|ground-",36
Asia,Nonconformity,"2,4-D ester|water|surface water",37
Asia,Nonconformity,"2,4-DB|air|non-urban air or from high stacks",43
Asia,Marginally acceptable conformity,"2,4-DB|soil|agricultural",44
Asia,Nonconformity,"2,4-DB|water|ground-",45
Asia,Marginally acceptable conformity,"2,4-DB|water|surface water",46
Asia,Nonconformity,"2,4-Dichlorophenol|air|unspecified",47
Asia,Nonconformity,"2,4-Dichlorophenol|air|urban air close to ground",48
Asia,Nonconformity,2-Aminopropanol|air|urban air close to ground,21
Asia,Nonconformity,2-Aminopropanol|water|surface water,22
Asia,Nonconformity,"2-Chloro-1,1,1,2-tetrafluoroethane|air|unspecified",23
Asia,Nonconformity,2-Chlorophenol|water|unspecified,24
Asia,Nonconformity,2-Methyl-2-butanol|water|unspecified,25
Asia,Nonconformity,2-Methyl-2-butene|air|urban air close to ground,26
Asia,Nonconformity,2-Methyl-2-butene|water|unspecified,27
Asia,Nonconformity,2-Nitrobenzoic acid|air|urban air close to ground,28
Asia,Nonconformity,4-Methyl-2-pentanol|water|surface water,49
Asia,Nonconformity,4-Methyl-2-pentanone|air|non-urban air or from high stacks,50
Asia,Nonconformity,4-Methyl-2-pentanone|air|urban air close to ground,51
Asia,Nonconformity,4-Methyl-2-pentanone|water|surface water,52
Asia,Acceptable conformity,"AOX, Adsorbable Organic Halides|water|ocean",179
Asia,Nonconformity,"AOX, Adsorbable Organic Halides|water|surface water",180
Asia,Nonconformity,"AOX, Adsorbable Organic Halides|water|unspecified",181
Asia,Nonconformity,Abamectin|air|non-urban air or from high stacks,53
Asia,Nonconformity,Abamectin|soil|agricultural,54
Asia,Nonconformity,Abamectin|soil|forestry,55
Asia,Nonconformity,Abamectin|water|ground-,56
Asia,Nonconformity,Abamectin|water|unspecified,57
Asia,Nonconformity,Acenaphthene|air|non-urban air or from high stacks,58
Asia,Nonconformity,Acenaphthene|air|unspecified,59
Asia,Marginally acceptable conformity,Acenaphthene|water|ocean,60
Asia,Nonconformity,Acenaphthene|water|surface water,61
Asia,Nonconformity,Acenaphthylene|air|non-urban air or from high stacks,62
Asia,Nonconformity,Acenaphthylene|air|unspecified,63
Asia,Nonconformity,Acenaphthylene|water|ocean,64
Asia,Nonconformity,Acenaphthylene|water|surface water,65
Asia,Nonconformity,Acephate|air|non-urban air or from high stacks,66
Asia,Nonconformity,Acephate|soil|agricultural,67
Asia,Nonconformity,Acephate|soil|forestry,68
Asia,Nonconformity,Acephate|water|ground-,69
Asia,Nonconformity,Acephate|water|unspecified,70
Asia,Nonconformity,Acetaldehyde|air|non-urban air or from high stacks,71
Asia,Marginally acceptable conformity,Acetaldehyde|air|unspecified,72
Asia,Nonconformity,Acetaldehyde|air|urban air close to ground,73
Asia,Marginally acceptable conformity,Acetaldehyde|water|surface water,74
Asia,Nonconformity,Acetaldehyde|water|unspecified,75
Asia,Nonconformity,Acetamiprid|air|non-urban air or from high stacks,76
Asia,Nonconformity,Acetamiprid|soil|agricultural,77
Asia,Nonconformity,Acetamiprid|soil|forestry,78
Asia,Nonconformity,Acetamiprid|water|ground-,79
Asia,Nonconformity,Acetamiprid|water|unspecified,80
Asia,Nonconformity,Acetic acid|air|non-urban air or from high stacks,81
Asia,Nonconformity,Acetic acid|air|unspecified,82
Asia,Nonconformity,Acetic acid|air|urban air close to ground,83
Asia,Nonconformity,Acetic acid|water|surface water,84
Asia,Nonconformity,Acetic acid|water|unspecified,85
Asia,Nonconformity,Acetic anhydride|water|unspecified,86
Asia,Nonconformity,Acetochlor|soil|agricultural,87
Asia,Nonconformity,Acetone|air|non-urban air or from high stacks,88
Asia,Nonconformity,Acetone|air|unspecified,89
Asia,Marginally acceptable conformity,Acetone|air|urban air close to ground,90
Asia,Nonconformity,Acetone|water|surface water,91
Asia,Nonconformity,Acetone|water|unspecified,92
Asia,Nonconformity,Acetonitrile|air|non-urban air or from high stacks,93
Asia,Marginally acceptable conformity,Acetonitrile|water|surface water,94
Asia,Nonconformity,Acetyl chloride|water|surface water,95
Asia,Nonconformity,Acetylene|air|non-urban air or from high stacks,96
Asia,Nonconformity,Acetylene|air|unspecified,97
Asia,Marginally acceptable conformity,Acetylene|air|urban air close to ground,98
Asia,Nonconformity,"Acidity, unspecified|water|surface water",99
Asia,Nonconformity,Acifluorfen|soil|agricultural,100
Asia,Nonconformity,Aclonifen|soil|agricultural,101
Asia,Marginally acceptable conformity,Acrinathrin|soil|agricultural,102
Asia,Nonconformity,Acrolein|air|non-urban air or from high stacks,103
Asia,Nonconformity,Acrolein|air|unspecified,104
Asia,Nonconformity,Acrolein|air|urban air close to ground,105
Asia,Nonconformity,Acrylate|water|surface water,106
Asia,Acceptable conformity,Acrylic acid|air|urban air close to ground,107
Asia,Nonconformity,"Actinides, radioactive, unspecified|air|non-urban air or from high stacks",108
Asia,Nonconformity,"Actinides, radioactive, unspecified|water|ocean",109
Asia,Nonconformity,"Aerosols, radioactive, unspecified|air|non-urban air or from high stacks",110
Asia,Nonconformity,Alachlor|soil|agricultural,111
Asia,Nonconformity,"Aldehydes, unspecified|air|non-urban air or from high stacks",112
Asia,Nonconformity,"Aldehydes, unspecified|air|unspecified",113
Asia,Nonconformity,"Aldehydes, unspecified|air|urban air close to ground",114
Asia,Nonconformity,Aldicarb|soil|agricultural,115
Asia,Nonconformity,Aldrin|soil|agricultural,116
Asia,Nonconformity,Alkylbenzene (c10-c15)|air|non-urban air or from high stacks,117
Asia,Nonconformity,Alkylbenzene (c10-c15)|soil|agricultural,118
Asia,Nonconformity,Alkylbenzene (c10-c15)|soil|forestry,119
Asia,Nonconformity,Allyl chloride|water|unspecified,120
Asia,Nonconformity,Alpha-cypermethrin|air|non-urban air or from high stacks,121
Asia,Nonconformity,Alpha-cypermethrin|soil|agricultural,122
Asia,Nonconformity,Alpha-cypermethrin|soil|forestry,123
Asia,Nonconformity,Alpha-cypermethrin|water|unspecified,124
Asia,Nonconformity,Aluminium|natural resource|in ground,138
Asia,Marginally acceptable conformity,"Aluminium III|air|low population density, long-term",126
Asia,Nonconformity,Aluminium III|air|non-urban air or from high stacks,127
Asia,Nonconformity,Aluminium III|air|unspecified,128
Asia,Nonconformity,Aluminium III|air|urban air close to ground,129
Asia,Nonconformity,Aluminium III|soil|agricultural,130
Asia,Marginally acceptable conformity,Aluminium III|soil|industrial,131
Asia,Nonconformity,Aluminium III|soil|unspecified,132
Asia,Nonconformity,Aluminium III|water|ground-,133
Asia,Nonconformity,"Aluminium III|water|ground-, long-term",134
Asia,Nonconformity,Aluminium III|water|ocean,135
Asia,Nonconformity,Aluminium III|water|surface water,136
Asia,Nonconformity,Aluminium III|water|unspecified,137
Asia,Nonconformity,Aluminium hydroxide|water|unspecified,125
Asia,Nonconformity,Ametryn|soil|agricultural,139
Asia,Nonconformity,Amidosulfuron|soil|agricultural,140
Asia,Marginally acceptable conformity,"Ammonia|air|low population density, long-term",141
Asia,Nonconformity,Ammonia|air|non-urban air or from high stacks,142
Asia,Nonconformity,Ammonia|air|unspecified,143
Asia,Marginally acceptable conformity,Ammonia|air|urban air close to ground,144
Asia,Nonconformity,Ammonia|soil|industrial,145
Asia,Marginally acceptable conformity,Ammonium|water|ground-,148
Asia,Nonconformity,"Ammonium|water|ground-, long-term",149
Asia,Nonconformity,Ammonium|water|ocean,150
Asia,Nonconformity,Ammonium|water|surface water,151
Asia,Marginally acceptable conformity,Ammonium|water|unspecified,152
Asia,Nonconformity,Ammonium carbonate|air|urban air close to ground,146
Asia,Nonconformity,Ammonium sulfate|water|unspecified,147
Asia,Nonconformity,Anhydrite|natural resource|in ground,153
Asia,Nonconformity,Aniline|air|urban air close to ground,154
Asia,Nonconformity,Aniline|water|surface water,155
Asia,Acceptable conformity,Aniline|water|unspecified,156
Asia,Nonconformity,Anthracene|air|non-urban air or from high stacks,157
Asia,Nonconformity,Anthracene|air|unspecified,158
Asia,Nonconformity,Anthracene|water|surface water,159
Asia,Nonconformity,Anthranilic acid|air|urban air close to ground,160
Asia,Nonconformity,Anthraquinone|soil|agricultural,161
Asia,Nonconformity,"Antimony ion|air|low population density, long-term",167
Asia,Nonconformity,Antimony ion|air|non-urban air or from high stacks,168
Asia,Nonconformity,Antimony ion|air|unspecified,169
Asia,Nonconformity,Antimony ion|air|urban air close to ground,170
Asia,Nonconformity,Antimony ion|soil|agricultural,171
Asia,Nonconformity,Antimony ion|soil|industrial,172
Asia,Nonconformity,Antimony ion|soil|unspecified,173
Asia,Nonconformity,Antimony ion|water|ground-,174
Asia,Nonconformity,"Antimony ion|water|ground-, long-term",175
Asia,Nonconformity,Antimony ion|water|ocean,176
Asia,Nonconformity,Antimony ion|water|surface water,177
Asia,Marginally acceptable conformity,Antimony ion|water|unspecified,178
Asia,Nonconformity,Antimony-122|water|surface water,162
Asia,Nonconformity,Antimony-124|air|non-urban air or from high stacks,163
Asia,Nonconformity,Antimony-124|water|surface water,164
Asia,Marginally acceptable conformity,Antimony-125|air|non-urban air or from high stacks,165
Asia,Nonconformity,Antimony-125|water|surface water,166
Asia,Nonconformity,Argon|air|unspecified,183
Asia,Nonconformity,Argon|natural resource|in air,184
Asia,Nonconformity,Argon-41|air|non-urban air or from high stacks,182
Asia,Nonconformity,"Arsenic ion|air|low population density, long-term",185
Asia,Nonconformity,Arsenic ion|air|non-urban air or from high stacks,186
Asia,Nonconformity,Arsenic ion|air|unspecified,187
Asia,Nonconformity,Arsenic ion|air|urban air close to ground,188
Asia,Nonconformity,Arsenic ion|soil|agricultural,189
Asia,Marginally acceptable conformity,Arsenic ion|soil|industrial,190
Asia,Nonconformity,Arsenic ion|soil|unspecified,191
Asia,Marginally acceptable conformity,Arsenic ion|water|ground-,192
Asia,Nonconformity,"Arsenic ion|water|ground-, long-term",193
Asia,Marginally acceptable conformity,Arsenic ion|water|ocean,194
Asia,Nonconformity,Arsenic ion|water|surface water,195
Asia,Nonconformity,Arsenic ion|water|unspecified,196
Asia,Nonconformity,Arsine|air|urban air close to ground,197
Asia,Nonconformity,Asulam|soil|agricultural,198
Asia,Nonconformity,Atrazine|air|non-urban air or from high stacks,199
Asia,Nonconformity,Atrazine|soil|agricultural,200
Asia,Nonconformity,Atrazine|soil|forestry,201
Asia,Nonconformity,Atrazine|water|ground-,202
Asia,Nonconformity,Atrazine|water|unspecified,203
Asia,Nonconformity,Azadirachtin|soil|agricultural,204
Asia,Nonconformity,Azinphos-methyl|soil|agricultural,205
Asia,Nonconformity,Azoxystrobin|air|non-urban air or from high stacks,206
Asia,Marginally acceptable conformity,Azoxystrobin|soil|agricultural,207
Asia,Nonconformity,Azoxystrobin|soil|forestry,208
Asia,Nonconformity,Azoxystrobin|water|ground-,209
Asia,Nonconformity,Azoxystrobin|water|unspecified,210
Asia,Nonconformity,"BOD5, Biological Oxygen Demand|water|ground-",289
Asia,Nonconformity,"BOD5, Biological Oxygen Demand|water|ground-, long-term",290
Asia,Nonconformity,"BOD5, Biological Oxygen Demand|water|ocean",291
Asia,Nonconformity,"BOD5, Biological Oxygen Demand|water|surface water",292
Asia,Marginally acceptable conformity,"BOD5, Biological Oxygen Demand|water|unspecified",293
Asia,Marginally acceptable conformity,Barite|water|ocean,211
Asia,Acceptable conformity,Barium|natural resource|in ground,226
Asia,Acceptable conformity,"Barium II|air|low population density, long-term",214
Asia,Nonconformity,Barium II|air|non-urban air or from high stacks,215
Asia,Nonconformity,Barium II|air|unspecified,216
Asia,Nonconformity,Barium II|air|urban air close to ground,217
Asia,Nonconformity,Barium II|soil|agricultural,218
Asia,Acceptable conformity,Barium II|soil|industrial,219
Asia,Nonconformity,Barium II|soil|unspecified,220
Asia,Nonconformity,Barium II|water|ground-,221
Asia,Nonconformity,"Barium II|water|ground-, long-term",222
Asia,Nonconformity,Barium II|water|ocean,223
Asia,Nonconformity,Barium II|water|surface water,224
Asia,Acceptable conformity,Barium II|water|unspecified,225
Asia,Nonconformity,Barium-140|air|non-urban air or from high stacks,212
Asia,Nonconformity,Barium-140|water|surface water,213
Asia,Marginally acceptable conformity,Basalt|natural resource|in ground,227
Asia,Nonconformity,Benomyl|soil|agricultural,228
Asia,Nonconformity,Bensulfuron methyl ester|soil|agricultural,229
Asia,Nonconformity,Bentazone|air|non-urban air or from high stacks,230
Asia,Nonconformity,Bentazone|soil|agricultural,231
Asia,Nonconformity,Bentazone|water|ground-,232
Asia,Nonconformity,Bentazone|water|surface water,233
Asia,Nonconformity,Benz(a)anthracene|air|non-urban air or from high stacks,234
Asia,Nonconformity,Benz(a)anthracene|air|unspecified,235
Asia,Nonconformity,Benz(a)anthracene|water|surface water,236
Asia,Nonconformity,Benzal chloride|air|urban air close to ground,237
Asia,Nonconformity,Benzaldehyde|air|non-urban air or from high stacks,238
Asia,Nonconformity,Benzaldehyde|air|unspecified,239
Asia,Nonconformity,Benzaldehyde|air|urban air close to ground,240
Asia,Nonconformity,Benzene|air|non-urban air or from high stacks,241
Asia,Nonconformity,Benzene|air|unspecified,242
Asia,Nonconformity,Benzene|air|urban air close to ground,243
Asia,Nonconformity,Benzene|water|ocean,244
Asia,Nonconformity,Benzene|water|surface water,245
Asia,Nonconformity,Benzene|water|unspecified,246
Asia,Nonconformity,Benzo(a)pyrene|air|unspecified,247
Asia,Acceptable conformity,Benzo(a)pyrene|air|urban air close to ground,248
Asia,Nonconformity,Benzo(a)pyrene|water|surface water,249
Asia,Nonconformity,Benzo(b)fluoranthene|air|non-urban air or from high stacks,250
Asia,Nonconformity,Benzo(b)fluoranthene|air|unspecified,251
Asia,Nonconformity,Benzo(b)fluoranthene|water|surface water,252
Asia,Nonconformity,Benzo(ghi)perylene|air|non-urban air or from high stacks,253
Asia,Nonconformity,Benzo(ghi)perylene|air|unspecified,254
Asia,Nonconformity,Benzo(ghi)perylene|water|surface water,255
Asia,Nonconformity,Benzo(k)fluoranthene|air|non-urban air or from high stacks,256
Asia,Nonconformity,Benzo(k)fluoranthene|air|unspecified,257
Asia,Nonconformity,Benzo(k)fluoranthene|water|surface water,258
Asia,Nonconformity,Benzovindiflupyr|soil|agricultural,259
Asia,Nonconformity,Benzovindiflupyr|soil|forestry,260
Asia,Nonconformity,Benzovindiflupyr|water|unspecified,261
Asia,Nonconformity,Benzyl alcohol|water|surface water,262
Asia,Nonconformity,"Beryllium II|air|low population density, long-term",263
Asia,Marginally acceptable conformity,Beryllium II|air|non-urban air or from high stacks,264
Asia,Nonconformity,Beryllium II|air|unspecified,265
Asia,Marginally acceptable conformity,Beryllium II|air|urban air close to ground,266
Asia,Nonconformity,Beryllium II|soil|agricultural,267
Asia,Nonconformity,Beryllium II|soil|industrial,268
Asia,Nonconformity,Beryllium II|soil|unspecified,269
Asia,Nonconformity,Beryllium II|water|ground-,270
Asia,Nonconformity,"Beryllium II|water|ground-, long-term",271
Asia,Nonconformity,Beryllium II|water|surface water,272
Asia,Marginally acceptable conformity,Beryllium II|water|unspecified,273
Asia,Nonconformity,Beta-cyfluthrin|air|non-urban air or from high stacks,274
Asia,Acceptable conformity,Beta-cyfluthrin|soil|agricultural,275
Asia,Nonconformity,Beta-cyfluthrin|soil|forestry,276
Asia,Nonconformity,Beta-cyfluthrin|water|ground-,277
Asia,Nonconformity,Beta-cyfluthrin|water|unspecified,278
Asia,Marginally acceptable conformity,Bicarbonate|water|ocean,279
Asia,Nonconformity,Bicyclopyrone|soil|agricultural,280
Asia,Nonconformity,Bifenazate|soil|agricultural,281
Asia,Nonconformity,Bifenox|soil|agricultural,282
Asia,Nonconformity,Bifenthrin|air|non-urban air or from high stacks,283
Asia,Nonconformity,Bifenthrin|soil|agricultural,284
Asia,Nonconformity,Bifenthrin|soil|forestry,285
Asia,Nonconformity,Bifenthrin|water|ground-,286
Asia,Nonconformity,Bifenthrin|water|unspecified,287
Asia,Nonconformity,Bitertanol|soil|agricultural,288
Asia,Nonconformity,Borate|water|surface water,294
Asia,Nonconformity,Borate|water|unspecified,295
Asia,Nonconformity,Borax|natural resource|in ground,296
Asia,Marginally acceptable conformity,Boric acid|air|urban air close to ground,297
Asia,Nonconformity,"Boron|air|low population density, long-term",299
Asia,Nonconformity,Boron|air|non-urban air or from high stacks,300
Asia,Nonconformity,Boron|air|unspecified,301
Asia,Nonconformity,Boron|air|urban air close to ground,302
Asia,Nonconformity,Boron|natural resource|in ground,303
Asia,Nonconformity,Boron|soil|agricultural,304
Asia,Acceptable conformity,Boron|soil|industrial,305
Asia,Nonconformity,Boron|soil|unspecified,306
Asia,Nonconformity,Boron|water|ground-,307
Asia,Marginally acceptable conformity,"Boron|water|ground-, long-term",308
Asia,Nonconformity,Boron|water|ocean,309
Asia,Nonconformity,Boron|water|surface water,310
Asia,Nonconformity,Boron|water|unspecified,311
Asia,Acceptable conformity,Boron trifluoride|air|urban air close to ground,298
Asia,Nonconformity,Boscalid|soil|agricultural,312
Asia,Nonconformity,Bromate|water|surface water,313
Asia,Nonconformity,Bromate|water|unspecified,314
Asia,Acceptable conformity,Bromide|water|surface water,315
Asia,Nonconformity,"Bromine|air|low population density, long-term",316
Asia,Nonconformity,Bromine|air|non-urban air or from high stacks,317
Asia,Nonconformity,Bromine|air|unspecified,318
Asia,Nonconformity,Bromine|air|urban air close to ground,319
Asia,Marginally acceptable conformity,Bromine|natural resource|in water,320
Asia,Nonconformity,Bromine|soil|industrial,321
Asia,Nonconformity,Bromine|soil|unspecified,322
Asia,Nonconformity,Bromine|water|ground-,323
Asia,Nonconformity,"Bromine|water|ground-, long-term",324
Asia,Acceptable conformity,Bromine|water|ocean,325
Asia,Nonconformity,Bromine|water|surface water,326
Asia,Nonconformity,Bromoxynil|air|non-urban air or from high stacks,327
Asia,Nonconformity,Bromoxynil|water|ground-,328
Asia,Nonconformity,Bromoxynil|water|surface water,329
Asia,Nonconformity,Bromuconazole|soil|agricultural,330
Asia,Nonconformity,Buprofezin|soil|agricultural,331
Asia,Nonconformity,Butadiene|air|non-urban air or from high stacks,332
Asia,Marginally acceptable conformity,Butadiene|air|unspecified,333
Asia,Nonconformity,Butadiene|air|urban air close to ground,334
Asia,Nonconformity,Butane|air|non-urban air or from high stacks,335
Asia,Marginally acceptable conformity,Butane|air|unspecified,336
Asia,Nonconformity,Butane|air|urban air close to ground,337
Asia,Nonconformity,Butanol|air|urban air close to ground,338
Asia,Nonconformity,Butanol|water|surface water,339
Asia,Nonconformity,Butene|air|unspecified,340
Asia,Marginally acceptable conformity,Butene|air|urban air close to ground,341
Asia,Marginally acceptable conformity,Butene|water|surface water,342
Asia,Nonconformity,Butyl acetate|water|surface water,343
Asia,Nonconformity,Butyrolactone|water|unspecified,344
Asia,Nonconformity,"COD, Chemical Oxygen Demand|water|ground-",567
Asia,Nonconformity,"COD, Chemical Oxygen Demand|water|ground-, long-term",568
Asia,Marginally acceptable conformity,"COD, Chemical Oxygen Demand|water|ocean",569
Asia,Nonconformity,"COD, Chemical Oxygen Demand|water|surface water",570
Asia,Nonconformity,"COD, Chemical Oxygen Demand|water|unspecified",571
Asia,Nonconformity,Cadmium|natural resource|in ground,358
Asia,Nonconformity,"Cadmium II|air|low population density, long-term",345
Asia,Marginally acceptable conformity,Cadmium II|air|lower stratosphere + upper troposphere,346
Asia,Nonconformity,Cadmium II|air|non-urban air or from high stacks,347
Asia,Nonconformity,Cadmium II|air|unspecified,348
Asia,Nonconformity,Cadmium II|air|urban air close to ground,349
Asia,Nonconformity,Cadmium II|soil|agricultural,350
Asia,Nonconformity,Cadmium II|soil|forestry,351
Asia,Nonconformity,Cadmium II|soil|industrial,352
Asia,Nonconformity,Cadmium II|soil|unspecified,353
Asia,Nonconformity,Cadmium II|water|ground-,354
Asia,Nonconformity,"Cadmium II|water|ground-, long-term",355
Asia,Nonconformity,Cadmium II|water|ocean,356
Asia,Nonconformity,Cadmium II|water|surface water,357
Asia,Marginally acceptable conformity,Caesium I|water|ocean,365
Asia,Marginally acceptable conformity,Caesium I|water|surface water,366
Asia,Nonconformity,Caesium-134|air|non-urban air or from high stacks,359
Asia,Nonconformity,Caesium-134|water|surface water,360
Asia,Nonconformity,Caesium-136|water|surface water,361
Asia,Nonconformity,Caesium-137|air|non-urban air or from high stacks,362
Asia,Nonconformity,Caesium-137|water|ocean,363
Asia,Nonconformity,Caesium-137|water|surface water,364
Asia,Nonconformity,Calcium|natural resource|in ground,379
Asia,Marginally acceptable conformity,"Calcium II|air|low population density, long-term",367
Asia,Nonconformity,Calcium II|air|non-urban air or from high stacks,368
Asia,Nonconformity,Calcium II|air|unspecified,369
Asia,Nonconformity,Calcium II|air|urban air close to ground,370
Asia,Nonconformity,Calcium II|soil|agricultural,371
Asia,Marginally acceptable conformity,Calcium II|soil|industrial,372
Asia,Nonconformity,Calcium II|soil|unspecified,373
Asia,Nonconformity,Calcium II|water|ground-,374
Asia,Nonconformity,"Calcium II|water|ground-, long-term",375
Asia,Marginally acceptable conformity,Calcium II|water|ocean,376
Asia,Marginally acceptable conformity,Calcium II|water|surface water,377
Asia,Nonconformity,Calcium II|water|unspecified,378
Asia,Nonconformity,Captan|soil|agricultural,380
Asia,Nonconformity,Carbaryl|air|non-urban air or from high stacks,381
Asia,Nonconformity,Carbaryl|soil|agricultural,382
Asia,Nonconformity,Carbaryl|water|ground-,383
Asia,Nonconformity,Carbendazim|air|non-urban air or from high stacks,384
Asia,Nonconformity,Carbendazim|soil|agricultural,385
Asia,Nonconformity,Carbendazim|soil|forestry,386
Asia,Nonconformity,Carbendazim|water|ground-,387
Asia,Nonconformity,Carbendazim|water|unspecified,388
Asia,Nonconformity,Carbetamide|soil|agricultural,389
Asia,Nonconformity,Carbofuran|soil|agricultural,390
Asia,Nonconformity,Carbon|air|urban air close to ground,421
Asia,Nonconformity,Carbon|soil|agricultural,422
Asia,Nonconformity,Carbon|soil|industrial,423
Asia,Nonconformity,Carbon|soil|unspecified,424
Asia,Nonconformity,Carbon|water|ground-,425
Asia,Acceptable conformity,"Carbon dioxide, fossil|air|lower stratosphere + upper troposphere",393
Asia,Nonconformity,"Carbon dioxide, fossil|air|non-urban air or from high stacks",394
Asia,Nonconformity,"Carbon dioxide, fossil|air|unspecified",395
Asia,Nonconformity,"Carbon dioxide, fossil|air|urban air close to ground",396
Asia,Nonconformity,"Carbon dioxide, from soil or biomass stock|air|non-urban air or from high stacks",397
Asia,Nonconformity,"Carbon dioxide, from soil or biomass stock|air|unspecified",398
Asia,Marginally acceptable conformity,"Carbon dioxide, in air|natural resource|in air",399
Asia,Nonconformity,"Carbon dioxide, non-fossil|air|non-urban air or from high stacks",400
Asia,Marginally acceptable conformity,"Carbon dioxide, non-fossil|air|unspecified",401
Asia,Nonconformity,"Carbon dioxide, non-fossil|air|urban air close to ground",402
Asia,Nonconformity,"Carbon dioxide, to soil or biomass stock|soil|agricultural",403
Asia,Nonconformity,"Carbon dioxide, to soil or biomass stock|soil|unspecified",404
Asia,Acceptable conformity,Carbon disulfide|air|non-urban air or from high stacks,405
Asia,Nonconformity,Carbon disulfide|air|unspecified,406
Asia,Marginally acceptable conformity,Carbon disulfide|air|urban air close to ground,407
Asia,Nonconformity,Carbon disulfide|water|surface water,408
Asia,Marginally acceptable conformity,"Carbon monoxide, fossil|air|lower stratosphere + upper troposphere",409
Asia,Nonconformity,"Carbon monoxide, fossil|air|non-urban air or from high stacks",410
Asia,Nonconformity,"Carbon monoxide, fossil|air|unspecified",411
Asia,Nonconformity,"Carbon monoxide, fossil|air|urban air close to ground",412
Asia,Nonconformity,"Carbon monoxide, from soil or biomass stock|air|non-urban air or from high stacks",413
Asia,Nonconformity,"Carbon monoxide, non-fossil|air|non-urban air or from high stacks",414
Asia,Nonconformity,"Carbon monoxide, non-fossil|air|unspecified",415
Asia,Nonconformity,"Carbon monoxide, non-fossil|air|urban air close to ground",416
Asia,Nonconformity,Carbon tetrachloride|air|unspecified,417
Asia,Nonconformity,Carbon tetrachloride|air|urban air close to ground,418
Asia,Nonconformity,Carbon tetrachloride|water|unspecified,419
Asia,Nonconformity,"Carbon, organic, in soil or biomass stock|natural resource|in ground",420
Asia,Nonconformity,Carbon-14|air|non-urban air or from high stacks,391
Asia,Nonconformity,Carbon-14|water|surface water,392
Asia,Marginally acceptable conformity,Carbonate|water|ocean,426
Asia,Marginally acceptable conformity,Carbonate|water|surface water,427
Asia,Marginally acceptable conformity,Carbonate|water|unspecified,428
Asia,Nonconformity,Carbonyl sulfide|air|unspecified,429
Asia,Nonconformity,Carbosulfan|soil|agricultural,430
Asia,Acceptable conformity,"Carboxylic acids, unspecified|water|ocean",431
Asia,Nonconformity,"Carboxylic acids, unspecified|water|surface water",432
Asia,Acceptable conformity,"Carboxylic acids, unspecified|water|unspecified",433
Asia,Nonconformity,Carfentrazone-ethyl|air|non-urban air or from high stacks,434
Asia,Nonconformity,Carfentrazone-ethyl|soil|agricultural,435
Asia,Nonconformity,Carfentrazone-ethyl|soil|forestry,436
Asia,Nonconformity,Carfentrazone-ethyl|water|unspecified,437
Asia,Nonconformity,Carnallite|natural resource|in water,438
Asia,Nonconformity,Cerium|natural resource|in ground,442
Asia,Nonconformity,Cerium-141|air|non-urban air or from high stacks,439
Asia,Nonconformity,Cerium-141|water|surface water,440
Asia,Marginally acceptable conformity,Cerium-144|water|surface water,441
Asia,Nonconformity,Chloramine|air|urban air close to ground,443
Asia,Nonconformity,Chloramine|water|surface water,444
Asia,Nonconformity,Chlorantraniliprole|air|non-urban air or from high stacks,445
Asia,Nonconformity,Chlorantraniliprole|soil|agricultural,446
Asia,Nonconformity,Chlorantraniliprole|soil|forestry,447
Asia,Nonconformity,Chlorantraniliprole|water|ground-,448
Asia,Nonconformity,Chlorantraniliprole|water|unspecified,449
Asia,Nonconformity,Chlorate|water|surface water,450
Asia,Marginally acceptable conformity,Chlorate|water|unspecified,451
Asia,Nonconformity,Chloridazon|soil|agricultural,452
Asia,Nonconformity,Chloride|soil|agricultural,453
Asia,Marginally acceptable conformity,Chloride|soil|industrial,454
Asia,Nonconformity,Chloride|soil|unspecified,455
Asia,Marginally acceptable conformity,Chloride|water|ground-,456
Asia,Nonconformity,"Chloride|water|ground-, long-term",457
Asia,Marginally acceptable conformity,Chloride|water|ocean,458
Asia,Nonconformity,Chloride|water|surface water,459
Asia,Nonconformity,Chloride|water|unspecified,460
Asia,Nonconformity,"Chlorides, unspecified|water|unspecified",461
Asia,Nonconformity,Chlorimuron-ethyl|air|non-urban air or from high stacks,462
Asia,Nonconformity,Chlorimuron-ethyl|soil|agricultural,463
Asia,Nonconformity,Chlorimuron-ethyl|soil|forestry,464
Asia,Nonconformity,Chlorimuron-ethyl|water|ground-,465
Asia,Nonconformity,Chlorimuron-ethyl|water|unspecified,466
Asia,Nonconformity,"Chlorinated solvents, unspecified|air|non-urban air or from high stacks",467
Asia,Marginally acceptable conformity,"Chlorinated solvents, unspecified|water|surface water",468
Asia,Nonconformity,"Chlorine|air|low population density, long-term",469
Asia,Marginally acceptable conformity,Chlorine|air|non-urban air or from high stacks,470
Asia,Nonconformity,Chlorine|air|unspecified,471
Asia,Nonconformity,Chlorine|air|urban air close to ground,472
Asia,Nonconformity,Chlorine|soil|unspecified,473
Asia,Nonconformity,Chlorine|water|ground-,474
Asia,Nonconformity,Chlorine|water|surface water,475
Asia,Acceptable conformity,Chlorine|water|unspecified,476
Asia,Nonconformity,Chlormequat|soil|agricultural,477
Asia,Nonconformity,Chloroacetic acid|air|urban air close to ground,478
Asia,Nonconformity,Chloroacetic acid|water|surface water,479
Asia,Marginally acceptable conformity,Chloroacetyl chloride|water|surface water,480
Asia,Nonconformity,Chlorodifluoromethane|air|non-urban air or from high stacks,481
Asia,Marginally acceptable conformity,Chlorodifluoromethane|air|unspecified,482
Asia,Nonconformity,Chlorodifluoromethane|air|urban air close to ground,483
Asia,Nonconformity,Chloroform|air|non-urban air or from high stacks,484
Asia,Nonconformity,Chloroform|air|unspecified,485
Asia,Nonconformity,Chloroform|air|urban air close to ground,486
Asia,Marginally acceptable conformity,Chloroform|water|surface water,487
Asia,Nonconformity,Chloroform|water|unspecified,488
Asia,Nonconformity,Chloropicrin|soil|agricultural,489
Asia,Marginally acceptable conformity,Chlorosulfonic acid|air|unspecified,490
Asia,Acceptable conformity,Chlorosulfonic acid|air|urban air close to ground,491
Asia,Acceptable conformity,Chlorosulfonic acid|water|surface water,492
Asia,Nonconformity,Chlorothalonil|soil|agricultural,493
Asia,Nonconformity,Chlorotoluron|soil|agricultural,494
Asia,Nonconformity,Chlorpyrifos|air|non-urban air or from high stacks,496
Asia,Nonconformity,Chlorpyrifos|soil|agricultural,497
Asia,Nonconformity,Chlorpyrifos|soil|forestry,498
Asia,Nonconformity,Chlorpyrifos|water|ground-,499
Asia,Nonconformity,Chlorpyrifos|water|unspecified,500
Asia,Nonconformity,Chlorpyrifos methyl|soil|agricultural,495
Asia,Nonconformity,Chlorsulfuron|soil|agricultural,501
Asia,Nonconformity,Choline chloride|soil|agricultural,502
Asia,Marginally acceptable conformity,Chromium|natural resource|in ground,527
Asia,Acceptable conformity,"Chromium III|air|low population density, long-term",505
Asia,Nonconformity,Chromium III|air|lower stratosphere + upper troposphere,506
Asia,Acceptable conformity,Chromium III|air|non-urban air or from high stacks,507
Asia,Nonconformity,Chromium III|air|unspecified,508
Asia,Nonconformity,Chromium III|air|urban air close to ground,509
Asia,Nonconformity,Chromium III|soil|agricultural,510
Asia,Nonconformity,Chromium III|soil|forestry,511
Asia,Nonconformity,Chromium III|soil|industrial,512
Asia,Nonconformity,Chromium III|soil|unspecified,513
Asia,Nonconformity,Chromium III|water|ground-,514
Asia,Nonconformity,Chromium III|water|ocean,515
Asia,Nonconformity,Chromium III|water|surface water,516
Asia,Nonconformity,Chromium III|water|unspecified,517
Asia,Nonconformity,"Chromium VI|air|low population density, long-term",518
Asia,Nonconformity,Chromium VI|air|non-urban air or from high stacks,519
Asia,Nonconformity,Chromium VI|air|unspecified,520
Asia,Nonconformity,Chromium VI|air|urban air close to ground,521
Asia,Nonconformity,Chromium VI|soil|unspecified,522
Asia,Marginally acceptable conformity,Chromium VI|water|ground-,523
Asia,Nonconformity,"Chromium VI|water|ground-, long-term",524
Asia,Nonconformity,Chromium VI|water|surface water,525
Asia,Nonconformity,Chromium VI|water|unspecified,526
Asia,Nonconformity,Chromium-51|air|non-urban air or from high stacks,503
Asia,Nonconformity,Chromium-51|water|surface water,504
Asia,Nonconformity,Chrysene|air|non-urban air or from high stacks,528
Asia,Nonconformity,Chrysene|air|unspecified,529
Asia,Nonconformity,Chrysotile|natural resource|in ground,530
Asia,Nonconformity,Cinidon-ethyl|soil|agricultural,531
Asia,Marginally acceptable conformity,"Clay, bentonite|natural resource|in ground",532
Asia,Nonconformity,Clethodim|air|non-urban air or from high stacks,533
Asia,Nonconformity,Clethodim|soil|agricultural,534
Asia,Nonconformity,Clethodim|soil|forestry,535
Asia,Nonconformity,Clethodim|water|unspecified,536
Asia,Nonconformity,Clodinafop-propargyl|air|non-urban air or from high stacks,537
Asia,Nonconformity,Clodinafop-propargyl|soil|agricultural,538
Asia,Nonconformity,Clodinafop-propargyl|water|surface water,539
Asia,Nonconformity,Clomazone|soil|agricultural,540
Asia,Nonconformity,Clopyralid|air|non-urban air or from high stacks,541
Asia,Nonconformity,Clopyralid|soil|agricultural,542
Asia,Nonconformity,Cloquintocet-mexyl|air|non-urban air or from high stacks,543
Asia,Nonconformity,Cloquintocet-mexyl|soil|agricultural,544
Asia,Nonconformity,Cloquintocet-mexyl|water|surface water,545
Asia,Nonconformity,Cloransulam-methyl|soil|agricultural,546
Asia,Nonconformity,Clothianidin|soil|agricultural,547
Asia,Nonconformity,"Coal, brown|natural resource|in ground",548
Asia,Nonconformity,"Coal, hard|natural resource|in ground",549
Asia,Nonconformity,"Cobalt II|air|low population density, long-term",555
Asia,Nonconformity,Cobalt II|air|non-urban air or from high stacks,556
Asia,Nonconformity,Cobalt II|air|unspecified,557
Asia,Marginally acceptable conformity,Cobalt II|air|urban air close to ground,558
Asia,Nonconformity,Cobalt II|soil|agricultural,559
Asia,Nonconformity,Cobalt II|soil|industrial,560
Asia,Nonconformity,Cobalt II|soil|unspecified,561
Asia,Nonconformity,Cobalt II|water|ground-,562
Asia,Nonconformity,"Cobalt II|water|ground-, long-term",563
Asia,Marginally acceptable conformity,Cobalt II|water|ocean,564
Asia,Nonconformity,Cobalt II|water|surface water,565
Asia,Nonconformity,Cobalt II|water|unspecified,566
Asia,Nonconformity,Cobalt-57|water|surface water,550
Asia,Acceptable conformity,Cobalt-58|air|non-urban air or from high stacks,551
Asia,Nonconformity,Cobalt-58|water|surface water,552
Asia,Nonconformity,Cobalt-60|air|non-urban air or from high stacks,553
Asia,Nonconformity,Cobalt-60|water|surface water,554
Asia,Marginally acceptable conformity,Copper|natural resource|in ground,590
Asia,Nonconformity,"Copper ion|air|low population density, long-term",572
Asia,Nonconformity,Copper ion|air|lower stratosphere + upper troposphere,573
Asia,Acceptable conformity,Copper ion|air|non-urban air or from high stacks,574
Asia,Acceptable conformity,Copper ion|air|unspecified,575
Asia,Nonconformity,Copper ion|air|urban air close to ground,576
Asia,Nonconformity,Copper ion|soil|agricultural,577
Asia,Nonconformity,Copper ion|soil|industrial,578
Asia,Nonconformity,Copper ion|soil|unspecified,579
Asia,Nonconformity,Copper ion|water|ground-,580
Asia,Nonconformity,"Copper ion|water|ground-, long-term",581
Asia,Nonconformity,Copper ion|water|ocean,582
Asia,Nonconformity,Copper ion|water|surface water,583
Asia,Nonconformity,Copper ion|water|unspecified,584
Asia,Nonconformity,Copper oxide|soil|agricultural,585
Asia,Nonconformity,Copper oxychloride|air|non-urban air or from high stacks,586
Asia,Nonconformity,Copper oxychloride|soil|agricultural,587
Asia,Nonconformity,Copper oxychloride|soil|forestry,588
Asia,Nonconformity,Copper oxychloride|water|unspecified,589
Asia,Nonconformity,Cu-HDO|water|unspecified,591
Asia,Nonconformity,Cumene|air|non-urban air or from high stacks,592
Asia,Nonconformity,Cumene|air|unspecified,593
Asia,Nonconformity,Cumene|water|unspecified,594
Asia,Nonconformity,Cupric chloride dihydrate|soil|agricultural,595
Asia,Nonconformity,Cupric hydroxide|soil|agricultural,596
Asia,Nonconformity,Cyanide|air|non-urban air or from high stacks,597
Asia,Nonconformity,Cyanide|air|unspecified,598
Asia,Nonconformity,Cyanide|air|urban air close to ground,599
Asia,Marginally acceptable conformity,Cyanide|water|ocean,600
Asia,Nonconformity,Cyanide|water|surface water,601
Asia,Nonconformity,Cyanide|water|unspecified,602
Asia,Acceptable conformity,Cyanoacetic acid|air|urban air close to ground,603
Asia,Nonconformity,Cyazofamid|soil|agricultural,604
Asia,Acceptable conformity,Cyclohexane|air|urban air close to ground,605
Asia,Acceptable conformity,Cyclohexane|water|unspecified,606
Asia,Marginally acceptable conformity,Cyhalothrin|soil|agricultural,607
Asia,Nonconformity,Cymoxanil|soil|agricultural,608
Asia,Nonconformity,Cypermethrin|air|non-urban air or from high stacks,609
Asia,Nonconformity,Cypermethrin|soil|agricultural,610
Asia,Nonconformity,Cypermethrin|soil|forestry,611
Asia,Nonconformity,Cypermethrin|water|ground-,612
Asia,Nonconformity,Cypermethrin|water|unspecified,613
Asia,Nonconformity,Cyproconazole|air|non-urban air or from high stacks,614
Asia,Nonconformity,Cyproconazole|soil|agricultural,615
Asia,Nonconformity,Cyproconazole|soil|forestry,616
Asia,Nonconformity,Cyproconazole|water|ground-,617
Asia,Nonconformity,Cyproconazole|water|unspecified,618
Asia,Nonconformity,Cyprodinil|soil|agricultural,619
Asia,Nonconformity,"DOC, Dissolved Organic Carbon|water|ground-",707
Asia,Nonconformity,"DOC, Dissolved Organic Carbon|water|ground-, long-term",708
Asia,Acceptable conformity,"DOC, Dissolved Organic Carbon|water|ocean",709
Asia,Nonconformity,"DOC, Dissolved Organic Carbon|water|surface water",710
Asia,Nonconformity,"DOC, Dissolved Organic Carbon|water|unspecified",711
Asia,Nonconformity,Decanoic acid|water|unspecified,620
Asia,Marginally acceptable conformity,Deltamethrin|soil|agricultural,621
Asia,Nonconformity,Desmedipham|soil|agricultural,622
Asia,Nonconformity,Diafenthiuron|soil|agricultural,623
Asia,Marginally acceptable conformity,Diatomite|natural resource|in ground,624
Asia,Nonconformity,Diazinon|soil|agricultural,625
Asia,Nonconformity,"Dibenz(a,h)anthracene|air|non-urban air or from high stacks",626
Asia,Nonconformity,"Dibenz(a,h)anthracene|air|unspecified",627
Asia,Nonconformity,"Dibenz(a,h)anthracene|water|surface water",628
Asia,Nonconformity,Dibutyltin|water|ocean,629
Asia,Nonconformity,Dicamba|soil|agricultural,630
Asia,Nonconformity,Dicamba|water|surface water,631
Asia,Nonconformity,Dichlorodifluoromethane|air|urban air close to ground,632
Asia,Nonconformity,Dichlorofluoromethane|air|urban air close to ground,633
Asia,Nonconformity,Dichloromethane|air|non-urban air or from high stacks,634
Asia,Nonconformity,Dichloromethane|air|unspecified,635
Asia,Nonconformity,Dichloromethane|air|urban air close to ground,636
Asia,Close conformity,Dichloromethane|water|surface water,637
Asia,Nonconformity,Dichlorprop|air|non-urban air or from high stacks,639
Asia,Nonconformity,Dichlorprop|soil|agricultural,640
Asia,Nonconformity,Dichlorprop|water|ground-,641
Asia,Nonconformity,Dichlorprop|water|surface water,642
Asia,Nonconformity,Dichlorprop-P|soil|agricultural,638
Asia,Nonconformity,Dichlorvos|soil|agricultural,643
Asia,Nonconformity,Dichromate|water|unspecified,644
Asia,Nonconformity,Diclofop|soil|agricultural,646
Asia,Nonconformity,Diclofop-methyl|soil|agricultural,645
Asia,Nonconformity,Diethanolamine|water|unspecified,647
Asia,Nonconformity,Diethyl ether|air|urban air close to ground,648
Asia,Nonconformity,Diethylamine|air|urban air close to ground,649
Asia,Marginally acceptable conformity,Diethylamine|water|surface water,650
Asia,Nonconformity,Diethylene glycol|air|urban air close to ground,651
Asia,Nonconformity,Difenoconazole|air|non-urban air or from high stacks,652
Asia,Nonconformity,Difenoconazole|soil|agricultural,653
Asia,Nonconformity,Difenoconazole|soil|forestry,654
Asia,Nonconformity,Difenoconazole|water|ground-,655
Asia,Nonconformity,Difenoconazole|water|unspecified,656
Asia,Nonconformity,Diflubenzuron|air|non-urban air or from high stacks,657
Asia,Nonconformity,Diflubenzuron|soil|agricultural,658
Asia,Nonconformity,Diflubenzuron|soil|forestry,659
Asia,Nonconformity,Diflubenzuron|water|ground-,660
Asia,Nonconformity,Diflubenzuron|water|unspecified,661
Asia,Nonconformity,Diflufenican|soil|agricultural,662
Asia,Nonconformity,Diflufenzopyr-sodium|soil|agricultural,663
Asia,Nonconformity,Difluoromethane|air|unspecified,664
Asia,Nonconformity,Diisobutyl ketone|water|surface water,665
Asia,Marginally acceptable conformity,Dimethachlor|soil|agricultural,666
Asia,Nonconformity,Dimethenamid-P|soil|agricultural,667
Asia,Nonconformity,Dimethenamide|soil|agricultural,668
Asia,Nonconformity,Dimethenamide|water|surface water,669
Asia,Nonconformity,Dimethoate|soil|agricultural,670
Asia,Nonconformity,Dimethomorph|soil|agricultural,671
Asia,Marginally acceptable conformity,Dimethyl carbonate|air|unspecified,672
Asia,Nonconformity,Dimethyl ether|air|unspecified,673
Asia,Close conformity,Dimethyl malonate|air|urban air close to ground,674
Asia,Nonconformity,Dimethylamine|air|unspecified,675
Asia,Nonconformity,Dimethylamine|air|urban air close to ground,676
Asia,Marginally acceptable conformity,Dimethylamine|water|surface water,677
Asia,Nonconformity,"Dinitrogen monoxide|air|low population density, long-term",678
Asia,Nonconformity,Dinitrogen monoxide|air|non-urban air or from high stacks,679
Asia,Nonconformity,Dinitrogen monoxide|air|unspecified,680
Asia,Nonconformity,Dinitrogen monoxide|air|urban air close to ground,681
Asia,Nonconformity,"Dioxins, measured as 2,3,7,8-tetrachlorodibenzo-p-dioxin|air|low population density, long-term",682
Asia,Nonconformity,"Dioxins, measured as 2,3,7,8-tetrachlorodibenzo-p-dioxin|air|non-urban air or from high stacks",683
Asia,Nonconformity,"Dioxins, measured as 2,3,7,8-tetrachlorodibenzo-p-dioxin|air|unspecified",684
Asia,Nonconformity,"Dioxins, measured as 2,3,7,8-tetrachlorodibenzo-p-dioxin|air|urban air close to ground",685
Asia,Marginally acceptable conformity,"Dioxins, measured as 2,3,7,8-tetrachlorodibenzo-p-dioxin|soil|industrial",686
Asia,Nonconformity,"Dioxins, measured as 2,3,7,8-tetrachlorodibenzo-p-dioxin|soil|unspecified",687
Asia,Nonconformity,"Dioxins, measured as 2,3,7,8-tetrachlorodibenzo-p-dioxin|water|unspecified",688
Asia,Acceptable conformity,Diphenyltin|water|ocean,689
Asia,Acceptable conformity,Dipropyl amine|air|urban air close to ground,690
Asia,Nonconformity,Dipropyl amine|water|surface water,691
Asia,Nonconformity,Diquat|soil|agricultural,697
Asia,Nonconformity,Diquat dibromide|air|non-urban air or from high stacks,692
Asia,Nonconformity,Diquat dibromide|soil|agricultural,693
Asia,Nonconformity,Diquat dibromide|soil|forestry,694
Asia,Nonconformity,Diquat dibromide|water|ground-,695
Asia,Nonconformity,Diquat dibromide|water|unspecified,696
Asia,Marginally acceptable conformity,"Discarded fish, demersal, to ocean|water|ocean",698
Asia,Nonconformity,"Discarded fish, pelagic, to ocean|water|ocean",699
Asia,Nonconformity,Dissolved solids|water|ground-,700
Asia,Nonconformity,Dissolved solids|water|surface water,701
Asia,Nonconformity,Dithianon|soil|agricultural,702
Asia,Nonconformity,Diuron|air|non-urban air or from high stacks,703
Asia,Nonconformity,Diuron|soil|agricultural,704
Asia,Nonconformity,Diuron|soil|forestry,705
Asia,Nonconformity,Diuron|water|unspecified,706
Asia,Nonconformity,Dodecanol|water|unspecified,712
Asia,Nonconformity,Dolomite|natural resource|in ground,713
Asia,Nonconformity,Dysprosium|natural resource|in ground,714
Asia,Nonconformity,"EDTA, Ethylenediaminetetraacetic Acid|water|unspecified",715
Asia,Nonconformity,EPTC|soil|agricultural,733
Asia,Nonconformity,Emamectin benzoate|soil|agricultural,716
Asia,Nonconformity,Emamectin benzoate|soil|forestry,717
Asia,Nonconformity,Emamectin benzoate|water|ground-,718
Asia,Nonconformity,Emamectin benzoate|water|unspecified,719
Asia,Nonconformity,Endosulfan|soil|agricultural,720
Asia,Nonconformity,Endothall|soil|agricultural,721
Asia,Nonconformity,"Energy, geothermal, converted|natural resource|in ground",722
Asia,Nonconformity,"Energy, gross calorific value, in biomass|natural resource|biotic",724
Asia,Nonconformity,"Energy, gross calorific value, in biomass, primary forest|natural resource|biotic",723
Asia,Nonconformity,"Energy, kinetic (in wind), converted|natural resource|in air",725
Asia,Nonconformity,"Energy, potential (in hydropower reservoir), converted|natural resource|in water",726
Asia,Nonconformity,"Energy, solar, converted|natural resource|in air",727
Asia,Nonconformity,Epoxiconazole|air|non-urban air or from high stacks,728
Asia,Nonconformity,Epoxiconazole|soil|agricultural,729
Asia,Nonconformity,Epoxiconazole|soil|forestry,730
Asia,Nonconformity,Epoxiconazole|water|ground-,731
Asia,Nonconformity,Epoxiconazole|water|unspecified,732
Asia,Nonconformity,Erbium|natural resource|in ground,734
Asia,Nonconformity,Esfenvalerate|soil|agricultural,735
Asia,Nonconformity,Ethalfluralin|soil|agricultural,736
Asia,Nonconformity,Ethane|air|non-urban air or from high stacks,737
Asia,Acceptable conformity,Ethane|air|unspecified,738
Asia,Marginally acceptable conformity,Ethane|air|urban air close to ground,739
Asia,Nonconformity,Ethanol|air|non-urban air or from high stacks,740
Asia,Acceptable conformity,Ethanol|air|unspecified,741
Asia,Nonconformity,Ethanol|air|urban air close to ground,742
Asia,Nonconformity,Ethanol|water|surface water,743
Asia,Marginally acceptable conformity,Ethanol|water|unspecified,744
Asia,Nonconformity,Ethephon|air|non-urban air or from high stacks,745
Asia,Nonconformity,Ethephon|soil|agricultural,746
Asia,Nonconformity,Ethephon|water|ground-,747
Asia,Nonconformity,Ethephon|water|surface water,748
Asia,Marginally acceptable conformity,Ethofumesate|soil|agricultural,749
Asia,Nonconformity,Ethoprop|soil|agricultural,750
Asia,Acceptable conformity,Ethyl acetate|air|urban air close to ground,751
Asia,Nonconformity,Ethyl acetate|water|surface water,752
Asia,Nonconformity,Ethyl benzene|air|non-urban air or from high stacks,753
Asia,Nonconformity,Ethyl benzene|air|unspecified,754
Asia,Nonconformity,Ethyl benzene|air|urban air close to ground,755
Asia,Nonconformity,Ethyl benzene|water|ocean,756
Asia,Acceptable conformity,Ethyl benzene|water|surface water,757
Asia,Nonconformity,Ethyl cellulose|air|urban air close to ground,758
Asia,Acceptable conformity,Ethylamine|air|urban air close to ground,759
Asia,Nonconformity,Ethylamine|water|surface water,760
Asia,Nonconformity,Ethylene|air|non-urban air or from high stacks,774
Asia,Nonconformity,Ethylene|air|urban air close to ground,775
Asia,Nonconformity,Ethylene|water|surface water,776
Asia,Nonconformity,Ethylene carbonate|water|unspecified,761
Asia,Nonconformity,Ethylene diamine|air|urban air close to ground,762
Asia,Nonconformity,Ethylene diamine|water|surface water,763
Asia,Nonconformity,Ethylene dichloride|air|non-urban air or from high stacks,764
Asia,Nonconformity,Ethylene dichloride|air|unspecified,765
Asia,Acceptable conformity,Ethylene dichloride|air|urban air close to ground,766
Asia,Nonconformity,Ethylene dichloride|water|surface water,767
Asia,Nonconformity,Ethylene dichloride|water|unspecified,768
Asia,Acceptable conformity,Ethylene oxide|air|unspecified,769
Asia,Marginally acceptable conformity,Ethylene oxide|air|urban air close to ground,770
Asia,Nonconformity,Ethylene oxide|water|ground-,771
Asia,Marginally acceptable conformity,Ethylene oxide|water|surface water,772
Asia,Nonconformity,Ethylene oxide|water|unspecified,773
Asia,Nonconformity,Europium|natural resource|in ground,777
Asia,Nonconformity,Famoxadone|soil|agricultural,778
Asia,Nonconformity,Feldspar|natural resource|in ground,779
Asia,Nonconformity,Fenbuconazole|soil|agricultural,780
Asia,Nonconformity,Fenoxaprop|soil|agricultural,783
Asia,Nonconformity,Fenoxaprop ethyl ester|soil|agricultural,782
Asia,Nonconformity,Fenoxaprop-P ethyl ester|soil|agricultural,781
Asia,Nonconformity,Fenpiclonil|soil|agricultural,784
Asia,Nonconformity,Fenpropidin|soil|agricultural,785
Asia,Nonconformity,Fenpropimorph|soil|agricultural,786
Asia,Nonconformity,Fentin hydroxide|soil|agricultural,787
Asia,Nonconformity,Fipronil|air|non-urban air or from high stacks,788
Asia,Nonconformity,Fipronil|soil|agricultural,789
Asia,Nonconformity,Fipronil|soil|forestry,790
Asia,Nonconformity,Fipronil|water|ground-,791
Asia,Nonconformity,Fipronil|water|unspecified,792
Asia,Marginally acceptable conformity,"Fish, demersal, in ocean|natural resource|biotic",793
Asia,Nonconformity,"Fish, pelagic, in ocean|natural resource|biotic",794
Asia,Nonconformity,Flonicamid|soil|agricultural,795
Asia,Nonconformity,Florasulam|soil|agricultural,796
Asia,Nonconformity,Fluazifop-P-butyl|soil|agricultural,797
Asia,Nonconformity,Fluazinam|air|non-urban air or from high stacks,798
Asia,Nonconformity,Fluazinam|soil|agricultural,799
Asia,Nonconformity,Fluazinam|soil|forestry,800
Asia,Nonconformity,Fluazinam|water|ground-,801
Asia,Nonconformity,Fluazinam|water|unspecified,802
Asia,Nonconformity,Flucarbazone sodium salt|soil|agricultural,803
Asia,Nonconformity,Fludioxonil|air|non-urban air or from high stacks,804
Asia,Nonconformity,Fludioxonil|soil|agricultural,805
Asia,Nonconformity,Fludioxonil|soil|forestry,806
Asia,Nonconformity,Fludioxonil|water|ground-,807
Asia,Nonconformity,Fludioxonil|water|unspecified,808
Asia,Nonconformity,Flufenacet|soil|agricultural,809
Asia,Nonconformity,Flumetsulam|soil|agricultural,810
Asia,Nonconformity,Flumiclorac-pentyl|soil|agricultural,811
Asia,Nonconformity,Flumioxazin|air|non-urban air or from high stacks,812
Asia,Acceptable conformity,Flumioxazin|soil|agricultural,813
Asia,Nonconformity,Flumioxazin|soil|forestry,814
Asia,Nonconformity,Flumioxazin|water|ground-,815
Asia,Nonconformity,Flumioxazin|water|unspecified,816
Asia,Nonconformity,Fluopyram|soil|agricultural,817
Asia,Nonconformity,Fluoranthene|air|non-urban air or from high stacks,818
Asia,Nonconformity,Fluoranthene|air|unspecified,819
Asia,Nonconformity,Fluoranthene|water|surface water,820
Asia,Nonconformity,Fluorene|air|non-urban air or from high stacks,821
Asia,Nonconformity,Fluorene|air|unspecified,822
Asia,Nonconformity,Fluorene|water|surface water,823
Asia,Marginally acceptable conformity,Fluoride|soil|industrial,824
Asia,Nonconformity,Fluoride|soil|unspecified,825
Asia,Nonconformity,Fluoride|water|ground-,826
Asia,Nonconformity,"Fluoride|water|ground-, long-term",827
Asia,Nonconformity,Fluoride|water|ocean,828
Asia,Nonconformity,Fluoride|water|surface water,829
Asia,Nonconformity,Fluoride|water|unspecified,830
Asia,Nonconformity,"Fluorine|air|low population density, long-term",831
Asia,Nonconformity,Fluorine|air|non-urban air or from high stacks,832
Asia,Nonconformity,Fluorine|air|unspecified,833
Asia,Nonconformity,Fluorine|air|urban air close to ground,834
Asia,Nonconformity,Fluorine|natural resource|in ground,835
Asia,Nonconformity,Fluorine|water|surface water,836
Asia,Marginally acceptable conformity,Fluorspar|natural resource|in ground,837
Asia,Nonconformity,Fluosilicic acid|air|urban air close to ground,838
Asia,Nonconformity,Fluosilicic acid|water|surface water,839
Asia,Nonconformity,Fluosilicic acid|water|unspecified,840
Asia,Nonconformity,Flupyrsulfuron-methyl|soil|agricultural,841
Asia,Nonconformity,Fluquinconazole|air|non-urban air or from high stacks,842
Asia,Nonconformity,Fluquinconazole|soil|agricultural,843
Asia,Nonconformity,Fluquinconazole|water|surface water,844
Asia,Nonconformity,Flurochloridone|soil|agricultural,845
Asia,Nonconformity,Fluroxypyr|air|non-urban air or from high stacks,846
Asia,Nonconformity,Fluroxypyr|soil|agricultural,847
Asia,Nonconformity,Fluroxypyr|water|surface water,848
Asia,Nonconformity,Flurtamone|soil|agricultural,849
Asia,Marginally acceptable conformity,Flusilazole|soil|agricultural,850
Asia,Nonconformity,Fluthiacet-methyl|soil|agricultural,851
Asia,Nonconformity,Flutolanil|soil|agricultural,852
Asia,Nonconformity,Fluxapyroxad|soil|agricultural,853
Asia,Nonconformity,Fluxapyroxad|soil|forestry,854
Asia,Nonconformity,Fluxapyroxad|water|ground-,855
Asia,Nonconformity,Fluxapyroxad|water|unspecified,856
Asia,Nonconformity,Fomesafen|soil|agricultural,857
Asia,Nonconformity,Foramsulfuron|soil|agricultural,858
Asia,Nonconformity,Formaldehyde|air|non-urban air or from high stacks,859
Asia,Nonconformity,Formaldehyde|air|unspecified,860
Asia,Nonconformity,Formaldehyde|air|urban air close to ground,861
Asia,Nonconformity,Formaldehyde|water|surface water,862
Asia,Nonconformity,Formaldehyde|water|unspecified,863
Asia,Nonconformity,Formamide|air|unspecified,864
Asia,Marginally acceptable conformity,Formamide|air|urban air close to ground,865
Asia,Nonconformity,Formamide|water|surface water,866
Asia,Nonconformity,Formate|water|surface water,867
Asia,Nonconformity,Formic acid|air|non-urban air or from high stacks,868
Asia,Nonconformity,Formic acid|air|urban air close to ground,869
Asia,Marginally acceptable conformity,Formic acid|water|surface water,870
Asia,Nonconformity,"Fungicides, unspecified|air|non-urban air or from high stacks",871
Asia,Nonconformity,"Fungicides, unspecified|soil|agricultural",872
Asia,Nonconformity,"Fungicides, unspecified|water|ocean",873
Asia,Nonconformity,"Fungicides, unspecified|water|surface water",874
Asia,Nonconformity,Furan|air|non-urban air or from high stacks,875
Asia,Nonconformity,Gadolinium|natural resource|in ground,876
Asia,Nonconformity,Gallium|natural resource|in ground,877
Asia,Nonconformity,Gamma-cyhalothrin|soil|agricultural,878
Asia,Nonconformity,Gangue|natural resource|in ground,879
Asia,Nonconformity,"Gas, mine, off-gas, process, coal mining|natural resource|in ground",880
Asia,Nonconformity,"Gas, natural|natural resource|in ground",881
Asia,Nonconformity,Gibberellic acid|air|non-urban air or from high stacks,882
Asia,Nonconformity,Gibberellic acid|soil|agricultural,883
Asia,Nonconformity,Gibberellic acid|soil|forestry,884
Asia,Nonconformity,Gibberellic acid|water|unspecified,885
Asia,Nonconformity,Glufosinate|soil|agricultural,887
Asia,Nonconformity,Glufosinate ammonium|soil|agricultural,886
Asia,Acceptable conformity,Glutaraldehyde|water|ocean,888
Asia,Nonconformity,Glyphosate|air|non-urban air or from high stacks,889
Asia,Nonconformity,Glyphosate|soil|agricultural,890
Asia,Marginally acceptable conformity,Glyphosate|soil|forestry,891
Asia,Nonconformity,Glyphosate|soil|industrial,892
Asia,Nonconformity,Glyphosate|water|ground-,893
Asia,Nonconformity,Glyphosate|water|surface water,894
Asia,Nonconformity,Glyphosate|water|unspecified,895
Asia,Nonconformity,Gold|natural resource|in ground,896
Asia,Nonconformity,Granite|natural resource|in ground,897
Asia,Marginally acceptable conformity,Graphite|natural resource|in ground,898
Asia,Nonconformity,Gypsum|natural resource|in ground,899
Asia,Nonconformity,Hafnium|natural resource|in ground,900
Asia,Nonconformity,Halosulfuron-methyl|soil|agricultural,901
Asia,Nonconformity,Haloxyfop-ethoxyethyl|air|non-urban air or from high stacks,902
Asia,Nonconformity,Haloxyfop-ethoxyethyl|water|ground-,903
Asia,Nonconformity,Haloxyfop-ethoxyethyl|water|unspecified,904
Asia,Nonconformity,Hazardous waste disposed|inventory indicator|waste,905
Asia,Nonconformity,"Heat, waste|air|non-urban air or from high stacks",906
Asia,Marginally acceptable conformity,"Heat, waste|air|unspecified",907
Asia,Nonconformity,"Heat, waste|air|urban air close to ground",908
Asia,Nonconformity,"Heat, waste|soil|agricultural",909
Asia,Marginally acceptable conformity,"Heat, waste|soil|industrial",910
Asia,Nonconformity,"Heat, waste|water|ground-, long-term",911
Asia,Nonconformity,"Heat, waste|water|surface water",912
Asia,Nonconformity,"Heat, waste|water|unspecified",913
Asia,Nonconformity,Helium|air|non-urban air or from high stacks,914
Asia,Acceptable conformity,Helium|air|unspecified,915
Asia,Nonconformity,Heptane|air|unspecified,916
Asia,Nonconformity,Heptane|air|urban air close to ground,917
Asia,Nonconformity,"Herbicides, unspecified|air|non-urban air or from high stacks",918
Asia,Nonconformity,"Herbicides, unspecified|soil|agricultural",919
Asia,Nonconformity,"Herbicides, unspecified|water|surface water",920
Asia,Nonconformity,Hexachlorobenzene|air|non-urban air or from high stacks,921
Asia,Nonconformity,Hexachlorobenzene|air|unspecified,922
Asia,Marginally acceptable conformity,Hexachlorobenzene|air|urban air close to ground,923
Asia,Nonconformity,Hexachlorobenzene|water|unspecified,924
Asia,Nonconformity,Hexafluoroethane|air|unspecified,925
Asia,Nonconformity,Hexafluoroethane|air|urban air close to ground,926
Asia,Nonconformity,Hexane|air|non-urban air or from high stacks,927
Asia,Nonconformity,Hexane|air|unspecified,928
Asia,Nonconformity,Hexane|air|urban air close to ground,929
Asia,Nonconformity,Holmium|natural resource|in ground,930
Asia,Nonconformity,"Hydrocarbons, aliphatic, alkanes, cyclic|air|non-urban air or from high stacks",931
Asia,Nonconformity,"Hydrocarbons, aliphatic, alkanes, cyclic|air|unspecified",932
Asia,Nonconformity,"Hydrocarbons, aliphatic, alkanes, cyclic|air|urban air close to ground",933
Asia,Nonconformity,"Hydrocarbons, aliphatic, alkanes, unspecified|air|non-urban air or from high stacks",934
Asia,Nonconformity,"Hydrocarbons, aliphatic, alkanes, unspecified|air|unspecified",935
Asia,Nonconformity,"Hydrocarbons, aliphatic, alkanes, unspecified|air|urban air close to ground",936
Asia,Nonconformity,"Hydrocarbons, aliphatic, alkanes, unspecified|water|ocean",937
Asia,Nonconformity,"Hydrocarbons, aliphatic, alkanes, unspecified|water|surface water",938
Asia,Nonconformity,"Hydrocarbons, aliphatic, unsaturated|air|non-urban air or from high stacks",939
Asia,Nonconformity,"Hydrocarbons, aliphatic, unsaturated|air|unspecified",940
Asia,Nonconformity,"Hydrocarbons, aliphatic, unsaturated|air|urban air close to ground",941
Asia,Nonconformity,"Hydrocarbons, aliphatic, unsaturated|water|ocean",942
Asia,Marginally acceptable conformity,"Hydrocarbons, aliphatic, unsaturated|water|surface water",943
Asia,Nonconformity,"Hydrocarbons, aliphatic, unsaturated|water|unspecified",944
Asia,Nonconformity,"Hydrocarbons, aromatic|air|non-urban air or from high stacks",945
Asia,Nonconformity,"Hydrocarbons, aromatic|air|unspecified",946
Asia,Nonconformity,"Hydrocarbons, aromatic|air|urban air close to ground",947
Asia,Marginally acceptable conformity,"Hydrocarbons, aromatic|water|ocean",948
Asia,Nonconformity,"Hydrocarbons, aromatic|water|surface water",949
Asia,Nonconformity,"Hydrocarbons, chlorinated|air|non-urban air or from high stacks",950
Asia,Nonconformity,"Hydrocarbons, chlorinated|air|unspecified",951
Asia,Marginally acceptable conformity,"Hydrocarbons, chlorinated|air|urban air close to ground",952
Asia,Nonconformity,"Hydrocarbons, unspecified|soil|unspecified",953
Asia,Nonconformity,"Hydrocarbons, unspecified|water|ocean",954
Asia,Nonconformity,"Hydrocarbons, unspecified|water|surface water",955
Asia,Nonconformity,"Hydrocarbons, unspecified|water|unspecified",956
Asia,Marginally acceptable conformity,"Hydrochloric acid|air|low population density, long-term",957
Asia,Nonconformity,Hydrochloric acid|air|non-urban air or from high stacks,958
Asia,Nonconformity,Hydrochloric acid|air|unspecified,959
Asia,Nonconformity,Hydrochloric acid|air|urban air close to ground,960
Asia,Nonconformity,Hydrochloric acid|water|unspecified,961
Asia,Nonconformity,Hydrogen|air|urban air close to ground,974
Asia,Nonconformity,Hydrogen|water|surface water,975
Asia,Nonconformity,"Hydrogen fluoride|air|low population density, long-term",962
Asia,Nonconformity,Hydrogen fluoride|air|non-urban air or from high stacks,963
Asia,Nonconformity,Hydrogen fluoride|air|unspecified,964
Asia,Nonconformity,Hydrogen fluoride|air|urban air close to ground,965
Asia,Nonconformity,Hydrogen peroxide|air|urban air close to ground,966
Asia,Nonconformity,Hydrogen peroxide|water|unspecified,967
Asia,Nonconformity,Hydrogen sulfide|air|non-urban air or from high stacks,968
Asia,Nonconformity,Hydrogen sulfide|air|unspecified,969
Asia,Nonconformity,Hydrogen sulfide|air|urban air close to ground,970
Asia,Nonconformity,Hydrogen sulfide|water|ground-,971
Asia,Nonconformity,"Hydrogen sulfide|water|ground-, long-term",972
Asia,Nonconformity,Hydrogen sulfide|water|surface water,973
Asia,Acceptable conformity,Hydroxide|water|surface water,976
Asia,Nonconformity,Hydroxide|water|unspecified,977
Asia,Nonconformity,Hypochlorite|water|ocean,978
Asia,Nonconformity,Hypochlorite|water|surface water,979
Asia,Nonconformity,Imazamox|soil|agricultural,980
Asia,Nonconformity,Imazapyr|soil|agricultural,981
Asia,Nonconformity,Imazethapyr|air|non-urban air or from high stacks,982
Asia,Nonconformity,Imazethapyr|soil|agricultural,983
Asia,Nonconformity,Imazethapyr|soil|forestry,984
Asia,Nonconformity,Imazethapyr|water|unspecified,985
Asia,Nonconformity,Imidacloprid|air|non-urban air or from high stacks,986
Asia,Nonconformity,Imidacloprid|soil|agricultural,987
Asia,Nonconformity,Imidacloprid|soil|forestry,988
Asia,Nonconformity,Imidacloprid|water|ground-,989
Asia,Nonconformity,Imidacloprid|water|unspecified,990
Asia,Nonconformity,"Indeno(1,2,3-cd)pyrene|air|non-urban air or from high stacks",991
Asia,Nonconformity,"Indeno(1,2,3-cd)pyrene|air|unspecified",992
Asia,Nonconformity,"Indeno(1,2,3-cd)pyrene|water|surface water",993
Asia,Nonconformity,Indium|natural resource|in ground,994
Asia,Nonconformity,Indoxacarb|air|non-urban air or from high stacks,995
Asia,Nonconformity,Indoxacarb|soil|agricultural,996
Asia,Nonconformity,Indoxacarb|soil|forestry,997
Asia,Nonconformity,Iodide|soil|industrial,998
Asia,Nonconformity,Iodide|water|ground-,999
Asia,Nonconformity,"Iodide|water|ground-, long-term",1000
Asia,Nonconformity,Iodide|water|ocean,1001
Asia,Acceptable conformity,Iodide|water|surface water,1002
Asia,Nonconformity,"Iodine|air|low population density, long-term",1008
Asia,Nonconformity,Iodine|air|non-urban air or from high stacks,1009
Asia,Nonconformity,Iodine|air|unspecified,1010
Asia,Nonconformity,Iodine|air|urban air close to ground,1011
Asia,Marginally acceptable conformity,Iodine|natural resource|in water,1012
Asia,Nonconformity,Iodine|water|surface water,1013
Asia,Nonconformity,Iodine-129|air|non-urban air or from high stacks,1003
Asia,Nonconformity,Iodine-131|air|non-urban air or from high stacks,1004
Asia,Nonconformity,Iodine-131|water|surface water,1005
Asia,Marginally acceptable conformity,Iodine-133|air|non-urban air or from high stacks,1006
Asia,Nonconformity,Iodine-133|water|surface water,1007
Asia,Nonconformity,Iodosulfuron|soil|agricultural,1015
Asia,Nonconformity,Iodosulfuron-methyl-sodium|soil|agricultural,1014
Asia,Nonconformity,Ioxynil|soil|agricultural,1016
Asia,Nonconformity,Iprodione|soil|agricultural,1017
Asia,Nonconformity,Iron|natural resource|in ground,1031
Asia,Acceptable conformity,"Iron ion|air|low population density, long-term",1019
Asia,Marginally acceptable conformity,Iron ion|air|non-urban air or from high stacks,1020
Asia,Nonconformity,Iron ion|air|unspecified,1021
Asia,Marginally acceptable conformity,Iron ion|air|urban air close to ground,1022
Asia,Nonconformity,Iron ion|soil|agricultural,1023
Asia,Marginally acceptable conformity,Iron ion|soil|industrial,1024
Asia,Nonconformity,Iron ion|soil|unspecified,1025
Asia,Nonconformity,Iron ion|water|ground-,1026
Asia,Nonconformity,"Iron ion|water|ground-, long-term",1027
Asia,Acceptable conformity,Iron ion|water|ocean,1028
Asia,Nonconformity,Iron ion|water|surface water,1029
Asia,Nonconformity,Iron ion|water|unspecified,1030
Asia,Nonconformity,Iron-59|water|surface water,1018
Asia,Nonconformity,Isobutanol|air|urban air close to ground,1032
Asia,Marginally acceptable conformity,Isobutanol|water|surface water,1033
Asia,Nonconformity,Isocyanic acid|air|urban air close to ground,1034
Asia,Nonconformity,Isohexane|air|urban air close to ground,1035
Asia,Nonconformity,Isohexane|water|surface water,1036
Asia,Nonconformity,Isoprene|air|non-urban air or from high stacks,1037
Asia,Nonconformity,Isopropanol|air|non-urban air or from high stacks,1038
Asia,Nonconformity,Isopropanol|air|urban air close to ground,1039
Asia,Marginally acceptable conformity,Isopropanol|water|surface water,1040
Asia,Nonconformity,Isopropanol|water|unspecified,1041
Asia,Nonconformity,Isopropylamine|air|urban air close to ground,1042
Asia,Nonconformity,Isopropylamine|water|surface water,1043
Asia,Nonconformity,Isoproturon|soil|agricultural,1044
Asia,Nonconformity,Kaolinite|natural resource|in ground,1045
Asia,Nonconformity,Ketene|air|unspecified,1046
Asia,Nonconformity,Kieserite|natural resource|in ground,1047
Asia,Nonconformity,Kresoxim-methyl|soil|agricultural,1048
Asia,Acceptable conformity,Krypton|natural resource|in air,1054
Asia,Nonconformity,Krypton-85|air|non-urban air or from high stacks,1049
Asia,Nonconformity,Krypton-85m|air|non-urban air or from high stacks,1050
Asia,Nonconformity,Krypton-87|air|non-urban air or from high stacks,1051
Asia,Nonconformity,Krypton-88|air|non-urban air or from high stacks,1052
Asia,Nonconformity,Krypton-89|air|non-urban air or from high stacks,1053
Asia,Nonconformity,Lactic acid|air|urban air close to ground,1055
Asia,Nonconformity,Lactic acid|water|surface water,1056
Asia,Nonconformity,Lactofen|soil|agricultural,1057
Asia,Nonconformity,Lambda-cyhalothrin|air|non-urban air or from high stacks,1058
Asia,Nonconformity,Lambda-cyhalothrin|soil|agricultural,1059
Asia,Nonconformity,Lambda-cyhalothrin|soil|forestry,1060
Asia,Nonconformity,Lambda-cyhalothrin|water|ground-,1061
Asia,Nonconformity,Lambda-cyhalothrin|water|surface water,1062
Asia,Nonconformity,Lambda-cyhalothrin|water|unspecified,1063
Asia,Nonconformity,Lanthanum|natural resource|in ground,1066
Asia,Nonconformity,Lanthanum-140|air|non-urban air or from high stacks,1064
Asia,Nonconformity,Lanthanum-140|water|surface water,1065
Asia,Nonconformity,Laterite|natural resource|in ground,1067
Asia,Nonconformity,Lauric acid|air|unspecified,1068
Asia,Marginally acceptable conformity,Lauric acid|water|unspecified,1069
Asia,Marginally acceptable conformity,Lead|natural resource|in ground,1090
Asia,Nonconformity,"Lead II|air|low population density, long-term",1076
Asia,Marginally acceptable conformity,Lead II|air|lower stratosphere + upper troposphere,1077
Asia,Nonconformity,Lead II|air|non-urban air or from high stacks,1078
Asia,Nonconformity,Lead II|air|unspecified,1079
Asia,Nonconformity,Lead II|air|urban air close to ground,1080
Asia,Nonconformity,Lead II|soil|agricultural,1081
Asia,Nonconformity,Lead II|soil|forestry,1082
Asia,Nonconformity,Lead II|soil|industrial,1083
Asia,Acceptable conformity,Lead II|soil|unspecified,1084
Asia,Acceptable conformity,Lead II|water|ground-,1085
Asia,Nonconformity,"Lead II|water|ground-, long-term",1086
Asia,Nonconformity,Lead II|water|ocean,1087
Asia,Nonconformity,Lead II|water|surface water,1088
Asia,Nonconformity,Lead II|water|unspecified,1089
Asia,Nonconformity,Lead-210|air|non-urban air or from high stacks,1070
Asia,Nonconformity,Lead-210|air|unspecified,1071
Asia,Nonconformity,Lead-210|air|urban air close to ground,1072
Asia,Nonconformity,Lead-210|water|ground-,1073
Asia,Acceptable conformity,Lead-210|water|ocean,1074
Asia,Marginally acceptable conformity,Lead-210|water|surface water,1075
Asia,Marginally acceptable conformity,Lenacil|soil|agricultural,1091
Asia,Nonconformity,Linuron|soil|agricultural,1092
Asia,Nonconformity,Lithium|natural resource|in ground,1098
Asia,Nonconformity,Lithium I|air|urban air close to ground,1093
Asia,Nonconformity,Lithium I|soil|unspecified,1094
Asia,Nonconformity,Lithium I|water|ground-,1095
Asia,Nonconformity,Lithium I|water|ocean,1096
Asia,Acceptable conformity,Lithium I|water|surface water,1097
Asia,Nonconformity,Lufenuron|soil|agricultural,1099
Asia,Nonconformity,Lufenuron|soil|forestry,1100
Asia,Nonconformity,Lutetium|natural resource|in ground,1101
Asia,Nonconformity,MCPA|air|non-urban air or from high stacks,1143
Asia,Nonconformity,MCPA|soil|agricultural,1144
Asia,Nonconformity,MCPA|water|ground-,1145
Asia,Nonconformity,MCPA|water|surface water,1146
Asia,Nonconformity,MCPB|air|non-urban air or from high stacks,1147
Asia,Nonconformity,MCPB|soil|agricultural,1148
Asia,Nonconformity,MCPB|water|ground-,1149
Asia,Nonconformity,MCPB|water|surface water,1150
Asia,Nonconformity,Magnesite|natural resource|in ground,1106
Asia,Acceptable conformity,"Magnesium|air|low population density, long-term",1107
Asia,Nonconformity,Magnesium|air|non-urban air or from high stacks,1108
Asia,Nonconformity,Magnesium|air|unspecified,1109
Asia,Nonconformity,Magnesium|air|urban air close to ground,1110
Asia,Nonconformity,Magnesium|natural resource|in ground,1111
Asia,Nonconformity,Magnesium|soil|agricultural,1112
Asia,Nonconformity,Magnesium|soil|industrial,1113
Asia,Nonconformity,Magnesium|soil|unspecified,1114
Asia,Nonconformity,Magnesium|water|ground-,1115
Asia,Nonconformity,"Magnesium|water|ground-, long-term",1116
Asia,Marginally acceptable conformity,Magnesium|water|ocean,1117
Asia,Acceptable conformity,Magnesium|water|surface water,1118
Asia,Nonconformity,Malathion|soil|agricultural,1119
Asia,Nonconformity,Maleic anhydride|water|unspecified,1120
Asia,Nonconformity,Mancozeb|air|non-urban air or from high stacks,1121
Asia,Nonconformity,Mancozeb|soil|agricultural,1122
Asia,Nonconformity,Mancozeb|soil|forestry,1123
Asia,Nonconformity,Mancozeb|water|ground-,1124
Asia,Nonconformity,Mancozeb|water|unspecified,1125
Asia,Nonconformity,Mandipropamid|soil|agricultural,1126
Asia,Nonconformity,Maneb|soil|agricultural,1127
Asia,Nonconformity,Manganese|natural resource|in ground,1142
Asia,Nonconformity,"Manganese II|air|low population density, long-term",1130
Asia,Nonconformity,Manganese II|air|non-urban air or from high stacks,1131
Asia,Nonconformity,Manganese II|air|unspecified,1132
Asia,Nonconformity,Manganese II|air|urban air close to ground,1133
Asia,Marginally acceptable conformity,Manganese II|soil|agricultural,1134
Asia,Acceptable conformity,Manganese II|soil|industrial,1135
Asia,Nonconformity,Manganese II|soil|unspecified,1136
Asia,Nonconformity,Manganese II|water|ground-,1137
Asia,Nonconformity,"Manganese II|water|ground-, long-term",1138
Asia,Marginally acceptable conformity,Manganese II|water|ocean,1139
Asia,Nonconformity,Manganese II|water|surface water,1140
Asia,Acceptable conformity,Manganese II|water|unspecified,1141
Asia,Nonconformity,Manganese-54|air|non-urban air or from high stacks,1128
Asia,Nonconformity,Manganese-54|water|surface water,1129
Asia,Nonconformity,Mecoprop|soil|agricultural,1152
Asia,Nonconformity,Mecoprop-P|soil|agricultural,1151
Asia,Nonconformity,Mefenpyr|soil|agricultural,1154
Asia,Marginally acceptable conformity,Mefenpyr-diethyl|soil|agricultural,1153
Asia,Nonconformity,Mefentrifluconazole|soil|agricultural,1155
Asia,Nonconformity,Mepiquat chloride|soil|agricultural,1156
Asia,Marginally acceptable conformity,Mercury|natural resource|in ground,1170
Asia,Nonconformity,"Mercury II|air|low population density, long-term",1157
Asia,Nonconformity,Mercury II|air|lower stratosphere + upper troposphere,1158
Asia,Nonconformity,Mercury II|air|non-urban air or from high stacks,1159
Asia,Nonconformity,Mercury II|air|unspecified,1160
Asia,Nonconformity,Mercury II|air|urban air close to ground,1161
Asia,Nonconformity,Mercury II|soil|agricultural,1162
Asia,Nonconformity,Mercury II|soil|industrial,1163
Asia,Nonconformity,Mercury II|soil|unspecified,1164
Asia,Nonconformity,Mercury II|water|ground-,1165
Asia,Nonconformity,"Mercury II|water|ground-, long-term",1166
Asia,Nonconformity,Mercury II|water|ocean,1167
Asia,Nonconformity,Mercury II|water|surface water,1168
Asia,Nonconformity,Mercury II|water|unspecified,1169
Asia,Nonconformity,Mesosulfuron-methyl (prop)|soil|agricultural,1171
Asia,Nonconformity,Mesotrione|air|non-urban air or from high stacks,1172
Asia,Nonconformity,Mesotrione|soil|agricultural,1173
Asia,Nonconformity,Mesotrione|soil|forestry,1174
Asia,Nonconformity,Mesotrione|water|unspecified,1175
Asia,Marginally acceptable conformity,Metalaxil|soil|agricultural,1176
Asia,Nonconformity,Metalaxyl-M|air|non-urban air or from high stacks,1177
Asia,Nonconformity,Metalaxyl-M|soil|agricultural,1178
Asia,Nonconformity,Metalaxyl-M|soil|forestry,1179
Asia,Nonconformity,Metalaxyl-M|water|ground-,1180
Asia,Nonconformity,Metalaxyl-M|water|unspecified,1181
Asia,Nonconformity,Metam-sodium|soil|agricultural,1182
Asia,Nonconformity,Metamitron|soil|agricultural,1183
Asia,Nonconformity,Metazachlor|soil|agricultural,1184
Asia,Nonconformity,Metconazole|soil|agricultural,1185
Asia,Nonconformity,"Methane, bromo-, Halon 1001|air|unspecified",1186
Asia,Acceptable conformity,"Methane, bromo-, Halon 1001|air|urban air close to ground",1187
Asia,Nonconformity,"Methane, bromochlorodifluoro-, Halon 1211|air|non-urban air or from high stacks",1188
Asia,Marginally acceptable conformity,"Methane, bromotrifluoro-, Halon 1301|air|non-urban air or from high stacks",1189
Asia,Nonconformity,"Methane, bromotrifluoro-, Halon 1301|air|urban air close to ground",1190
Asia,Nonconformity,"Methane, fossil|air|non-urban air or from high stacks",1191
Asia,Nonconformity,"Methane, fossil|air|unspecified",1192
Asia,Marginally acceptable conformity,"Methane, fossil|air|urban air close to ground",1193
Asia,Nonconformity,"Methane, from soil or biomass stock|air|non-urban air or from high stacks",1194
Asia,Nonconformity,"Methane, non-fossil|air|non-urban air or from high stacks",1195
Asia,Nonconformity,"Methane, non-fossil|air|unspecified",1196
Asia,Nonconformity,"Methane, non-fossil|air|urban air close to ground",1197
Asia,Acceptable conformity,Methanesulfonic acid|air|urban air close to ground,1198
Asia,Nonconformity,Methanol|air|non-urban air or from high stacks,1199
Asia,Acceptable conformity,Methanol|air|unspecified,1200
Asia,Nonconformity,Methanol|air|urban air close to ground,1201
Asia,Marginally acceptable conformity,Methanol|water|surface water,1202
Asia,Nonconformity,Methanol|water|unspecified,1203
Asia,Nonconformity,Methomyl|air|non-urban air or from high stacks,1204
Asia,Nonconformity,Methomyl|soil|agricultural,1205
Asia,Nonconformity,Methomyl|soil|forestry,1206
Asia,Nonconformity,Methomyl|water|ground-,1207
Asia,Nonconformity,Methomyl|water|surface water,1208
Asia,Nonconformity,Methomyl|water|unspecified,1209
Asia,Nonconformity,Methoxyfenozide|air|non-urban air or from high stacks,1210
Asia,Nonconformity,Methoxyfenozide|soil|agricultural,1211
Asia,Nonconformity,Methoxyfenozide|soil|forestry,1212
Asia,Nonconformity,Methoxyfenozide|water|ground-,1213
Asia,Nonconformity,Methoxyfenozide|water|unspecified,1214
Asia,Nonconformity,Methyl acetate|air|unspecified,1215
Asia,Nonconformity,Methyl acetate|air|urban air close to ground,1216
Asia,Marginally acceptable conformity,Methyl acetate|water|surface water,1217
Asia,Nonconformity,Methyl acrylate|air|urban air close to ground,1218
Asia,Nonconformity,Methyl acrylate|water|surface water,1219
Asia,Nonconformity,Methyl ethyl ketone|air|non-urban air or from high stacks,1220
Asia,Acceptable conformity,Methyl ethyl ketone|air|urban air close to ground,1221
Asia,Nonconformity,Methyl formate|air|unspecified,1222
Asia,Nonconformity,Methyl formate|air|urban air close to ground,1223
Asia,Nonconformity,Methyl formate|water|surface water,1224
Asia,Nonconformity,Methyl lactate|air|urban air close to ground,1225
Asia,Nonconformity,Methylamine|air|unspecified,1226
Asia,Nonconformity,Methylamine|air|urban air close to ground,1227
Asia,Nonconformity,Methylamine|water|surface water,1228
Asia,Nonconformity,Methylamine|water|unspecified,1229
Asia,Nonconformity,Methylchloride|air|non-urban air or from high stacks,1230
Asia,Nonconformity,Methylchloride|air|unspecified,1231
Asia,Nonconformity,Metolachlor|air|non-urban air or from high stacks,1232
Asia,Nonconformity,Metolachlor|soil|agricultural,1233
Asia,Nonconformity,Metolachlor|soil|forestry,1234
Asia,Nonconformity,Metolachlor|water|ground-,1235
Asia,Nonconformity,Metolachlor|water|surface water,1236
Asia,Nonconformity,Metosulam|soil|agricultural,1237
Asia,Nonconformity,Metribuzin|soil|agricultural,1238
Asia,Nonconformity,Metsulfuron-methyl|air|non-urban air or from high stacks,1239
Asia,Nonconformity,Metsulfuron-methyl|air|unspecified,1240
Asia,Nonconformity,Metsulfuron-methyl|soil|agricultural,1241
Asia,Nonconformity,Metsulfuron-methyl|soil|forestry,1242
Asia,Nonconformity,Metsulfuron-methyl|water|ground-,1243
Asia,Nonconformity,Metsulfuron-methyl|water|surface water,1244
Asia,Nonconformity,Metsulfuron-methyl|water|unspecified,1245
Asia,Marginally acceptable conformity,Mineral oil|soil|agricultural,1246
Asia,Nonconformity,Molinate|soil|agricultural,1247
Asia,Nonconformity,Molybdenum|natural resource|in ground,1261
Asia,Nonconformity,"Molybdenum VI|air|low population density, long-term",1249
Asia,Nonconformity,Molybdenum VI|air|non-urban air or from high stacks,1250
Asia,Nonconformity,Molybdenum VI|air|unspecified,1251
Asia,Nonconformity,Molybdenum VI|air|urban air close to ground,1252
Asia,Nonconformity,Molybdenum VI|soil|agricultural,1253
Asia,Nonconformity,Molybdenum VI|soil|industrial,1254
Asia,Nonconformity,Molybdenum VI|soil|unspecified,1255
Asia,Nonconformity,Molybdenum VI|water|ground-,1256
Asia,Nonconformity,"Molybdenum VI|water|ground-, long-term",1257
Asia,Marginally acceptable conformity,Molybdenum VI|water|ocean,1258
Asia,Nonconformity,Molybdenum VI|water|surface water,1259
Asia,Nonconformity,Molybdenum VI|water|unspecified,1260
Asia,Nonconformity,Molybdenum-99|water|surface water,1248
Asia,Nonconformity,Monobutyltin (III)|water|ocean,1262
Asia,Nonconformity,Monochlorobenzene|water|surface water,1263
Asia,Nonconformity,Monochloroethane|air|unspecified,1264
Asia,Nonconformity,Monocrotophos|soil|agricultural,1265
Asia,Nonconformity,Monoethanolamine|air|urban air close to ground,1266
Asia,Nonconformity,Monoethanolamine|water|unspecified,1267
Asia,Nonconformity,Monopotassium phosphite|soil|agricultural,1268
Asia,Nonconformity,Myclobutanil|soil|agricultural,1269
Asia,Nonconformity,"N,N-Dimethylformamide|water|unspecified",1270
Asia,Nonconformity,"NMVOC, non-methane volatile organic compounds|air|lower stratosphere + upper troposphere",1335
Asia,Nonconformity,"NMVOC, non-methane volatile organic compounds|air|non-urban air or from high stacks",1336
Asia,Nonconformity,"NMVOC, non-methane volatile organic compounds|air|unspecified",1337
Asia,Nonconformity,"NMVOC, non-methane volatile organic compounds|air|urban air close to ground",1338
Asia,Nonconformity,Naphthalene|air|non-urban air or from high stacks,1271
Asia,Nonconformity,Naphthalene|air|unspecified,1272
Asia,Nonconformity,Naphthalene|water|surface water,1273
Asia,Nonconformity,Napropamide|soil|agricultural,1274
Asia,Nonconformity,Neodymium|natural resource|in ground,1275
Asia,Close conformity,"Nickel II|air|low population density, long-term",1276
Asia,Nonconformity,Nickel II|air|lower stratosphere + upper troposphere,1277
Asia,Nonconformity,Nickel II|air|non-urban air or from high stacks,1278
Asia,Nonconformity,Nickel II|air|unspecified,1279
Asia,Nonconformity,Nickel II|air|urban air close to ground,1280
Asia,Nonconformity,Nickel II|soil|agricultural,1281
Asia,Nonconformity,Nickel II|soil|forestry,1282
Asia,Nonconformity,Nickel II|soil|industrial,1283
Asia,Nonconformity,Nickel II|soil|unspecified,1284
Asia,Nonconformity,Nickel II|water|ground-,1285
Asia,Nonconformity,"Nickel II|water|ground-, long-term",1286
Asia,Nonconformity,Nickel II|water|ocean,1287
Asia,Nonconformity,Nickel II|water|surface water,1288
Asia,Nonconformity,Nickel II|water|unspecified,1289
Asia,Nonconformity,Nicosulfuron|soil|forestry,1290
Asia,Nonconformity,Niobium|natural resource|in ground,1293
Asia,Nonconformity,Niobium-95|air|non-urban air or from high stacks,1291
Asia,Nonconformity,Niobium-95|water|surface water,1292
Asia,Marginally acceptable conformity,"Nitrate|air|low population density, long-term",1294
Asia,Nonconformity,Nitrate|air|non-urban air or from high stacks,1295
Asia,Nonconformity,Nitrate|air|unspecified,1296
Asia,Nonconformity,Nitrate|air|urban air close to ground,1297
Asia,Nonconformity,Nitrate|soil|unspecified,1298
Asia,Nonconformity,Nitrate|water|ground-,1299
Asia,Nonconformity,"Nitrate|water|ground-, long-term",1300
Asia,Nonconformity,Nitrate|water|ocean,1301
Asia,Nonconformity,Nitrate|water|surface water,1302
Asia,Nonconformity,Nitrate|water|unspecified,1303
Asia,Nonconformity,Nitric acid|air|unspecified,1304
Asia,Nonconformity,Nitric acid|air|urban air close to ground,1305
Asia,Nonconformity,Nitric acid|soil|industrial,1306
Asia,Nonconformity,Nitric oxide|air|unspecified,1307
Asia,Nonconformity,Nitrite|water|ground-,1308
Asia,Nonconformity,"Nitrite|water|ground-, long-term",1309
Asia,Nonconformity,Nitrite|water|ocean,1310
Asia,Marginally acceptable conformity,Nitrite|water|surface water,1311
Asia,Nonconformity,Nitrite|water|unspecified,1312
Asia,Nonconformity,Nitrobenzene|air|urban air close to ground,1313
Asia,Nonconformity,Nitrobenzene|water|surface water,1314
Asia,Nonconformity,Nitrobenzene|water|unspecified,1315
Asia,Nonconformity,Nitrogen|air|non-urban air or from high stacks,1327
Asia,Nonconformity,Nitrogen|air|unspecified,1328
Asia,Nonconformity,Nitrogen|natural resource|in air,1329
Asia,Nonconformity,Nitrogen|soil|industrial,1330
Asia,Nonconformity,Nitrogen|soil|unspecified,1331
Asia,Marginally acceptable conformity,Nitrogen|water|ocean,1332
Asia,Nonconformity,Nitrogen|water|surface water,1333
Asia,Marginally acceptable conformity,Nitrogen|water|unspecified,1334
Asia,Nonconformity,Nitrogen dioxide|water|surface water,1316
Asia,Acceptable conformity,Nitrogen fluoride|air|urban air close to ground,1317
Asia,Marginally acceptable conformity,"Nitrogen oxides|air|low population density, long-term",1318
Asia,Acceptable conformity,Nitrogen oxides|air|lower stratosphere + upper troposphere,1319
Asia,Nonconformity,Nitrogen oxides|air|non-urban air or from high stacks,1320
Asia,Nonconformity,Nitrogen oxides|air|unspecified,1321
Asia,Nonconformity,Nitrogen oxides|air|urban air close to ground,1322
Asia,Nonconformity,"Nitrogen, organic bound|water|ground-",1323
Asia,Nonconformity,"Nitrogen, organic bound|water|ground-, long-term",1324
Asia,Nonconformity,"Nitrogen, organic bound|water|surface water",1325
Asia,Nonconformity,"Nitrogen, organic bound|water|unspecified",1326
Asia,Nonconformity,"Noble gases, radioactive, unspecified|air|non-urban air or from high stacks",1339
Asia,Nonconformity,Non-hazardous waste disposed|inventory indicator|waste,1340
Asia,Nonconformity,Novaluron|soil|agricultural,1341
Asia,Nonconformity,"Occupation, annual crop|natural resource|land",1354
Asia,Nonconformity,"Occupation, annual crop, irrigated|natural resource|land",1350
Asia,Marginally acceptable conformity,"Occupation, annual crop, irrigated, intensive|natural resource|land",1349
Asia,Nonconformity,"Occupation, annual crop, non-irrigated|natural resource|land",1353
Asia,Nonconformity,"Occupation, annual crop, non-irrigated, extensive|natural resource|land",1351
Asia,Marginally acceptable conformity,"Occupation, annual crop, non-irrigated, intensive|natural resource|land",1352
Asia,Nonconformity,"Occupation, arable land, unspecified use|natural resource|land",1355
Asia,Nonconformity,"Occupation, bare area (non-use)|natural resource|land",1356
Asia,Nonconformity,"Occupation, construction site|natural resource|land",1357
Asia,Nonconformity,"Occupation, cropland fallow (non-use)|natural resource|land",1358
Asia,Nonconformity,"Occupation, dump site|natural resource|land",1359
Asia,Nonconformity,"Occupation, forest, extensive|natural resource|land",1360
Asia,Marginally acceptable conformity,"Occupation, forest, intensive|natural resource|land",1361
Asia,Nonconformity,"Occupation, grassland, natural (non-use)|natural resource|land",1362
Asia,Nonconformity,"Occupation, grassland, natural, for livestock grazing|natural resource|land",1363
Asia,Marginally acceptable conformity,"Occupation, industrial area|natural resource|land",1364
Asia,Marginally acceptable conformity,"Occupation, inland waterbody, unspecified|natural resource|land",1365
Asia,Nonconformity,"Occupation, lake, artificial|natural resource|land",1366
Asia,Acceptable conformity,"Occupation, mineral extraction site|natural resource|land",1367
Asia,Marginally acceptable conformity,"Occupation, pasture, man made|natural resource|land",1370
Asia,Nonconformity,"Occupation, pasture, man made, extensive|natural resource|land",1368
Asia,Marginally acceptable conformity,"Occupation, pasture, man made, intensive|natural resource|land",1369
Asia,Nonconformity,"Occupation, permanent crop|natural resource|land",1374
Asia,Nonconformity,"Occupation, permanent crop, irrigated|natural resource|land",1372
Asia,Nonconformity,"Occupation, permanent crop, irrigated, intensive|natural resource|land",1371
Asia,Nonconformity,"Occupation, permanent crop, non-irrigated|natural resource|land",1373
Asia,Nonconformity,"Occupation, river, artificial|natural resource|land",1375
Asia,Acceptable conformity,"Occupation, seabed, drilling and mining|natural resource|land",1376
Asia,Nonconformity,"Occupation, seabed, infrastructure|natural resource|land",1377
Asia,Nonconformity,"Occupation, traffic area, rail network|natural resource|land",1378
Asia,Nonconformity,"Occupation, traffic area, rail/road embankment|natural resource|land",1379
Asia,Acceptable conformity,"Occupation, traffic area, road network|natural resource|land",1380
Asia,Acceptable conformity,"Occupation, unspecified|natural resource|land",1382
Asia,Nonconformity,"Occupation, unspecified, natural (non-use)|natural resource|land",1381
Asia,Nonconformity,"Occupation, urban, discontinuously built|natural resource|land",1383
Asia,Nonconformity,Octaethylene glycol monododecyl ether|air|unspecified,1384
Asia,Nonconformity,"Oil, crude|natural resource|in ground",1385
Asia,Nonconformity,"Oils, non-fossil|soil|forestry",1386
Asia,Nonconformity,"Oils, non-fossil|soil|industrial",1387
Asia,Nonconformity,"Oils, non-fossil|soil|unspecified",1388
Asia,Marginally acceptable conformity,"Oils, non-fossil|water|ocean",1389
Asia,Nonconformity,"Oils, non-fossil|water|surface water",1390
Asia,Nonconformity,"Oils, unspecified|soil|industrial",1391
Asia,Nonconformity,"Oils, unspecified|soil|unspecified",1392
Asia,Marginally acceptable conformity,"Oils, unspecified|water|ocean",1393
Asia,Nonconformity,"Oils, unspecified|water|surface water",1394
Asia,Marginally acceptable conformity,"Oils, unspecified|water|unspecified",1395
Asia,Nonconformity,Olivine|natural resource|in ground,1396
Asia,Nonconformity,Orbencarb|soil|agricultural,1397
Asia,Nonconformity,Organic carbon|air|urban air close to ground,1399
Asia,Nonconformity,Organic carbon|soil|unspecified,1400
Asia,Nonconformity,Organic carbon|water|ground-,1401
Asia,Marginally acceptable conformity,"Organic carbon, placed in landfill|inventory indicator|waste",1398
Asia,Nonconformity,Oxamyl|soil|agricultural,1402
Asia,Nonconformity,Oxyfluorfen|air|non-urban air or from high stacks,1403
Asia,Nonconformity,Oxyfluorfen|soil|agricultural,1404
Asia,Nonconformity,Oxyfluorfen|water|surface water,1405
Asia,Nonconformity,Oxygen|air|unspecified,1406
Asia,Nonconformity,Oxygen|natural resource|in air,1407
Asia,Nonconformity,Oxygen|water|surface water,1408
Asia,Nonconformity,Ozone|air|unspecified,1409
Asia,Nonconformity,Ozone|air|urban air close to ground,1410
Asia,Nonconformity,"PAH, polycyclic aromatic hydrocarbons|air|non-urban air or from high stacks",1411
Asia,Nonconformity,"PAH, polycyclic aromatic hydrocarbons|air|unspecified",1412
Asia,Nonconformity,"PAH, polycyclic aromatic hydrocarbons|air|urban air close to ground",1413
Asia,Nonconformity,"PAH, polycyclic aromatic hydrocarbons|soil|unspecified",1414
Asia,Nonconformity,"PAH, polycyclic aromatic hydrocarbons|water|ground-",1415
Asia,Nonconformity,"PAH, polycyclic aromatic hydrocarbons|water|ocean",1416
Asia,Nonconformity,"PAH, polycyclic aromatic hydrocarbons|water|surface water",1417
Asia,Nonconformity,"PAH, polycyclic aromatic hydrocarbons|water|unspecified",1418
Asia,Nonconformity,Palladium|natural resource|in ground,1420
Asia,Marginally acceptable conformity,Palladium II|air|unspecified,1419
Asia,Nonconformity,Paraffins|air|non-urban air or from high stacks,1421
Asia,Nonconformity,Paraquat|soil|agricultural,1422
Asia,Marginally acceptable conformity,Parathion|soil|agricultural,1423
Asia,Nonconformity,"Particulate Matter, < 2.5 um|air|low population density, long-term",1424
Asia,Marginally acceptable conformity,"Particulate Matter, < 2.5 um|air|lower stratosphere + upper troposphere",1425
Asia,Nonconformity,"Particulate Matter, < 2.5 um|air|non-urban air or from high stacks",1426
Asia,Nonconformity,"Particulate Matter, < 2.5 um|air|unspecified",1427
Asia,Acceptable conformity,"Particulate Matter, < 2.5 um|air|urban air close to ground",1428
Asia,Nonconformity,"Particulate Matter, > 10 um|air|low population density, long-term",1429
Asia,Nonconformity,"Particulate Matter, > 10 um|air|non-urban air or from high stacks",1430
Asia,Nonconformity,"Particulate Matter, > 10 um|air|unspecified",1431
Asia,Acceptable conformity,"Particulate Matter, > 10 um|air|urban air close to ground",1432
Asia,Nonconformity,"Particulate Matter, > 2.5 um and < 10um|air|low population density, long-term",1433
Asia,Marginally acceptable conformity,"Particulate Matter, > 2.5 um and < 10um|air|non-urban air or from high stacks",1434
Asia,Marginally acceptable conformity,"Particulate Matter, > 2.5 um and < 10um|air|unspecified",1435
Asia,Acceptable conformity,"Particulate Matter, > 2.5 um and < 10um|air|urban air close to ground",1436
Asia,Nonconformity,Peat|natural resource|biotic,1437
Asia,Nonconformity,Pendimethalin|air|non-urban air or from high stacks,1438
Asia,Nonconformity,Pendimethalin|soil|agricultural,1439
Asia,Nonconformity,Pentachlorobenzene|air|non-urban air or from high stacks,1440
Asia,Nonconformity,Pentachlorobenzene|air|unspecified,1441
Asia,Nonconformity,Pentachlorobenzene|air|urban air close to ground,1442
Asia,Acceptable conformity,Pentachlorobenzene|water|unspecified,1443
Asia,Nonconformity,Pentachlorophenol|air|non-urban air or from high stacks,1444
Asia,Nonconformity,Pentachlorophenol|air|unspecified,1445
Asia,Nonconformity,Pentachlorophenol|air|urban air close to ground,1446
Asia,Nonconformity,Pentachlorophenol|soil|unspecified,1447
Asia,Nonconformity,Pentafluoroethane|air|non-urban air or from high stacks,1448
Asia,Marginally acceptable conformity,Pentane|air|non-urban air or from high stacks,1449
Asia,Nonconformity,Pentane|air|unspecified,1450
Asia,Nonconformity,Pentane|air|urban air close to ground,1451
Asia,Nonconformity,Peracetic acid|water|unspecified,1452
Asia,Nonconformity,Perlite|natural resource|in ground,1453
Asia,Nonconformity,Permethrin|soil|agricultural,1454
Asia,Nonconformity,"Pesticides, unspecified|soil|agricultural",1455
Asia,Nonconformity,"Pesticides, unspecified|soil|forestry",1456
Asia,Nonconformity,"Pesticides, unspecified|water|ground-",1457
Asia,Nonconformity,"Pesticides, unspecified|water|unspecified",1458
Asia,Nonconformity,Phenanthrene|air|non-urban air or from high stacks,1459
Asia,Nonconformity,Phenanthrene|air|unspecified,1460
Asia,Nonconformity,Phenanthrene|water|surface water,1461
Asia,Nonconformity,Phenmedipham|soil|agricultural,1462
Asia,Nonconformity,Phenol|air|non-urban air or from high stacks,1463
Asia,Nonconformity,Phenol|air|unspecified,1464
Asia,Acceptable conformity,Phenol|air|urban air close to ground,1465
Asia,Marginally acceptable conformity,Phenol|water|ocean,1466
Asia,Nonconformity,Phenol|water|surface water,1467
Asia,Nonconformity,Phenol|water|unspecified,1468
Asia,Nonconformity,Phenyltin|water|ocean,1469
Asia,Nonconformity,Phorate|soil|agricultural,1470
Asia,Nonconformity,Phosmet|soil|agricultural,1471
Asia,Nonconformity,Phosphate|water|ground-,1472
Asia,Nonconformity,"Phosphate|water|ground-, long-term",1473
Asia,Marginally acceptable conformity,Phosphate|water|ocean,1474
Asia,Nonconformity,Phosphate|water|surface water,1475
Asia,Nonconformity,Phosphate|water|unspecified,1476
Asia,Acceptable conformity,Phosphine|air|urban air close to ground,1477
Asia,Nonconformity,Phosphoric acid|air|non-urban air or from high stacks,1478
Asia,Marginally acceptable conformity,Phosphoric acid|air|urban air close to ground,1479
Asia,Nonconformity,Phosphorous acid|soil|agricultural,1480
Asia,Acceptable conformity,"Phosphorus|air|low population density, long-term",1484
Asia,Nonconformity,Phosphorus|air|non-urban air or from high stacks,1485
Asia,Nonconformity,Phosphorus|air|unspecified,1486
Asia,Nonconformity,Phosphorus|air|urban air close to ground,1487
Asia,Nonconformity,Phosphorus|natural resource|in ground,1488
Asia,Nonconformity,Phosphorus|soil|agricultural,1489
Asia,Acceptable conformity,Phosphorus|soil|industrial,1490
Asia,Nonconformity,Phosphorus|soil|unspecified,1491
Asia,Nonconformity,Phosphorus|water|ground-,1492
Asia,Nonconformity,Phosphorus|water|ocean,1493
Asia,Nonconformity,Phosphorus|water|surface water,1494
Asia,Nonconformity,Phosphorus|water|unspecified,1495
Asia,Nonconformity,Phosphorus oxychloride|water|unspecified,1481
Asia,Nonconformity,Phosphorus trichloride|air|unspecified,1482
Asia,Marginally acceptable conformity,Phosphorus trichloride|air|urban air close to ground,1483
Asia,Nonconformity,Picloram|soil|agricultural,1496
Asia,Nonconformity,Picoxystrobin|soil|agricultural,1497
Asia,Nonconformity,Picoxystrobin|soil|forestry,1498
Asia,Nonconformity,Piperonyl butoxide|soil|agricultural,1499
Asia,Nonconformity,Pirimicarb|soil|agricultural,1500
Asia,Nonconformity,Platinum|air|non-urban air or from high stacks,1501
Asia,Marginally acceptable conformity,Platinum|air|unspecified,1502
Asia,Nonconformity,Platinum|air|urban air close to ground,1503
Asia,Nonconformity,Platinum|natural resource|in ground,1504
Asia,Nonconformity,Plutonium-238|air|non-urban air or from high stacks,1505
Asia,Nonconformity,Plutonium-alpha|air|non-urban air or from high stacks,1506
Asia,Nonconformity,Polonium-210|air|non-urban air or from high stacks,1507
Asia,Marginally acceptable conformity,Polonium-210|air|unspecified,1508
Asia,Nonconformity,Polonium-210|air|urban air close to ground,1509
Asia,Nonconformity,Polonium-210|water|ground-,1510
Asia,Nonconformity,Polonium-210|water|ocean,1511
Asia,Nonconformity,Polonium-210|water|surface water,1512
Asia,Nonconformity,Polychlorinated biphenyls|air|non-urban air or from high stacks,1513
Asia,Nonconformity,Polychlorinated biphenyls|air|unspecified,1514
Asia,Marginally acceptable conformity,Polychlorinated biphenyls|air|urban air close to ground,1515
Asia,Marginally acceptable conformity,Polychlorinated biphenyls|water|unspecified,1516
Asia,Nonconformity,Potassium|natural resource|in ground,1535
Asia,Nonconformity,"Potassium I|air|low population density, long-term",1523
Asia,Nonconformity,Potassium I|air|non-urban air or from high stacks,1524
Asia,Nonconformity,Potassium I|air|unspecified,1525
Asia,Nonconformity,Potassium I|air|urban air close to ground,1526
Asia,Nonconformity,Potassium I|soil|agricultural,1527
Asia,Marginally acceptable conformity,Potassium I|soil|industrial,1528
Asia,Nonconformity,Potassium I|soil|unspecified,1529
Asia,Nonconformity,Potassium I|water|ground-,1530
Asia,Nonconformity,"Potassium I|water|ground-, long-term",1531
Asia,Marginally acceptable conformity,Potassium I|water|ocean,1532
Asia,Nonconformity,Potassium I|water|surface water,1533
Asia,Nonconformity,Potassium I|water|unspecified,1534
Asia,Nonconformity,Potassium-40|air|non-urban air or from high stacks,1517
Asia,Nonconformity,Potassium-40|air|unspecified,1518
Asia,Nonconformity,Potassium-40|air|urban air close to ground,1519
Asia,Marginally acceptable conformity,Potassium-40|water|ground-,1520
Asia,Nonconformity,Potassium-40|water|ocean,1521
Asia,Nonconformity,Potassium-40|water|surface water,1522
Asia,Nonconformity,Praseodymium|natural resource|in ground,1536
Asia,Nonconformity,Prochloraz|soil|agricultural,1537
Asia,Nonconformity,Procymidone|soil|agricultural,1538
Asia,Nonconformity,Profenofos|soil|agricultural,1539
Asia,Nonconformity,Prohexadione calcium|soil|agricultural,1540
Asia,Nonconformity,Propamocarb|soil|agricultural,1542
Asia,Nonconformity,Propamocarb HCl|soil|agricultural,1541
Asia,Nonconformity,Propanal|air|non-urban air or from high stacks,1543
Asia,Acceptable conformity,Propanal|air|unspecified,1544
Asia,Acceptable conformity,Propanal|air|urban air close to ground,1545
Asia,Nonconformity,Propanal|water|surface water,1546
Asia,Nonconformity,Propane|air|non-urban air or from high stacks,1547
Asia,Nonconformity,Propane|air|unspecified,1548
Asia,Acceptable conformity,Propane|air|urban air close to ground,1549
Asia,Nonconformity,Propanol|air|non-urban air or from high stacks,1550
Asia,Nonconformity,Propanol|air|urban air close to ground,1551
Asia,Nonconformity,Propanol|water|surface water,1552
Asia,Nonconformity,Propargite|soil|agricultural,1553
Asia,Nonconformity,Propiconazole|air|non-urban air or from high stacks,1554
Asia,Nonconformity,Propiconazole|soil|agricultural,1555
Asia,Nonconformity,Propiconazole|soil|forestry,1556
Asia,Nonconformity,Propiconazole|water|ground-,1557
Asia,Nonconformity,Propiconazole|water|surface water,1558
Asia,Nonconformity,Propiconazole|water|unspecified,1559
Asia,Nonconformity,Propionic acid|air|non-urban air or from high stacks,1560
Asia,Acceptable conformity,Propionic acid|air|unspecified,1561
Asia,Nonconformity,Propionic acid|air|urban air close to ground,1562
Asia,Nonconformity,Propionic acid|water|surface water,1563
Asia,Nonconformity,Propoxycarbazone-sodium (prop)|soil|agricultural,1564
Asia,Nonconformity,Propyl amine|air|urban air close to ground,1565
Asia,Marginally acceptable conformity,Propyl amine|water|surface water,1566
Asia,Marginally acceptable conformity,Propylene|air|non-urban air or from high stacks,1570
Asia,Acceptable conformity,Propylene|air|unspecified,1571
Asia,Nonconformity,Propylene|air|urban air close to ground,1572
Asia,Nonconformity,Propylene|water|surface water,1573
Asia,Nonconformity,Propylene oxide|air|unspecified,1567
Asia,Nonconformity,Propylene oxide|air|urban air close to ground,1568
Asia,Nonconformity,Propylene oxide|water|surface water,1569
Asia,Nonconformity,Prosulfuron|soil|agricultural,1574
Asia,Nonconformity,Protactinium-234|air|non-urban air or from high stacks,1575
Asia,Nonconformity,Protactinium-234|water|surface water,1576
Asia,Nonconformity,Prothioconazole|air|non-urban air or from high stacks,1577
Asia,Nonconformity,Prothioconazole|soil|agricultural,1578
Asia,Nonconformity,Prothioconazole|soil|forestry,1579
Asia,Nonconformity,Prothioconazole|water|ground-,1580
Asia,Nonconformity,Prothioconazole|water|surface water,1581
Asia,Nonconformity,Prothioconazole|water|unspecified,1582
Asia,Nonconformity,Pydiflumetofen|soil|agricultural,1583
Asia,Nonconformity,Pymetrozine|soil|agricultural,1584
Asia,Nonconformity,Pyraclostrobin|air|non-urban air or from high stacks,1585
Asia,Nonconformity,Pyraclostrobin|soil|agricultural,1586
Asia,Nonconformity,Pyraclostrobin|soil|forestry,1587
Asia,Nonconformity,Pyraclostrobin|water|ground-,1588
Asia,Nonconformity,Pyraclostrobin|water|surface water,1589
Asia,Nonconformity,Pyraclostrobin|water|unspecified,1590
Asia,Nonconformity,Pyraflufen-ethyl|soil|agricultural,1591
Asia,Nonconformity,Pyrene|air|non-urban air or from high stacks,1592
Asia,Nonconformity,Pyrene|air|unspecified,1593
Asia,Nonconformity,Pyrene|water|surface water,1594
Asia,Nonconformity,Pyrethrum|soil|agricultural,1595
Asia,Nonconformity,Pyrimethanil|soil|agricultural,1596
Asia,Nonconformity,Pyriproxyfen|air|non-urban air or from high stacks,1597
Asia,Nonconformity,Pyriproxyfen|soil|agricultural,1598
Asia,Nonconformity,Pyriproxyfen|soil|forestry,1599
Asia,Nonconformity,Pyriproxyfen|water|ground-,1600
Asia,Nonconformity,Pyriproxyfen|water|unspecified,1601
Asia,Nonconformity,Pyroxasulfone|soil|agricultural,1602
Asia,Nonconformity,Quinclorac|soil|agricultural,1603
Asia,Marginally acceptable conformity,Quinmerac|soil|agricultural,1604
Asia,Nonconformity,Quinoxyfen|soil|agricultural,1605
Asia,Nonconformity,Quintozene|soil|agricultural,1606
Asia,Nonconformity,Quizalofop-P|soil|agricultural,1612
Asia,Nonconformity,Quizalofop-ethyl|soil|agricultural,1607
Asia,Nonconformity,Quizalofop-p-ethyl|air|non-urban air or from high stacks,1608
Asia,Nonconformity,Quizalofop-p-ethyl|soil|agricultural,1609
Asia,Nonconformity,Quizalofop-p-ethyl|soil|forestry,1610
Asia,Nonconformity,Quizalofop-p-ethyl|water|unspecified,1611
Asia,Nonconformity,"Radioactive species, Nuclides, unspecified|water|ocean",1614
Asia,Nonconformity,"Radioactive species, Nuclides, unspecified|water|surface water",1615
Asia,Nonconformity,"Radioactive species, alpha emitters|water|surface water",1613
Asia,Nonconformity,"Radioactive species, other beta emitters|air|non-urban air or from high stacks",1616
Asia,Marginally acceptable conformity,"Radioactive species, other beta emitters|air|unspecified",1617
Asia,Nonconformity,"Radioactive species, other beta emitters|air|urban air close to ground",1618
Asia,Acceptable conformity,Radium-224|water|ocean,1619
Asia,Acceptable conformity,Radium-224|water|surface water,1620
Asia,Nonconformity,Radium-226|air|non-urban air or from high stacks,1621
Asia,Marginally acceptable conformity,Radium-226|air|unspecified,1622
Asia,Nonconformity,Radium-226|air|urban air close to ground,1623
Asia,Nonconformity,Radium-226|water|ground-,1624
Asia,Marginally acceptable conformity,Radium-226|water|ocean,1625
Asia,Acceptable conformity,Radium-226|water|surface water,1626
Asia,Nonconformity,Radium-226|water|unspecified,1627
Asia,Nonconformity,Radium-228|air|non-urban air or from high stacks,1628
Asia,Acceptable conformity,Radium-228|air|unspecified,1629
Asia,Nonconformity,Radium-228|air|urban air close to ground,1630
Asia,Marginally acceptable conformity,Radium-228|water|ocean,1631
Asia,Marginally acceptable conformity,Radium-228|water|surface water,1632
Asia,Nonconformity,Radon-220|air|non-urban air or from high stacks,1633
Asia,Nonconformity,Radon-220|air|unspecified,1634
Asia,Nonconformity,Radon-220|air|urban air close to ground,1635
Asia,Nonconformity,"Radon-222|air|low population density, long-term",1636
Asia,Acceptable conformity,Radon-222|air|non-urban air or from high stacks,1637
Asia,Nonconformity,Radon-222|air|unspecified,1638
Asia,Nonconformity,Radon-222|air|urban air close to ground,1639
Asia,Nonconformity,Rhenium|natural resource|in ground,1640
Asia,Nonconformity,Rhodium|natural resource|in ground,1642
Asia,Marginally acceptable conformity,Rhodium III|air|unspecified,1641
Asia,Nonconformity,Rimsulfuron|soil|agricultural,1643
Asia,Marginally acceptable conformity,Rubidium|water|ocean,1644
Asia,Marginally acceptable conformity,Rubidium|water|surface water,1645
Asia,Nonconformity,Ruthenium-103|air|non-urban air or from high stacks,1646
Asia,Nonconformity,Ruthenium-103|water|surface water,1647
Asia,Nonconformity,S-Metolachlor|soil|agricultural,1648
Asia,Nonconformity,Saflufenacil|soil|agricultural,1649
Asia,Nonconformity,Samarium|natural resource|in ground,1650
Asia,Nonconformity,"Sand, unspecified|natural resource|in ground",1651
Asia,Nonconformity,"Scandium|air|low population density, long-term",1652
Asia,Nonconformity,Scandium|air|non-urban air or from high stacks,1653
Asia,Nonconformity,Scandium|air|unspecified,1654
Asia,Nonconformity,Scandium|air|urban air close to ground,1655
Asia,Nonconformity,Scandium|natural resource|in ground,1656
Asia,Nonconformity,Scandium|soil|agricultural,1657
Asia,Nonconformity,Scandium|soil|industrial,1658
Asia,Nonconformity,Scandium|soil|unspecified,1659
Asia,Nonconformity,Scandium|water|ground-,1660
Asia,Marginally acceptable conformity,"Scandium|water|ground-, long-term",1661
Asia,Nonconformity,Scandium|water|surface water,1662
Asia,Nonconformity,Selenium|natural resource|in ground,1675
Asia,Marginally acceptable conformity,"Selenium IV|air|low population density, long-term",1663
Asia,Marginally acceptable conformity,Selenium IV|air|lower stratosphere + upper troposphere,1664
Asia,Nonconformity,Selenium IV|air|non-urban air or from high stacks,1665
Asia,Nonconformity,Selenium IV|air|unspecified,1666
Asia,Nonconformity,Selenium IV|air|urban air close to ground,1667
Asia,Nonconformity,Selenium IV|soil|agricultural,1668
Asia,Nonconformity,Selenium IV|soil|industrial,1669
Asia,Nonconformity,Selenium IV|soil|unspecified,1670
Asia,Nonconformity,Selenium IV|water|ground-,1671
Asia,Nonconformity,"Selenium IV|water|ground-, long-term",1672
Asia,Nonconformity,Selenium IV|water|surface water,1673
Asia,Acceptable conformity,Selenium IV|water|unspecified,1674
Asia,Nonconformity,Sethoxydim|soil|agricultural,1676
Asia,Nonconformity,Shale|natural resource|in ground,1677
Asia,Nonconformity,"Silicon|air|low population density, long-term",1679
Asia,Nonconformity,Silicon|air|non-urban air or from high stacks,1680
Asia,Nonconformity,Silicon|air|unspecified,1681
Asia,Nonconformity,Silicon|air|urban air close to ground,1682
Asia,Nonconformity,Silicon|natural resource|in ground,1683
Asia,Nonconformity,Silicon|soil|agricultural,1684
Asia,Marginally acceptable conformity,Silicon|soil|industrial,1685
Asia,Nonconformity,Silicon|soil|unspecified,1686
Asia,Nonconformity,Silicon|water|ground-,1687
Asia,Acceptable conformity,"Silicon|water|ground-, long-term",1688
Asia,Nonconformity,Silicon|water|ocean,1689
Asia,Marginally acceptable conformity,Silicon|water|surface water,1690
Asia,Nonconformity,Silicon tetrafluoride|air|non-urban air or from high stacks,1678
Asia,Nonconformity,Silthiofam|soil|agricultural,1691
Asia,Nonconformity,Silver|natural resource|in ground,1705
Asia,Nonconformity,"Silver I|air|low population density, long-term",1694
Asia,Nonconformity,Silver I|air|unspecified,1695
Asia,Nonconformity,Silver I|air|urban air close to ground,1696
Asia,Nonconformity,Silver I|soil|agricultural,1697
Asia,Nonconformity,Silver I|soil|industrial,1698
Asia,Nonconformity,Silver I|soil|unspecified,1699
Asia,Nonconformity,Silver I|water|ground-,1700
Asia,Marginally acceptable conformity,"Silver I|water|ground-, long-term",1701
Asia,Nonconformity,Silver I|water|ocean,1702
Asia,Nonconformity,Silver I|water|surface water,1703
Asia,Marginally acceptable conformity,Silver I|water|unspecified,1704
Asia,Marginally acceptable conformity,Silver-110|air|non-urban air or from high stacks,1692
Asia,Nonconformity,Silver-110|water|surface water,1693
Asia,Nonconformity,Simazine|air|non-urban air or from high stacks,1706
Asia,Nonconformity,Simazine|soil|agricultural,1707
Asia,Nonconformity,Simazine|soil|forestry,1708
Asia,Nonconformity,Simazine|water|ground-,1709
Asia,Nonconformity,Simazine|water|unspecified,1710
Asia,Nonconformity,Sodium|natural resource|in ground,1734
Asia,Nonconformity,"Sodium I|air|low population density, long-term",1718
Asia,Nonconformity,Sodium I|air|non-urban air or from high stacks,1719
Asia,Marginally acceptable conformity,Sodium I|air|unspecified,1720
Asia,Nonconformity,Sodium I|air|urban air close to ground,1721
Asia,Nonconformity,Sodium I|soil|agricultural,1722
Asia,Marginally acceptable conformity,Sodium I|soil|industrial,1723
Asia,Nonconformity,Sodium I|soil|unspecified,1724
Asia,Nonconformity,Sodium I|water|ground-,1725
Asia,Nonconformity,"Sodium I|water|ground-, long-term",1726
Asia,Marginally acceptable conformity,Sodium I|water|ocean,1727
Asia,Acceptable conformity,Sodium I|water|surface water,1728
Asia,Marginally acceptable conformity,Sodium I|water|unspecified,1729
Asia,Nonconformity,Sodium chlorate|air|urban air close to ground,1712
Asia,Marginally acceptable conformity,Sodium chloride|natural resource|in ground,1713
Asia,Nonconformity,Sodium dichromate|air|urban air close to ground,1714
Asia,Nonconformity,Sodium formate|air|urban air close to ground,1715
Asia,Nonconformity,Sodium formate|water|surface water,1716
Asia,Marginally acceptable conformity,Sodium hydroxide|air|urban air close to ground,1717
Asia,Nonconformity,Sodium methoxide|water|unspecified,1730
Asia,Nonconformity,Sodium nitrate|natural resource|in ground,1731
Asia,Acceptable conformity,Sodium sulfate|natural resource|in ground,1732
Asia,Nonconformity,Sodium tetrahydridoborate|air|urban air close to ground,1733
Asia,Nonconformity,Sodium-24|water|surface water,1711
Asia,Marginally acceptable conformity,"Solids, inorganic|water|ground-",1735
Asia,Acceptable conformity,"Solids, inorganic|water|ocean",1736
Asia,Nonconformity,"Solids, inorganic|water|surface water",1737
Asia,Nonconformity,"Solids, inorganic|water|unspecified",1738
Asia,Nonconformity,Spinosad|soil|agricultural,1739
Asia,Nonconformity,Spiromesifen|soil|agricultural,1740
Asia,Nonconformity,Spirotetramat|soil|agricultural,1741
Asia,Nonconformity,Spiroxamine|soil|agricultural,1742
Asia,Acceptable conformity,Spodumene|natural resource|in ground,1743
Asia,Nonconformity,Steatite|natural resource|in ground,1744
Asia,Nonconformity,Strontium|natural resource|in ground,1759
Asia,Nonconformity,"Strontium II|air|low population density, long-term",1748
Asia,Nonconformity,Strontium II|air|non-urban air or from high stacks,1749
Asia,Nonconformity,Strontium II|air|unspecified,1750
Asia,Nonconformity,Strontium II|air|urban air close to ground,1751
Asia,Nonconformity,Strontium II|soil|agricultural,1752
Asia,Marginally acceptable conformity,Strontium II|soil|industrial,1753
Asia,Nonconformity,Strontium II|soil|unspecified,1754
Asia,Nonconformity,Strontium II|water|ground-,1755
Asia,Nonconformity,"Strontium II|water|ground-, long-term",1756
Asia,Acceptable conformity,Strontium II|water|ocean,1757
Asia,Nonconformity,Strontium II|water|surface water,1758
Asia,Nonconformity,Strontium-89|water|surface water,1745
Asia,Nonconformity,Strontium-90|water|ocean,1746
Asia,Nonconformity,Strontium-90|water|surface water,1747
Asia,Nonconformity,Styrene|air|non-urban air or from high stacks,1760
Asia,Nonconformity,Styrene|air|unspecified,1761
Asia,Acceptable conformity,Styrene|air|urban air close to ground,1762
Asia,Nonconformity,Sulfadiazine|water|unspecified,1763
Asia,Nonconformity,"Sulfate|air|low population density, long-term",1764
Asia,Nonconformity,Sulfate|air|non-urban air or from high stacks,1765
Asia,Nonconformity,Sulfate|air|unspecified,1766
Asia,Nonconformity,Sulfate|air|urban air close to ground,1767
Asia,Nonconformity,Sulfate|soil|unspecified,1768
Asia,Acceptable conformity,Sulfate|water|ground-,1769
Asia,Nonconformity,"Sulfate|water|ground-, long-term",1770
Asia,Nonconformity,Sulfate|water|ocean,1771
Asia,Nonconformity,Sulfate|water|surface water,1772
Asia,Nonconformity,Sulfate|water|unspecified,1773
Asia,Nonconformity,Sulfentrazone|air|non-urban air or from high stacks,1774
Asia,Nonconformity,Sulfentrazone|soil|agricultural,1775
Asia,Nonconformity,Sulfentrazone|soil|forestry,1776
Asia,Nonconformity,Sulfentrazone|water|ground-,1777
Asia,Nonconformity,Sulfentrazone|water|unspecified,1778
Asia,Nonconformity,Sulfide|water|ocean,1779
Asia,Nonconformity,Sulfide|water|surface water,1780
Asia,Nonconformity,Sulfide|water|unspecified,1781
Asia,Nonconformity,Sulfite|water|surface water,1782
Asia,Marginally acceptable conformity,Sulfite|water|unspecified,1783
Asia,Nonconformity,Sulfosate|soil|agricultural,1784
Asia,Nonconformity,Sulfosulfuron|soil|agricultural,1785
Asia,Nonconformity,Sulfur|natural resource|in ground,1797
Asia,Nonconformity,Sulfur|soil|agricultural,1798
Asia,Marginally acceptable conformity,Sulfur|soil|industrial,1799
Asia,Nonconformity,Sulfur|soil|unspecified,1800
Asia,Nonconformity,Sulfur|water|ground-,1801
Asia,Acceptable conformity,Sulfur|water|ocean,1802
Asia,Nonconformity,Sulfur|water|surface water,1803
Asia,Nonconformity,Sulfur|water|unspecified,1804
Asia,Nonconformity,Sulfur dichloride|air|unspecified,1786
Asia,Marginally acceptable conformity,Sulfur dichloride|water|unspecified,1787
Asia,Marginally acceptable conformity,Sulfur dioxide|air|lower stratosphere + upper troposphere,1788
Asia,Nonconformity,Sulfur dioxide|air|non-urban air or from high stacks,1789
Asia,Marginally acceptable conformity,Sulfur dioxide|air|unspecified,1790
Asia,Nonconformity,Sulfur dioxide|air|urban air close to ground,1791
Asia,Marginally acceptable conformity,Sulfur hexafluoride|air|unspecified,1792
Asia,Nonconformity,Sulfur hexafluoride|air|urban air close to ground,1793
Asia,Nonconformity,Sulfur oxides|air|unspecified,1794
Asia,Nonconformity,Sulfur trioxide|air|unspecified,1795
Asia,Nonconformity,Sulfur trioxide|air|urban air close to ground,1796
Asia,Nonconformity,Sulfuric acid|air|non-urban air or from high stacks,1805
Asia,Nonconformity,Sulfuric acid|air|unspecified,1806
Asia,Nonconformity,Sulfuric acid|air|urban air close to ground,1807
Asia,Nonconformity,Sulfuric acid|soil|agricultural,1808
Asia,Nonconformity,Sulfuric acid|water|surface water,1809
Asia,Nonconformity,"Suspended solids, unspecified|water|ocean",1810
Asia,Nonconformity,"Suspended solids, unspecified|water|surface water",1811
Asia,Nonconformity,"Suspended solids, unspecified|water|unspecified",1812
Asia,Acceptable conformity,Sylvite|natural resource|in ground,1813
Asia,Nonconformity,TCMTB|soil|agricultural,1823
Asia,Nonconformity,"TOC, Total Organic Carbon|water|ground-",1946
Asia,Nonconformity,"TOC, Total Organic Carbon|water|ground-, long-term",1947
Asia,Acceptable conformity,"TOC, Total Organic Carbon|water|ocean",1948
Asia,Nonconformity,"TOC, Total Organic Carbon|water|surface water",1949
Asia,Nonconformity,"TOC, Total Organic Carbon|water|unspecified",1950
Asia,Nonconformity,Talc|natural resource|in ground,1820
Asia,Marginally acceptable conformity,Tantalum|natural resource|in ground,1821
Asia,Nonconformity,Tebuconazole|air|non-urban air or from high stacks,1824
Asia,Nonconformity,Tebuconazole|soil|forestry,1825
Asia,Nonconformity,Tebuconazole|water|ground-,1826
Asia,Nonconformity,Tebuconazole|water|surface water,1827
Asia,Nonconformity,Tebuconazole|water|unspecified,1828
Asia,Nonconformity,Tebutam|soil|agricultural,1829
Asia,Nonconformity,Tebuthiuron|air|non-urban air or from high stacks,1830
Asia,Nonconformity,Tebuthiuron|soil|agricultural,1831
Asia,Nonconformity,Tebuthiuron|soil|forestry,1832
Asia,Nonconformity,Tebuthiuron|water|ground-,1833
Asia,Nonconformity,Tebuthiuron|water|unspecified,1834
Asia,Nonconformity,Technetium-99m|water|surface water,1835
Asia,Nonconformity,Teflubenzuron|air|non-urban air or from high stacks,1836
Asia,Nonconformity,Teflubenzuron|soil|agricultural,1837
Asia,Nonconformity,Teflubenzuron|soil|forestry,1838
Asia,Nonconformity,Teflubenzuron|water|unspecified,1839
Asia,Nonconformity,Tefluthrin|air|non-urban air or from high stacks,1840
Asia,Nonconformity,Tefluthrin|water|ground-,1841
Asia,Nonconformity,Tefluthrin|water|surface water,1842
Asia,Nonconformity,Tellurium|air|unspecified,1845
Asia,Nonconformity,Tellurium|natural resource|in ground,1846
Asia,Nonconformity,Tellurium-123m|water|surface water,1843
Asia,Nonconformity,Tellurium-132|water|surface water,1844
Asia,Nonconformity,Tembotrione|soil|forestry,1847
Asia,Nonconformity,Terbium|natural resource|in ground,1848
Asia,Nonconformity,Terbufos|soil|agricultural,1849
Asia,Nonconformity,Terbuthylazin|soil|agricultural,1850
Asia,Nonconformity,Terpenes|air|non-urban air or from high stacks,1851
Asia,Nonconformity,Tetrachloroethylene|air|non-urban air or from high stacks,1852
Asia,Nonconformity,Tetrachloroethylene|air|unspecified,1853
Asia,Nonconformity,Tetrachloroethylene|air|urban air close to ground,1854
Asia,Nonconformity,Tetrachloroethylene|water|unspecified,1855
Asia,Nonconformity,Tetraconazole|soil|agricultural,1856
Asia,Nonconformity,Tetrafluoromethane|air|unspecified,1857
Asia,Nonconformity,Tetrafluoromethane|air|urban air close to ground,1858
Asia,Acceptable conformity,Tetramethyl ammonium hydroxide|air|urban air close to ground,1859
Asia,Nonconformity,"Thallium I|air|low population density, long-term",1860
Asia,Nonconformity,Thallium I|air|non-urban air or from high stacks,1861
Asia,Marginally acceptable conformity,Thallium I|air|urban air close to ground,1862
Asia,Nonconformity,Thallium I|soil|agricultural,1863
Asia,Nonconformity,Thallium I|soil|industrial,1864
Asia,Nonconformity,Thallium I|soil|unspecified,1865
Asia,Nonconformity,Thallium I|water|ground-,1866
Asia,Acceptable conformity,"Thallium I|water|ground-, long-term",1867
Asia,Acceptable conformity,Thallium I|water|ocean,1868
Asia,Nonconformity,Thallium I|water|surface water,1869
Asia,Nonconformity,Thiabendazole|air|non-urban air or from high stacks,1870
Asia,Nonconformity,Thiabendazole|soil|agricultural,1871
Asia,Nonconformity,Thiabendazole|soil|forestry,1872
Asia,Nonconformity,Thiabendazole|water|ground-,1873
Asia,Nonconformity,Thiabendazole|water|unspecified,1874
Asia,Nonconformity,Thiamethoxam|air|non-urban air or from high stacks,1875
Asia,Nonconformity,Thiamethoxam|soil|agricultural,1876
Asia,Nonconformity,Thiamethoxam|soil|forestry,1877
Asia,Nonconformity,Thiamethoxam|water|ground-,1878
Asia,Nonconformity,Thiamethoxam|water|unspecified,1879
Asia,Nonconformity,Thiencarbazone-methyl|soil|agricultural,1880
Asia,Nonconformity,Thifensulfuron-methyl|soil|agricultural,1881
Asia,Nonconformity,Thiobencarb|soil|agricultural,1882
Asia,Nonconformity,Thiocyanate|water|ocean,1883
Asia,Nonconformity,Thiodicarb|air|non-urban air or from high stacks,1884
Asia,Nonconformity,Thiodicarb|soil|agricultural,1885
Asia,Nonconformity,Thiodicarb|soil|forestry,1886
Asia,Nonconformity,Thiodicarb|water|ground-,1887
Asia,Nonconformity,Thiodicarb|water|unspecified,1888
Asia,Nonconformity,Thionyl chloride|air|unspecified,1889
Asia,Nonconformity,Thiophanate-methyl|air|non-urban air or from high stacks,1890
Asia,Nonconformity,Thiophanate-methyl|soil|agricultural,1891
Asia,Nonconformity,Thiophanate-methyl|soil|forestry,1892
Asia,Nonconformity,Thiophanate-methyl|water|ground-,1893
Asia,Nonconformity,Thiophanate-methyl|water|unspecified,1894
Asia,Nonconformity,Thiram|air|non-urban air or from high stacks,1895
Asia,Nonconformity,Thiram|soil|agricultural,1896
Asia,Nonconformity,Thiram|soil|forestry,1897
Asia,Nonconformity,Thiram|water|ground-,1898
Asia,Nonconformity,Thiram|water|unspecified,1899
Asia,Nonconformity,Thorium|air|non-urban air or from high stacks,1916
Asia,Nonconformity,Thorium|air|unspecified,1917
Asia,Marginally acceptable conformity,Thorium|air|urban air close to ground,1918
Asia,Nonconformity,Thorium-228|air|non-urban air or from high stacks,1900
Asia,Nonconformity,Thorium-228|air|unspecified,1901
Asia,Nonconformity,Thorium-228|air|urban air close to ground,1902
Asia,Marginally acceptable conformity,Thorium-228|water|ground-,1903
Asia,Nonconformity,Thorium-228|water|ocean,1904
Asia,Marginally acceptable conformity,Thorium-228|water|surface water,1905
Asia,Nonconformity,Thorium-230|air|non-urban air or from high stacks,1906
Asia,Nonconformity,Thorium-230|water|surface water,1907
Asia,Nonconformity,Thorium-232|air|non-urban air or from high stacks,1908
Asia,Acceptable conformity,Thorium-232|air|unspecified,1909
Asia,Nonconformity,Thorium-232|air|urban air close to ground,1910
Asia,Acceptable conformity,Thorium-232|water|ocean,1911
Asia,Nonconformity,Thorium-232|water|surface water,1912
Asia,Nonconformity,Thorium-232|water|unspecified,1913
Asia,Nonconformity,Thorium-234|air|non-urban air or from high stacks,1914
Asia,Nonconformity,Thorium-234|water|surface water,1915
Asia,Nonconformity,Thulium|natural resource|in ground,1919
Asia,Nonconformity,Tin|natural resource|in ground,1932
Asia,Marginally acceptable conformity,"Tin ion|air|low population density, long-term",1920
Asia,Nonconformity,Tin ion|air|non-urban air or from high stacks,1921
Asia,Acceptable conformity,Tin ion|air|unspecified,1922
Asia,Nonconformity,Tin ion|air|urban air close to ground,1923
Asia,Nonconformity,Tin ion|soil|agricultural,1924
Asia,Nonconformity,Tin ion|soil|industrial,1925
Asia,Nonconformity,Tin ion|soil|unspecified,1926
Asia,Nonconformity,Tin ion|water|ground-,1927
Asia,Nonconformity,"Tin ion|water|ground-, long-term",1928
Asia,Marginally acceptable conformity,Tin ion|water|ocean,1929
Asia,Nonconformity,Tin ion|water|surface water,1930
Asia,Nonconformity,Tin ion|water|unspecified,1931
Asia,Nonconformity,Titanium|natural resource|in ground,1945
Asia,Nonconformity,"Titanium ion|air|low population density, long-term",1933
Asia,Nonconformity,Titanium ion|air|non-urban air or from high stacks,1934
Asia,Nonconformity,Titanium ion|air|unspecified,1935
Asia,Nonconformity,Titanium ion|air|urban air close to ground,1936
Asia,Nonconformity,Titanium ion|soil|agricultural,1937
Asia,Nonconformity,Titanium ion|soil|industrial,1938
Asia,Nonconformity,Titanium ion|soil|unspecified,1939
Asia,Close conformity,Titanium ion|water|ground-,1940
Asia,Nonconformity,"Titanium ion|water|ground-, long-term",1941
Asia,Nonconformity,Titanium ion|water|ocean,1942
Asia,Acceptable conformity,Titanium ion|water|surface water,1943
Asia,Nonconformity,Titanium ion|water|unspecified,1944
Asia,Marginally acceptable conformity,Toluene|air|non-urban air or from high stacks,1951
Asia,Acceptable conformity,Toluene|air|unspecified,1952
Asia,Marginally acceptable conformity,Toluene|air|urban air close to ground,1953
Asia,Nonconformity,Toluene|water|ocean,1954
Asia,Marginally acceptable conformity,Toluene|water|surface water,1955
Asia,Nonconformity,Toluene|water|unspecified,1956
Asia,Nonconformity,Topramezone|soil|agricultural,1957
Asia,Nonconformity,Tralkoxydim|soil|agricultural,1958
Asia,Nonconformity,"Transformation, from annual crop|natural resource|land",1964
Asia,Nonconformity,"Transformation, from annual crop, irrigated|natural resource|land",1960
Asia,Nonconformity,"Transformation, from annual crop, irrigated, intensive|natural resource|land",1959
Asia,Nonconformity,"Transformation, from annual crop, non-irrigated|natural resource|land",1963
Asia,Nonconformity,"Transformation, from annual crop, non-irrigated, extensive|natural resource|land",1961
Asia,Acceptable conformity,"Transformation, from annual crop, non-irrigated, intensive|natural resource|land",1962
Asia,Marginally acceptable conformity,"Transformation, from arable land, unspecified use|natural resource|land",1965
Asia,Marginally acceptable conformity,"Transformation, from cropland fallow (non-use)|natural resource|land",1966
Asia,Nonconformity,"Transformation, from dump site|natural resource|land",1970
Asia,Marginally acceptable conformity,"Transformation, from dump site, inert material landfill|natural resource|land",1967
Asia,Nonconformity,"Transformation, from dump site, residual material landfill|natural resource|land",1968
Asia,Marginally acceptable conformity,"Transformation, from dump site, sanitary landfill|natural resource|land",1969
Asia,Nonconformity,"Transformation, from forest, extensive|natural resource|land",1971
Asia,Nonconformity,"Transformation, from forest, intensive|natural resource|land",1972
Asia,Nonconformity,"Transformation, from forest, primary (non-use)|natural resource|land",1973
Asia,Nonconformity,"Transformation, from forest, secondary (non-use)|natural resource|land",1974
Asia,Nonconformity,"Transformation, from forest, unspecified|natural resource|land",1975
Asia,Nonconformity,"Transformation, from grassland, natural (non-use)|natural resource|land",1976
Asia,Nonconformity,"Transformation, from grassland, natural, for livestock grazing|natural resource|land",1977
Asia,Nonconformity,"Transformation, from heterogeneous, agricultural|natural resource|land",1978
Asia,Nonconformity,"Transformation, from industrial area|natural resource|land",1979
Asia,Nonconformity,"Transformation, from mineral extraction site|natural resource|land",1980
Asia,Nonconformity,"Transformation, from pasture, man made|natural resource|land",1983
Asia,Marginally acceptable conformity,"Transformation, from pasture, man made, extensive|natural resource|land",1981
Asia,Nonconformity,"Transformation, from pasture, man made, intensive|natural resource|land",1982
Asia,Nonconformity,"Transformation, from permanent crop|natural resource|land",1987
Asia,Nonconformity,"Transformation, from permanent crop, irrigated|natural resource|land",1985
Asia,Nonconformity,"Transformation, from permanent crop, irrigated, intensive|natural resource|land",1984
Asia,Nonconformity,"Transformation, from permanent crop, non-irrigated|natural resource|land",1986
Asia,Acceptable conformity,"Transformation, from river, natural (non-use)|natural resource|land",1988
Asia,Nonconformity,"Transformation, from seabed, infrastructure|natural resource|land",1989
Asia,Acceptable conformity,"Transformation, from seabed, unspecified|natural resource|land",1990
Asia,Nonconformity,"Transformation, from shrub land, sclerophyllous|natural resource|land",1991
Asia,Nonconformity,"Transformation, from traffic area, rail/road embankment|natural resource|land",1992
Asia,Nonconformity,"Transformation, from traffic area, road network|natural resource|land",1993
Asia,Nonconformity,"Transformation, from unspecified|natural resource|land",1995
Asia,Nonconformity,"Transformation, from unspecified, natural (non-use)|natural resource|land",1994
Asia,Nonconformity,"Transformation, from wetland, inland (non-use)|natural resource|land",1996
Asia,Nonconformity,"Transformation, to annual crop|natural resource|land",2002
Asia,Nonconformity,"Transformation, to annual crop, irrigated|natural resource|land",1998
Asia,Marginally acceptable conformity,"Transformation, to annual crop, irrigated, intensive|natural resource|land",1997
Asia,Nonconformity,"Transformation, to annual crop, non-irrigated|natural resource|land",2001
Asia,Nonconformity,"Transformation, to annual crop, non-irrigated, extensive|natural resource|land",1999
Asia,Nonconformity,"Transformation, to annual crop, non-irrigated, intensive|natural resource|land",2000
Asia,Acceptable conformity,"Transformation, to arable land, unspecified use|natural resource|land",2003
Asia,Marginally acceptable conformity,"Transformation, to cropland fallow (non-use)|natural resource|land",2004
Asia,Nonconformity,"Transformation, to dump site|natural resource|land",2008
Asia,Marginally acceptable conformity,"Transformation, to dump site, inert material landfill|natural resource|land",2005
Asia,Nonconformity,"Transformation, to dump site, residual material landfill|natural resource|land",2006
Asia,Marginally acceptable conformity,"Transformation, to dump site, sanitary landfill|natural resource|land",2007
Asia,Nonconformity,"Transformation, to forest, extensive|natural resource|land",2009
Asia,Nonconformity,"Transformation, to forest, intensive|natural resource|land",2010
Asia,Acceptable conformity,"Transformation, to forest, secondary (non-use)|natural resource|land",2011
Asia,Nonconformity,"Transformation, to forest, unspecified|natural resource|land",2012
Asia,Nonconformity,"Transformation, to grassland, natural (non-use)|natural resource|land",2013
Asia,Acceptable conformity,"Transformation, to grassland, natural, for livestock grazing|natural resource|land",2014
Asia,Marginally acceptable conformity,"Transformation, to heterogeneous, agricultural|natural resource|land",2015
Asia,Nonconformity,"Transformation, to industrial area|natural resource|land",2016
Asia,Marginally acceptable conformity,"Transformation, to inland waterbody, unspecified|natural resource|land",2017
Asia,Nonconformity,"Transformation, to lake, artificial|natural resource|land",2018
Asia,Nonconformity,"Transformation, to mineral extraction site|natural resource|land",2019
Asia,Nonconformity,"Transformation, to pasture, man made|natural resource|land",2022
Asia,Marginally acceptable conformity,"Transformation, to pasture, man made, extensive|natural resource|land",2020
Asia,Nonconformity,"Transformation, to pasture, man made, intensive|natural resource|land",2021
Asia,Nonconformity,"Transformation, to permanent crop|natural resource|land",2026
Asia,Nonconformity,"Transformation, to permanent crop, irrigated|natural resource|land",2024
Asia,Nonconformity,"Transformation, to permanent crop, irrigated, intensive|natural resource|land",2023
Asia,Nonconformity,"Transformation, to permanent crop, non-irrigated|natural resource|land",2025
Asia,Nonconformity,"Transformation, to river, artificial|natural resource|land",2027
Asia,Acceptable conformity,"Transformation, to seabed, drilling and mining|natural resource|land",2028
Asia,Nonconformity,"Transformation, to seabed, infrastructure|natural resource|land",2029
Asia,Nonconformity,"Transformation, to seabed, unspecified|natural resource|land",2030
Asia,Nonconformity,"Transformation, to traffic area, rail network|natural resource|land",2031
Asia,Nonconformity,"Transformation, to traffic area, rail/road embankment|natural resource|land",2032
Asia,Acceptable conformity,"Transformation, to traffic area, road network|natural resource|land",2033
Asia,Nonconformity,"Transformation, to unspecified|natural resource|land",2035
Asia,Nonconformity,"Transformation, to unspecified, natural (non-use)|natural resource|land",2034
Asia,Nonconformity,"Transformation, to urban, discontinuously built|natural resource|land",2036
Asia,Marginally acceptable conformity,"Transformation, to wetland, inland (non-use)|natural resource|land",2037
Asia,Nonconformity,Triadimenol|soil|agricultural,2038
Asia,Nonconformity,Triallate|soil|agricultural,2039
Asia,Nonconformity,Triasulfuron|soil|agricultural,2040
Asia,Nonconformity,Tribenuron|soil|agricultural,2042
Asia,Nonconformity,Tribenuron-methyl|soil|agricultural,2041
Asia,Nonconformity,Tributyltin compounds|water|ocean,2043
Asia,Nonconformity,Tributyltin compounds|water|unspecified,2044
Asia,Nonconformity,Trichlorfon|soil|agricultural,2045
Asia,Nonconformity,Trichloroethylene|air|unspecified,2046
Asia,Nonconformity,Trichlorofluoromethane|air|urban air close to ground,2047
Asia,Nonconformity,Triclopyr|soil|agricultural,2048
Asia,Marginally acceptable conformity,Triethylene glycol|water|unspecified,2049
Asia,Nonconformity,Trifloxystrobin|air|non-urban air or from high stacks,2050
Asia,Nonconformity,Trifloxystrobin|soil|agricultural,2051
Asia,Nonconformity,Trifloxystrobin|soil|forestry,2052
Asia,Nonconformity,Trifloxystrobin|water|ground-,2053
Asia,Nonconformity,Trifloxystrobin|water|surface water,2054
Asia,Nonconformity,Trifloxystrobin|water|unspecified,2055
Asia,Nonconformity,Triflumuron|air|non-urban air or from high stacks,2056
Asia,Nonconformity,Triflumuron|soil|agricultural,2057
Asia,Nonconformity,Triflumuron|soil|forestry,2058
Asia,Nonconformity,Triflumuron|water|ground-,2059
Asia,Nonconformity,Triflumuron|water|unspecified,2060
Asia,Nonconformity,Trifluoromethane|air|non-urban air or from high stacks,2061
Asia,Nonconformity,Trifluoromethane|air|urban air close to ground,2062
Asia,Nonconformity,Trifluralin|air|non-urban air or from high stacks,2063
Asia,Nonconformity,Trifluralin|soil|agricultural,2064
Asia,Nonconformity,Trimethyl borate|air|urban air close to ground,2065
Asia,Acceptable conformity,Trimethylamine|air|urban air close to ground,2066
Asia,Nonconformity,Trimethylamine|water|surface water,2067
Asia,Nonconformity,Trimethylchlorosilane|air|urban air close to ground,2068
Asia,Marginally acceptable conformity,Trinexapac-ethyl|soil|agricultural,2069
Asia,Marginally acceptable conformity,Trioctyltin|water|ocean,2070
Asia,Nonconformity,Triphenyltin|water|ocean,2071
Asia,Nonconformity,Tritium|air|non-urban air or from high stacks,2072
Asia,Nonconformity,Tritium|water|ocean,2073
Asia,Nonconformity,Tritium|water|surface water,2074
Asia,Nonconformity,"Tungsten|air|low population density, long-term",2075
Asia,Nonconformity,Tungsten|air|non-urban air or from high stacks,2076
Asia,Nonconformity,Tungsten|soil|agricultural,2077
Asia,Nonconformity,Tungsten|soil|industrial,2078
Asia,Nonconformity,Tungsten|water|ground-,2079
Asia,Nonconformity,"Tungsten|water|ground-, long-term",2080
Asia,Nonconformity,Tungsten|water|surface water,2081
Asia,Nonconformity,Ulexite|natural resource|in ground,2082
Asia,Nonconformity,Uranium|air|non-urban air or from high stacks,2096
Asia,Nonconformity,Uranium|air|unspecified,2097
Asia,Marginally acceptable conformity,Uranium|air|urban air close to ground,2098
Asia,Nonconformity,Uranium|natural resource|in ground,2099
Asia,Nonconformity,Uranium alpha|air|non-urban air or from high stacks,2094
Asia,Nonconformity,Uranium alpha|water|surface water,2095
Asia,Nonconformity,Uranium-234|air|non-urban air or from high stacks,2083
Asia,Nonconformity,Uranium-234|water|surface water,2084
Asia,Nonconformity,Uranium-235|air|non-urban air or from high stacks,2085
Asia,Nonconformity,Uranium-235|water|surface water,2086
Asia,Nonconformity,Uranium-238|air|non-urban air or from high stacks,2087
Asia,Marginally acceptable conformity,Uranium-238|air|unspecified,2088
Asia,Nonconformity,Uranium-238|air|urban air close to ground,2089
Asia,Nonconformity,Uranium-238|water|ground-,2090
Asia,Acceptable conformity,Uranium-238|water|ocean,2091
Asia,Marginally acceptable conformity,Uranium-238|water|surface water,2092
Asia,Nonconformity,Uranium-238|water|unspecified,2093
Asia,Nonconformity,Urea|water|surface water,2100
Asia,Nonconformity,Urea|water|unspecified,2101
Asia,Nonconformity,"VOC, volatile organic compounds|air|unspecified",2120
Asia,Marginally acceptable conformity,"VOC, volatile organic compounds|water|ocean",2121
Asia,Acceptable conformity,"VOC, volatile organic compounds|water|surface water",2122
Asia,Nonconformity,"VOC, volatile organic compounds|water|unspecified",2123
Asia,Nonconformity,Vanadium|natural resource|in ground,2114
Asia,Nonconformity,"Vanadium V|air|low population density, long-term",2102
Asia,Nonconformity,Vanadium V|air|non-urban air or from high stacks,2103
Asia,Nonconformity,Vanadium V|air|unspecified,2104
Asia,Marginally acceptable conformity,Vanadium V|air|urban air close to ground,2105
Asia,Nonconformity,Vanadium V|soil|agricultural,2106
Asia,Nonconformity,Vanadium V|soil|industrial,2107
Asia,Nonconformity,Vanadium V|soil|unspecified,2108
Asia,Marginally acceptable conformity,Vanadium V|water|ground-,2109
Asia,Nonconformity,"Vanadium V|water|ground-, long-term",2110
Asia,Acceptable conformity,Vanadium V|water|ocean,2111
Asia,Nonconformity,Vanadium V|water|surface water,2112
Asia,Nonconformity,Vanadium V|water|unspecified,2113
Asia,Nonconformity,Vinclozolin|soil|agricultural,2115
Asia,Nonconformity,Vinyl chloride|air|unspecified,2116
Asia,Nonconformity,Vinyl chloride|air|urban air close to ground,2117
Asia,Marginally acceptable conformity,Vinyl chloride|water|surface water,2118
Asia,Nonconformity,Vinyl chloride|water|unspecified,2119
Asia,Nonconformity,"Volume occupied, final repository for low-active radioactive waste|natural resource|in ground",2124
Asia,Nonconformity,"Volume occupied, final repository for radioactive waste|natural resource|in ground",2125
Asia,Nonconformity,"Volume occupied, reservoir|natural resource|in water",2126
Asia,Nonconformity,"Volume occupied, underground deposit|natural resource|in ground",2127
Asia,Nonconformity,"Waste mass, total, placed in landfill|inventory indicator|waste",2128
Asia,Marginally acceptable conformity,Water|air|lower stratosphere + upper troposphere,2140
Asia,Nonconformity,Water|air|non-urban air or from high stacks,2141
Asia,Nonconformity,Water|air|unspecified,2142
Asia,Nonconformity,Water|air|urban air close to ground,2143
Asia,Marginally acceptable conformity,Water|water|ground-,2144
Asia,Nonconformity,Water|water|ocean,2145
Asia,Nonconformity,Water|water|unspecified,2146
Asia,Nonconformity,"Water, cooling, unspecified natural origin|natural resource|in water",2129
Asia,Nonconformity,"Water, in air|natural resource|in air",2130
Asia,Nonconformity,"Water, lake|natural resource|in water",2131
Asia,Nonconformity,"Water, river|natural resource|in water",2132
Asia,Nonconformity,"Water, salt, ocean|natural resource|in water",2133
Asia,Nonconformity,"Water, salt, sole|natural resource|in water",2134
Asia,Nonconformity,"Water, turbine use, unspecified natural origin|natural resource|in water",2135
Asia,Nonconformity,"Water, unspecified natural origin|natural resource|fossil well",2136
Asia,Nonconformity,"Water, unspecified natural origin|natural resource|in ground",2137
Asia,Nonconformity,"Water, unspecified natural origin|natural resource|in water",2138
Asia,Nonconformity,"Water, well, in ground|natural resource|in water",2139
Asia,Nonconformity,"Wood, hard, standing|natural resource|biotic",2147
Asia,Nonconformity,"Wood, soft, standing|natural resource|biotic",2148
Asia,Nonconformity,"Wood, unspecified, standing|natural resource|biotic",2149
Asia,Nonconformity,Xenon|natural resource|in air,2157
Asia,Nonconformity,Xenon-131m|air|non-urban air or from high stacks,2150
Asia,Nonconformity,Xenon-133|air|non-urban air or from high stacks,2151
Asia,Nonconformity,Xenon-133m|air|non-urban air or from high stacks,2152
Asia,Marginally acceptable conformity,Xenon-135|air|non-urban air or from high stacks,2153
Asia,Nonconformity,Xenon-135m|air|non-urban air or from high stacks,2154
Asia,Nonconformity,Xenon-137|air|non-urban air or from high stacks,2155
Asia,Nonconformity,Xenon-138|air|non-urban air or from high stacks,2156
Asia,Nonconformity,"Xylenes, unspecified|air|non-urban air or from high stacks",2158
Asia,Nonconformity,"Xylenes, unspecified|air|unspecified",2159
Asia,Nonconformity,"Xylenes, unspecified|air|urban air close to ground",2160
Asia,Marginally acceptable conformity,"Xylenes, unspecified|water|ocean",2161
Asia,Marginally acceptable conformity,"Xylenes, unspecified|water|surface water",2162
Asia,Nonconformity,"Xylenes, unspecified|water|unspecified",2163
Asia,Nonconformity,Ytterbium|natural resource|in ground,2164
Asia,Nonconformity,Yttrium|natural resource|in ground,2165
Asia,Nonconformity,Zeta-cypermethrin|soil|agricultural,2166
Asia,Nonconformity,Zinc|natural resource|in ground,2182
Asia,Nonconformity,"Zinc II|air|low population density, long-term",2169
Asia,Marginally acceptable conformity,Zinc II|air|lower stratosphere + upper troposphere,2170
Asia,Nonconformity,Zinc II|air|non-urban air or from high stacks,2171
Asia,Nonconformity,Zinc II|air|unspecified,2172
Asia,Nonconformity,Zinc II|air|urban air close to ground,2173
Asia,Nonconformity,Zinc II|soil|agricultural,2174
Asia,Marginally acceptable conformity,Zinc II|soil|industrial,2175
Asia,Nonconformity,Zinc II|soil|unspecified,2176
Asia,Marginally acceptable conformity,Zinc II|water|ground-,2177
Asia,Nonconformity,"Zinc II|water|ground-, long-term",2178
Asia,Marginally acceptable conformity,Zinc II|water|ocean,2179
Asia,Nonconformity,Zinc II|water|surface water,2180
Asia,Nonconformity,Zinc II|water|unspecified,2181
Asia,Nonconformity,Zinc-65|air|non-urban air or from high stacks,2167
Asia,Nonconformity,Zinc-65|water|surface water,2168
Asia,Nonconformity,Zineb|soil|agricultural,2183
Asia,Nonconformity,Zirconium|air|non-urban air or from high stacks,2186
Asia,Nonconformity,Zirconium|natural resource|in ground,2187
Asia,Nonconformity,Zirconium-95|air|non-urban air or from high stacks,2184
Asia,Nonconformity,Zirconium-95|water|surface water,2185
Asia,Nonconformity,Zoxamide|soil|agricultural,2188
Asia,Nonconformity,m-Xylene|air|non-urban air or from high stacks,1102
Asia,Nonconformity,m-Xylene|air|unspecified,1103
Asia,Nonconformity,m-Xylene|air|urban air close to ground,1104
Asia,Nonconformity,m-Xylene|water|surface water,1105
Asia,Nonconformity,o-Chlorotoluene|air|urban air close to ground,1342
Asia,Nonconformity,o-Chlorotoluene|water|surface water,1343
Asia,Nonconformity,o-Dichlorobenzene|air|urban air close to ground,1344
Asia,Marginally acceptable conformity,o-Dichlorobenzene|water|surface water,1345
Asia,Nonconformity,o-Nitrotoluene|air|urban air close to ground,1346
Asia,Nonconformity,o-Xylene|air|unspecified,1347
Asia,Nonconformity,o-Xylene|air|urban air close to ground,1348
Asia,Nonconformity,t-Butyl amine|air|urban air close to ground,1814
Asia,Nonconformity,t-Butyl amine|water|surface water,1815
Asia,Marginally acceptable conformity,t-Butyl methyl ether|air|unspecified,1816
Asia,Nonconformity,t-Butyl methyl ether|air|urban air close to ground,1817
Asia,Nonconformity,t-Butyl methyl ether|water|surface water,1818
Asia,Nonconformity,t-Butyl methyl ether|water|unspecified,1819
Asia,Marginally acceptable conformity,tau-Fluvalinate|soil|agricultural,1822
Europe,Acceptable conformity,"1,1,1,2-Tetrafluoroethane|air|non-urban air or from high stacks",12
Europe,Acceptable conformity,"1,1,1,2-Tetrafluoroethane|air|unspecified",13
Europe,Acceptable conformity,"1,1,1,2-Tetrafluoroethane|air|urban air close to ground",14
Europe,Marginally acceptable conformity,"1,1,1-Trichloroethane|air|non-urban air or from high stacks",7
Europe,Marginally acceptable conformity,"1,1,1-Trichloroethane|air|unspecified",8
Europe,Acceptable conformity,"1,1,1-Trichloroethane|water|surface water",9
Europe,Acceptable conformity,"1,1,1-Trichloroethane|water|unspecified",10
Europe,Acceptable conformity,"1,1,1-Trifluoroethane|air|non-urban air or from high stacks",11
Europe,Acceptable conformity,"1,1,2-Trichloro-1,2,2-trifluoroethane|air|non-urban air or from high stacks",15
Europe,Marginally acceptable conformity,"1,1,2-Trichloro-1,2,2-trifluoroethane|air|unspecified",16
Europe,Acceptable conformity,"1,1,2-Trichloro-1,2,2-trifluoroethane|air|urban air close to ground",17
Europe,Acceptable conformity,"1,1-Difluoroethane|air|non-urban air or from high stacks",5
Europe,Acceptable conformity,"1,1-Difluoroethane|air|urban air close to ground",6
Europe,Acceptable conformity,"1,3-Dichloropropene|soil|agricultural",18
Europe,Marginally acceptable conformity,"1,4-Butanediol|air|urban air close to ground",19
Europe,Marginally acceptable conformity,"1,4-Butanediol|water|surface water",20
Europe,Close conformity,1-Pentanol|air|urban air close to ground,1
Europe,Close conformity,1-Pentanol|water|surface water,2
Europe,Acceptable conformity,1-Pentene|air|urban air close to ground,3
Europe,Acceptable conformity,1-Pentene|water|surface water,4
Europe,Acceptable conformity,"2,2,4-Trimethylpentane|air|unspecified",29
Europe,Acceptable conformity,"2,4-D|air|non-urban air or from high stacks",38
Europe,Nonconformity,"2,4-D|soil|agricultural",39
Europe,Acceptable conformity,"2,4-D|soil|forestry",40
Europe,Acceptable conformity,"2,4-D|water|ground-",41
Europe,Acceptable conformity,"2,4-D|water|unspecified",42
Europe,Acceptable conformity,"2,4-D dimethylamine salt|air|non-urban air or from high stacks",30
Europe,Acceptable conformity,"2,4-D dimethylamine salt|soil|agricultural",31
Europe,Nonconformity,"2,4-D dimethylamine salt|water|ground-",32
Europe,Nonconformity,"2,4-D dimethylamine salt|water|surface water",33
Europe,Nonconformity,"2,4-D ester|air|non-urban air or from high stacks",34
Europe,Acceptable conformity,"2,4-D ester|soil|agricultural",35
Europe,Acceptable conformity,"2,4-D ester|water|ground-",36
Europe,Marginally acceptable conformity,"2,4-D ester|water|surface water",37
Europe,Acceptable conformity,"2,4-DB|air|non-urban air or from high stacks",43
Europe,Acceptable conformity,"2,4-DB|soil|agricultural",44
Europe,Acceptable conformity,"2,4-DB|water|ground-",45
Europe,Acceptable conformity,"2,4-DB|water|surface water",46
Europe,Acceptable conformity,"2,4-Dichlorophenol|air|unspecified",47
Europe,Acceptable conformity,"2,4-Dichlorophenol|air|urban air close to ground",48
Europe,Acceptable conformity,2-Aminopropanol|air|urban air close to ground,21
Europe,Close conformity,2-Aminopropanol|water|surface water,22
Europe,Marginally acceptable conformity,"2-Chloro-1,1,1,2-tetrafluoroethane|air|unspecified",23
Europe,Acceptable conformity,2-Chlorophenol|water|unspecified,24
Europe,Acceptable conformity,2-Methyl-2-butanol|water|unspecified,25
Europe,Acceptable conformity,2-Methyl-2-butene|air|urban air close to ground,26
Europe,Acceptable conformity,2-Methyl-2-butene|water|unspecified,27
Europe,Close conformity,2-Nitrobenzoic acid|air|urban air close to ground,28
Europe,Acceptable conformity,4-Methyl-2-pentanol|water|surface water,49
Europe,Close conformity,4-Methyl-2-pentanone|air|non-urban air or from high stacks,50
Europe,Marginally acceptable conformity,4-Methyl-2-pentanone|air|urban air close to ground,51
Europe,Marginally acceptable conformity,4-Methyl-2-pentanone|water|surface water,52
Europe,Acceptable conformity,"AOX, Adsorbable Organic Halides|water|ocean",179
Europe,Acceptable conformity,"AOX, Adsorbable Organic Halides|water|surface water",180
Europe,Acceptable conformity,"AOX, Adsorbable Organic Halides|water|unspecified",181
Europe,Acceptable conformity,Abamectin|air|non-urban air or from high stacks,53
Europe,Acceptable conformity,Abamectin|soil|agricultural,54
Europe,Acceptable conformity,Abamectin|soil|forestry,55
Europe,Acceptable conformity,Abamectin|water|ground-,56
Europe,Acceptable conformity,Abamectin|water|unspecified,57
Europe,Nonconformity,Acenaphthene|air|non-urban air or from high stacks,58
Europe,Marginally acceptable conformity,Acenaphthene|air|unspecified,59
Europe,Acceptable conformity,Acenaphthene|water|ocean,60
Europe,Marginally acceptable conformity,Acenaphthene|water|surface water,61
Europe,Marginally acceptable conformity,Acenaphthylene|air|non-urban air or from high stacks,62
Europe,Acceptable conformity,Acenaphthylene|air|unspecified,63
Europe,Close conformity,Acenaphthylene|water|ocean,64
Europe,Nonconformity,Acenaphthylene|water|surface water,65
Europe,Acceptable conformity,Acephate|air|non-urban air or from high stacks,66
Europe,Close conformity,Acephate|soil|agricultural,67
Europe,Acceptable conformity,Acephate|soil|forestry,68
Europe,Acceptable conformity,Acephate|water|ground-,69
Europe,Acceptable conformity,Acephate|water|unspecified,70
Europe,Close conformity,Acetaldehyde|air|non-urban air or from high stacks,71
Europe,Acceptable conformity,Acetaldehyde|air|unspecified,72
Europe,Acceptable conformity,Acetaldehyde|air|urban air close to ground,73
Europe,Marginally acceptable conformity,Acetaldehyde|water|surface water,74
Europe,Nonconformity,Acetaldehyde|water|unspecified,75
Europe,Acceptable conformity,Acetamiprid|air|non-urban air or from high stacks,76
Europe,Marginally acceptable conformity,Acetamiprid|soil|agricultural,77
Europe,Acceptable conformity,Acetamiprid|soil|forestry,78
Europe,Acceptable conformity,Acetamiprid|water|ground-,79
Europe,Acceptable conformity,Acetamiprid|water|unspecified,80
Europe,Acceptable conformity,Acetic acid|air|non-urban air or from high stacks,81
Europe,Acceptable conformity,Acetic acid|air|unspecified,82
Europe,Nonconformity,Acetic acid|air|urban air close to ground,83
Europe,Acceptable conformity,Acetic acid|water|surface water,84
Europe,Marginally acceptable conformity,Acetic acid|water|unspecified,85
Europe,Marginally acceptable conformity,Acetic anhydride|water|unspecified,86
Europe,Marginally acceptable conformity,Acetochlor|soil|agricultural,87
Europe,Marginally acceptable conformity,Acetone|air|non-urban air or from high stacks,88
Europe,Marginally acceptable conformity,Acetone|air|unspecified,89
Europe,Close conformity,Acetone|air|urban air close to ground,90
Europe,Acceptable conformity,Acetone|water|surface water,91
Europe,Acceptable conformity,Acetone|water|unspecified,92
Europe,Acceptable conformity,Acetonitrile|air|non-urban air or from high stacks,93
Europe,Acceptable conformity,Acetonitrile|water|surface water,94
Europe,Close conformity,Acetyl chloride|water|surface water,95
Europe,Acceptable conformity,Acetylene|air|non-urban air or from high stacks,96
Europe,Acceptable conformity,Acetylene|air|unspecified,97
Europe,Acceptable conformity,Acetylene|air|urban air close to ground,98
Europe,Marginally acceptable conformity,"Acidity, unspecified|water|surface water",99
Europe,Acceptable conformity,Acifluorfen|soil|agricultural,100
Europe,Acceptable conformity,Aclonifen|soil|agricultural,101
Europe,Acceptable conformity,Acrinathrin|soil|agricultural,102
Europe,Acceptable conformity,Acrolein|air|non-urban air or from high stacks,103
Europe,Close conformity,Acrolein|air|unspecified,104
Europe,Acceptable conformity,Acrolein|air|urban air close to ground,105
Europe,Acceptable conformity,Acrylate|water|surface water,106
Europe,Close conformity,Acrylic acid|air|urban air close to ground,107
Europe,Marginally acceptable conformity,"Actinides, radioactive, unspecified|air|non-urban air or from high stacks",108
Europe,Acceptable conformity,"Actinides, radioactive, unspecified|water|ocean",109
Europe,Nonconformity,"Aerosols, radioactive, unspecified|air|non-urban air or from high stacks",110
Europe,Acceptable conformity,Alachlor|soil|agricultural,111
Europe,Nonconformity,"Aldehydes, unspecified|air|non-urban air or from high stacks",112
Europe,Acceptable conformity,"Aldehydes, unspecified|air|unspecified",113
Europe,Marginally acceptable conformity,"Aldehydes, unspecified|air|urban air close to ground",114
Europe,Acceptable conformity,Aldicarb|soil|agricultural,115
Europe,Acceptable conformity,Aldrin|soil|agricultural,116
Europe,Acceptable conformity,Alkylbenzene (c10-c15)|air|non-urban air or from high stacks,117
Europe,Close conformity,Alkylbenzene (c10-c15)|soil|agricultural,118
Europe,Acceptable conformity,Alkylbenzene (c10-c15)|soil|forestry,119
Europe,Nonconformity,Allyl chloride|water|unspecified,120
Europe,Acceptable conformity,Alpha-cypermethrin|air|non-urban air or from high stacks,121
Europe,Nonconformity,Alpha-cypermethrin|soil|agricultural,122
Europe,Acceptable conformity,Alpha-cypermethrin|soil|forestry,123
Europe,Acceptable conformity,Alpha-cypermethrin|water|unspecified,124
Europe,Acceptable conformity,Aluminium|natural resource|in ground,138
Europe,Acceptable conformity,"Aluminium III|air|low population density, long-term",126
Europe,Nonconformity,Aluminium III|air|non-urban air or from high stacks,127
Europe,Nonconformity,Aluminium III|air|unspecified,128
Europe,Marginally acceptable conformity,Aluminium III|air|urban air close to ground,129
Europe,Nonconformity,Aluminium III|soil|agricultural,130
Europe,Acceptable conformity,Aluminium III|soil|industrial,131
Europe,Nonconformity,Aluminium III|soil|unspecified,132
Europe,Acceptable conformity,Aluminium III|water|ground-,133
Europe,Acceptable conformity,"Aluminium III|water|ground-, long-term",134
Europe,Acceptable conformity,Aluminium III|water|ocean,135
Europe,Acceptable conformity,Aluminium III|water|surface water,136
Europe,Acceptable conformity,Aluminium III|water|unspecified,137
Europe,Close conformity,Aluminium hydroxide|water|unspecified,125
Europe,Marginally acceptable conformity,Ametryn|soil|agricultural,139
Europe,Marginally acceptable conformity,Amidosulfuron|soil|agricultural,140
Europe,Acceptable conformity,"Ammonia|air|low population density, long-term",141
Europe,Acceptable conformity,Ammonia|air|non-urban air or from high stacks,142
Europe,Acceptable conformity,Ammonia|air|unspecified,143
Europe,Nonconformity,Ammonia|air|urban air close to ground,144
Europe,Acceptable conformity,Ammonia|soil|industrial,145
Europe,Nonconformity,Ammonium|water|ground-,148
Europe,Acceptable conformity,"Ammonium|water|ground-, long-term",149
Europe,Acceptable conformity,Ammonium|water|ocean,150
Europe,Acceptable conformity,Ammonium|water|surface water,151
Europe,Acceptable conformity,Ammonium|water|unspecified,152
Europe,Acceptable conformity,Ammonium carbonate|air|urban air close to ground,146
Europe,Marginally acceptable conformity,Ammonium sulfate|water|unspecified,147
Europe,Marginally acceptable conformity,Anhydrite|natural resource|in ground,153
Europe,Marginally acceptable conformity,Aniline|air|urban air close to ground,154
Europe,Acceptable conformity,Aniline|water|surface water,155
Europe,Acceptable conformity,Aniline|water|unspecified,156
Europe,Marginally acceptable conformity,Anthracene|air|non-urban air or from high stacks,157
Europe,Acceptable conformity,Anthracene|air|unspecified,158
Europe,Acceptable conformity,Anthracene|water|surface water,159
Europe,Acceptable conformity,Anthranilic acid|air|urban air close to ground,160
Europe,Marginally acceptable conformity,Anthraquinone|soil|agricultural,161
Europe,Acceptable conformity,"Antimony ion|air|low population density, long-term",167
Europe,Acceptable conformity,Antimony ion|air|non-urban air or from high stacks,168
Europe,Acceptable conformity,Antimony ion|air|unspecified,169
Europe,Acceptable conformity,Antimony ion|air|urban air close to ground,170
Europe,Close conformity,Antimony ion|soil|agricultural,171
Europe,Acceptable conformity,Antimony ion|soil|industrial,172
Europe,Nonconformity,Antimony ion|soil|unspecified,173
Europe,Nonconformity,Antimony ion|water|ground-,174
Europe,Acceptable conformity,"Antimony ion|water|ground-, long-term",175
Europe,Acceptable conformity,Antimony ion|water|ocean,176
Europe,Marginally acceptable conformity,Antimony ion|water|surface water,177
Europe,Acceptable conformity,Antimony ion|water|unspecified,178
Europe,Marginally acceptable conformity,Antimony-122|water|surface water,162
Europe,Marginally acceptable conformity,Antimony-124|air|non-urban air or from high stacks,163
Europe,Marginally acceptable conformity,Antimony-124|water|surface water,164
Europe,Acceptable conformity,Antimony-125|air|non-urban air or from high stacks,165
Europe,Marginally acceptable conformity,Antimony-125|water|surface water,166
Europe,Acceptable conformity,Argon|air|unspecified,183
Europe,Acceptable conformity,Argon|natural resource|in air,184
Europe,Acceptable conformity,Argon-41|air|non-urban air or from high stacks,182
Europe,Acceptable conformity,"Arsenic ion|air|low population density, long-term",185
Europe,Acceptable conformity,Arsenic ion|air|non-urban air or from high stacks,186
Europe,Nonconformity,Arsenic ion|air|unspecified,187
Europe,Acceptable conformity,Arsenic ion|air|urban air close to ground,188
Europe,Acceptable conformity,Arsenic ion|soil|agricultural,189
Europe,Marginally acceptable conformity,Arsenic ion|soil|industrial,190
Europe,Marginally acceptable conformity,Arsenic ion|soil|unspecified,191
Europe,Marginally acceptable conformity,Arsenic ion|water|ground-,192
Europe,Acceptable conformity,"Arsenic ion|water|ground-, long-term",193
Europe,Acceptable conformity,Arsenic ion|water|ocean,194
Europe,Acceptable conformity,Arsenic ion|water|surface water,195
Europe,Marginally acceptable conformity,Arsenic ion|water|unspecified,196
Europe,Acceptable conformity,Arsine|air|urban air close to ground,197
Europe,Acceptable conformity,Asulam|soil|agricultural,198
Europe,Nonconformity,Atrazine|air|non-urban air or from high stacks,199
Europe,Acceptable conformity,Atrazine|soil|agricultural,200
Europe,Nonconformity,Atrazine|soil|forestry,201
Europe,Nonconformity,Atrazine|water|ground-,202
Europe,Nonconformity,Atrazine|water|unspecified,203
Europe,Acceptable conformity,Azadirachtin|soil|agricultural,204
Europe,Acceptable conformity,Azinphos-methyl|soil|agricultural,205
Europe,Acceptable conformity,Azoxystrobin|air|non-urban air or from high stacks,206
Europe,Close conformity,Azoxystrobin|soil|agricultural,207
Europe,Acceptable conformity,Azoxystrobin|soil|forestry,208
Europe,Acceptable conformity,Azoxystrobin|water|ground-,209
Europe,Acceptable conformity,Azoxystrobin|water|unspecified,210
Europe,Nonconformity,"BOD5, Biological Oxygen Demand|water|ground-",289
Europe,Close conformity,"BOD5, Biological Oxygen Demand|water|ground-, long-term",290
Europe,Acceptable conformity,"BOD5, Biological Oxygen Demand|water|ocean",291
Europe,Acceptable conformity,"BOD5, Biological Oxygen Demand|water|surface water",292
Europe,Nonconformity,"BOD5, Biological Oxygen Demand|water|unspecified",293
Europe,Close conformity,Barite|water|ocean,211
Europe,Acceptable conformity,Barium|natural resource|in ground,226
Europe,Acceptable conformity,"Barium II|air|low population density, long-term",214
Europe,Acceptable conformity,Barium II|air|non-urban air or from high stacks,215
Europe,Acceptable conformity,Barium II|air|unspecified,216
Europe,Nonconformity,Barium II|air|urban air close to ground,217
Europe,Marginally acceptable conformity,Barium II|soil|agricultural,218
Europe,Acceptable conformity,Barium II|soil|industrial,219
Europe,Marginally acceptable conformity,Barium II|soil|unspecified,220
Europe,Acceptable conformity,Barium II|water|ground-,221
Europe,Marginally acceptable conformity,"Barium II|water|ground-, long-term",222
Europe,Acceptable conformity,Barium II|water|ocean,223
Europe,Acceptable conformity,Barium II|water|surface water,224
Europe,Acceptable conformity,Barium II|water|unspecified,225
Europe,Acceptable conformity,Barium-140|air|non-urban air or from high stacks,212
Europe,Acceptable conformity,Barium-140|water|surface water,213
Europe,Nonconformity,Basalt|natural resource|in ground,227
Europe,Close conformity,Benomyl|soil|agricultural,228
Europe,Marginally acceptable conformity,Bensulfuron methyl ester|soil|agricultural,229
Europe,Nonconformity,Bentazone|air|non-urban air or from high stacks,230
Europe,Marginally acceptable conformity,Bentazone|soil|agricultural,231
Europe,Nonconformity,Bentazone|water|ground-,232
Europe,Nonconformity,Bentazone|water|surface water,233
Europe,Acceptable conformity,Benz(a)anthracene|air|non-urban air or from high stacks,234
Europe,Marginally acceptable conformity,Benz(a)anthracene|air|unspecified,235
Europe,Nonconformity,Benz(a)anthracene|water|surface water,236
Europe,Nonconformity,Benzal chloride|air|urban air close to ground,237
Europe,Nonconformity,Benzaldehyde|air|non-urban air or from high stacks,238
Europe,Acceptable conformity,Benzaldehyde|air|unspecified,239
Europe,Marginally acceptable conformity,Benzaldehyde|air|urban air close to ground,240
Europe,Acceptable conformity,Benzene|air|non-urban air or from high stacks,241
Europe,Marginally acceptable conformity,Benzene|air|unspecified,242
Europe,Marginally acceptable conformity,Benzene|air|urban air close to ground,243
Europe,Acceptable conformity,Benzene|water|ocean,244
Europe,Acceptable conformity,Benzene|water|surface water,245
Europe,Marginally acceptable conformity,Benzene|water|unspecified,246
Europe,Close conformity,Benzo(a)pyrene|air|unspecified,247
Europe,Marginally acceptable conformity,Benzo(a)pyrene|air|urban air close to ground,248
Europe,Marginally acceptable conformity,Benzo(a)pyrene|water|surface water,249
Europe,Acceptable conformity,Benzo(b)fluoranthene|air|non-urban air or from high stacks,250
Europe,Acceptable conformity,Benzo(b)fluoranthene|air|unspecified,251
Europe,Marginally acceptable conformity,Benzo(b)fluoranthene|water|surface water,252
Europe,Acceptable conformity,Benzo(ghi)perylene|air|non-urban air or from high stacks,253
Europe,Marginally acceptable conformity,Benzo(ghi)perylene|air|unspecified,254
Europe,Marginally acceptable conformity,Benzo(ghi)perylene|water|surface water,255
Europe,Marginally acceptable conformity,Benzo(k)fluoranthene|air|non-urban air or from high stacks,256
Europe,Acceptable conformity,Benzo(k)fluoranthene|air|unspecified,257
Europe,Acceptable conformity,Benzo(k)fluoranthene|water|surface water,258
Europe,Acceptable conformity,Benzovindiflupyr|soil|agricultural,259
Europe,Acceptable conformity,Benzovindiflupyr|soil|forestry,260
Europe,Close conformity,Benzovindiflupyr|water|unspecified,261
Europe,Acceptable conformity,Benzyl alcohol|water|surface water,262
Europe,Acceptable conformity,"Beryllium II|air|low population density, long-term",263
Europe,Nonconformity,Beryllium II|air|non-urban air or from high stacks,264
Europe,Acceptable conformity,Beryllium II|air|unspecified,265
Europe,Marginally acceptable conformity,Beryllium II|air|urban air close to ground,266
Europe,Acceptable conformity,Beryllium II|soil|agricultural,267
Europe,Acceptable conformity,Beryllium II|soil|industrial,268
Europe,Marginally acceptable conformity,Beryllium II|soil|unspecified,269
Europe,Acceptable conformity,Beryllium II|water|ground-,270
Europe,Acceptable conformity,"Beryllium II|water|ground-, long-term",271
Europe,Acceptable conformity,Beryllium II|water|surface water,272
Europe,Marginally acceptable conformity,Beryllium II|water|unspecified,273
Europe,Acceptable conformity,Beta-cyfluthrin|air|non-urban air or from high stacks,274
Europe,Close conformity,Beta-cyfluthrin|soil|agricultural,275
Europe,Acceptable conformity,Beta-cyfluthrin|soil|forestry,276
Europe,Acceptable conformity,Beta-cyfluthrin|water|ground-,277
Europe,Acceptable conformity,Beta-cyfluthrin|water|unspecified,278
Europe,Marginally acceptable conformity,Bicarbonate|water|ocean,279
Europe,Acceptable conformity,Bicyclopyrone|soil|agricultural,280
Europe,Acceptable conformity,Bifenazate|soil|agricultural,281
Europe,Marginally acceptable conformity,Bifenox|soil|agricultural,282
Europe,Acceptable conformity,Bifenthrin|air|non-urban air or from high stacks,283
Europe,Acceptable conformity,Bifenthrin|soil|agricultural,284
Europe,Close conformity,Bifenthrin|soil|forestry,285
Europe,Acceptable conformity,Bifenthrin|water|ground-,286
Europe,Close conformity,Bifenthrin|water|unspecified,287
Europe,Nonconformity,Bitertanol|soil|agricultural,288
Europe,Close conformity,Borate|water|surface water,294
Europe,Acceptable conformity,Borate|water|unspecified,295
Europe,Acceptable conformity,Borax|natural resource|in ground,296
Europe,Marginally acceptable conformity,Boric acid|air|urban air close to ground,297
Europe,Acceptable conformity,"Boron|air|low population density, long-term",299
Europe,Nonconformity,Boron|air|non-urban air or from high stacks,300
Europe,Acceptable conformity,Boron|air|unspecified,301
Europe,Nonconformity,Boron|air|urban air close to ground,302
Europe,Acceptable conformity,Boron|natural resource|in ground,303
Europe,Marginally acceptable conformity,Boron|soil|agricultural,304
Europe,Acceptable conformity,Boron|soil|industrial,305
Europe,Acceptable conformity,Boron|soil|unspecified,306
Europe,Acceptable conformity,Boron|water|ground-,307
Europe,Marginally acceptable conformity,"Boron|water|ground-, long-term",308
Europe,Acceptable conformity,Boron|water|ocean,309
Europe,Acceptable conformity,Boron|water|surface water,310
Europe,Acceptable conformity,Boron|water|unspecified,311
Europe,Marginally acceptable conformity,Boron trifluoride|air|urban air close to ground,298
Europe,Acceptable conformity,Boscalid|soil|agricultural,312
Europe,Marginally acceptable conformity,Bromate|water|surface water,313
Europe,Acceptable conformity,Bromate|water|unspecified,314
Europe,Close conformity,Bromide|water|surface water,315
Europe,Close conformity,"Bromine|air|low population density, long-term",316
Europe,Acceptable conformity,Bromine|air|non-urban air or from high stacks,317
Europe,Acceptable conformity,Bromine|air|unspecified,318
Europe,Close conformity,Bromine|air|urban air close to ground,319
Europe,Close conformity,Bromine|natural resource|in water,320
Europe,Acceptable conformity,Bromine|soil|industrial,321
Europe,Marginally acceptable conformity,Bromine|soil|unspecified,322
Europe,Acceptable conformity,Bromine|water|ground-,323
Europe,Acceptable conformity,"Bromine|water|ground-, long-term",324
Europe,Close conformity,Bromine|water|ocean,325
Europe,Close conformity,Bromine|water|surface water,326
Europe,Marginally acceptable conformity,Bromoxynil|air|non-urban air or from high stacks,327
Europe,Marginally acceptable conformity,Bromoxynil|water|ground-,328
Europe,Marginally acceptable conformity,Bromoxynil|water|surface water,329
Europe,Acceptable conformity,Bromuconazole|soil|agricultural,330
Europe,Marginally acceptable conformity,Buprofezin|soil|agricultural,331
Europe,Nonconformity,Butadiene|air|non-urban air or from high stacks,332
Europe,Nonconformity,Butadiene|air|unspecified,333
Europe,Acceptable conformity,Butadiene|air|urban air close to ground,334
Europe,Marginally acceptable conformity,Butane|air|non-urban air or from high stacks,335
Europe,Marginally acceptable conformity,Butane|air|unspecified,336
Europe,Acceptable conformity,Butane|air|urban air close to ground,337
Europe,Marginally acceptable conformity,Butanol|air|urban air close to ground,338
Europe,Acceptable conformity,Butanol|water|surface water,339
Europe,Nonconformity,Butene|air|unspecified,340
Europe,Acceptable conformity,Butene|air|urban air close to ground,341
Europe,Marginally acceptable conformity,Butene|water|surface water,342
Europe,Acceptable conformity,Butyl acetate|water|surface water,343
Europe,Acceptable conformity,Butyrolactone|water|unspecified,344
Europe,Acceptable conformity,"COD, Chemical Oxygen Demand|water|ground-",567
Europe,Acceptable conformity,"COD, Chemical Oxygen Demand|water|ground-, long-term",568
Europe,Acceptable conformity,"COD, Chemical Oxygen Demand|water|ocean",569
Europe,Acceptable conformity,"COD, Chemical Oxygen Demand|water|surface water",570
Europe,Acceptable conformity,"COD, Chemical Oxygen Demand|water|unspecified",571
Europe,Acceptable conformity,Cadmium|natural resource|in ground,358
Europe,Close conformity,"Cadmium II|air|low population density, long-term",345
Europe,Marginally acceptable conformity,Cadmium II|air|lower stratosphere + upper troposphere,346
Europe,Acceptable conformity,Cadmium II|air|non-urban air or from high stacks,347
Europe,Marginally acceptable conformity,Cadmium II|air|unspecified,348
Europe,Acceptable conformity,Cadmium II|air|urban air close to ground,349
Europe,Acceptable conformity,Cadmium II|soil|agricultural,350
Europe,Marginally acceptable conformity,Cadmium II|soil|forestry,351
Europe,Acceptable conformity,Cadmium II|soil|industrial,352
Europe,Acceptable conformity,Cadmium II|soil|unspecified,353
Europe,Acceptable conformity,Cadmium II|water|ground-,354
Europe,Acceptable conformity,"Cadmium II|water|ground-, long-term",355
Europe,Acceptable conformity,Cadmium II|water|ocean,356
Europe,Acceptable conformity,Cadmium II|water|surface water,357
Europe,Close conformity,Caesium I|water|ocean,365
Europe,Acceptable conformity,Caesium I|water|surface water,366
Europe,Marginally acceptable conformity,Caesium-134|air|non-urban air or from high stacks,359
Europe,Acceptable conformity,Caesium-134|water|surface water,360
Europe,Acceptable conformity,Caesium-136|water|surface water,361
Europe,Acceptable conformity,Caesium-137|air|non-urban air or from high stacks,362
Europe,Acceptable conformity,Caesium-137|water|ocean,363
Europe,Acceptable conformity,Caesium-137|water|surface water,364
Europe,Acceptable conformity,Calcium|natural resource|in ground,379
Europe,Marginally acceptable conformity,"Calcium II|air|low population density, long-term",367
Europe,Acceptable conformity,Calcium II|air|non-urban air or from high stacks,368
Europe,Acceptable conformity,Calcium II|air|unspecified,369
Europe,Marginally acceptable conformity,Calcium II|air|urban air close to ground,370
Europe,Marginally acceptable conformity,Calcium II|soil|agricultural,371
Europe,Marginally acceptable conformity,Calcium II|soil|industrial,372
Europe,Marginally acceptable conformity,Calcium II|soil|unspecified,373
Europe,Marginally acceptable conformity,Calcium II|water|ground-,374
Europe,Acceptable conformity,"Calcium II|water|ground-, long-term",375
Europe,Close conformity,Calcium II|water|ocean,376
Europe,Acceptable conformity,Calcium II|water|surface water,377
Europe,Acceptable conformity,Calcium II|water|unspecified,378
Europe,Marginally acceptable conformity,Captan|soil|agricultural,380
Europe,Nonconformity,Carbaryl|air|non-urban air or from high stacks,381
Europe,Acceptable conformity,Carbaryl|soil|agricultural,382
Europe,Nonconformity,Carbaryl|water|ground-,383
Europe,Acceptable conformity,Carbendazim|air|non-urban air or from high stacks,384
Europe,Acceptable conformity,Carbendazim|soil|agricultural,385
Europe,Acceptable conformity,Carbendazim|soil|forestry,386
Europe,Acceptable conformity,Carbendazim|water|ground-,387
Europe,Acceptable conformity,Carbendazim|water|unspecified,388
Europe,Acceptable conformity,Carbetamide|soil|agricultural,389
Europe,Acceptable conformity,Carbofuran|soil|agricultural,390
Europe,Acceptable conformity,Carbon|air|urban air close to ground,421
Europe,Marginally acceptable conformity,Carbon|soil|agricultural,422
Europe,Acceptable conformity,Carbon|soil|industrial,423
Europe,Nonconformity,Carbon|soil|unspecified,424
Europe,Marginally acceptable conformity,Carbon|water|ground-,425
Europe,Marginally acceptable conformity,"Carbon dioxide, fossil|air|lower stratosphere + upper troposphere",393
Europe,Acceptable conformity,"Carbon dioxide, fossil|air|non-urban air or from high stacks",394
Europe,Acceptable conformity,"Carbon dioxide, fossil|air|unspecified",395
Europe,Marginally acceptable conformity,"Carbon dioxide, fossil|air|urban air close to ground",396
Europe,Close conformity,"Carbon dioxide, from soil or biomass stock|air|non-urban air or from high stacks",397
Europe,Acceptable conformity,"Carbon dioxide, from soil or biomass stock|air|unspecified",398
Europe,Acceptable conformity,"Carbon dioxide, in air|natural resource|in air",399
Europe,Acceptable conformity,"Carbon dioxide, non-fossil|air|non-urban air or from high stacks",400
Europe,Acceptable conformity,"Carbon dioxide, non-fossil|air|unspecified",401
Europe,Nonconformity,"Carbon dioxide, non-fossil|air|urban air close to ground",402
Europe,Acceptable conformity,"Carbon dioxide, to soil or biomass stock|soil|agricultural",403
Europe,Acceptable conformity,"Carbon dioxide, to soil or biomass stock|soil|unspecified",404
Europe,Marginally acceptable conformity,Carbon disulfide|air|non-urban air or from high stacks,405
Europe,Marginally acceptable conformity,Carbon disulfide|air|unspecified,406
Europe,Acceptable conformity,Carbon disulfide|air|urban air close to ground,407
Europe,Acceptable conformity,Carbon disulfide|water|surface water,408
Europe,Acceptable conformity,"Carbon monoxide, fossil|air|lower stratosphere + upper troposphere",409
Europe,Acceptable conformity,"Carbon monoxide, fossil|air|non-urban air or from high stacks",410
Europe,Acceptable conformity,"Carbon monoxide, fossil|air|unspecified",411
Europe,Marginally acceptable conformity,"Carbon monoxide, fossil|air|urban air close to ground",412
Europe,Marginally acceptable conformity,"Carbon monoxide, from soil or biomass stock|air|non-urban air or from high stacks",413
Europe,Acceptable conformity,"Carbon monoxide, non-fossil|air|non-urban air or from high stacks",414
Europe,Acceptable conformity,"Carbon monoxide, non-fossil|air|unspecified",415
Europe,Acceptable conformity,"Carbon monoxide, non-fossil|air|urban air close to ground",416
Europe,Acceptable conformity,Carbon tetrachloride|air|unspecified,417
Europe,Acceptable conformity,Carbon tetrachloride|air|urban air close to ground,418
Europe,Acceptable conformity,Carbon tetrachloride|water|unspecified,419
Europe,Acceptable conformity,"Carbon, organic, in soil or biomass stock|natural resource|in ground",420
Europe,Marginally acceptable conformity,Carbon-14|air|non-urban air or from high stacks,391
Europe,Marginally acceptable conformity,Carbon-14|water|surface water,392
Europe,Acceptable conformity,Carbonate|water|ocean,426
Europe,Acceptable conformity,Carbonate|water|surface water,427
Europe,Acceptable conformity,Carbonate|water|unspecified,428
Europe,Acceptable conformity,Carbonyl sulfide|air|unspecified,429
Europe,Acceptable conformity,Carbosulfan|soil|agricultural,430
Europe,Acceptable conformity,"Carboxylic acids, unspecified|water|ocean",431
Europe,Acceptable conformity,"Carboxylic acids, unspecified|water|surface water",432
Europe,Marginally acceptable conformity,"Carboxylic acids, unspecified|water|unspecified",433
Europe,Acceptable conformity,Carfentrazone-ethyl|air|non-urban air or from high stacks,434
Europe,Acceptable conformity,Carfentrazone-ethyl|soil|agricultural,435
Europe,Acceptable conformity,Carfentrazone-ethyl|soil|forestry,436
Europe,Acceptable conformity,Carfentrazone-ethyl|water|unspecified,437
Europe,Acceptable conformity,Carnallite|natural resource|in water,438
Europe,Marginally acceptable conformity,Cerium|natural resource|in ground,442
Europe,Acceptable conformity,Cerium-141|air|non-urban air or from high stacks,439
Europe,Nonconformity,Cerium-141|water|surface water,440
Europe,Nonconformity,Cerium-144|water|surface water,441
Europe,Acceptable conformity,Chloramine|air|urban air close to ground,443
Europe,Acceptable conformity,Chloramine|water|surface water,444
Europe,Nonconformity,Chlorantraniliprole|air|non-urban air or from high stacks,445
Europe,Nonconformity,Chlorantraniliprole|soil|agricultural,446
Europe,Nonconformity,Chlorantraniliprole|soil|forestry,447
Europe,Nonconformity,Chlorantraniliprole|water|ground-,448
Europe,Nonconformity,Chlorantraniliprole|water|unspecified,449
Europe,Acceptable conformity,Chlorate|water|surface water,450
Europe,Acceptable conformity,Chlorate|water|unspecified,451
Europe,Marginally acceptable conformity,Chloridazon|soil|agricultural,452
Europe,Marginally acceptable conformity,Chloride|soil|agricultural,453
Europe,Acceptable conformity,Chloride|soil|industrial,454
Europe,Marginally acceptable conformity,Chloride|soil|unspecified,455
Europe,Acceptable conformity,Chloride|water|ground-,456
Europe,Acceptable conformity,"Chloride|water|ground-, long-term",457
Europe,Close conformity,Chloride|water|ocean,458
Europe,Marginally acceptable conformity,Chloride|water|surface water,459
Europe,Acceptable conformity,Chloride|water|unspecified,460
Europe,Acceptable conformity,"Chlorides, unspecified|water|unspecified",461
Europe,Acceptable conformity,Chlorimuron-ethyl|air|non-urban air or from high stacks,462
Europe,Acceptable conformity,Chlorimuron-ethyl|soil|agricultural,463
Europe,Acceptable conformity,Chlorimuron-ethyl|soil|forestry,464
Europe,Acceptable conformity,Chlorimuron-ethyl|water|ground-,465
Europe,Acceptable conformity,Chlorimuron-ethyl|water|unspecified,466
Europe,Nonconformity,"Chlorinated solvents, unspecified|air|non-urban air or from high stacks",467
Europe,Acceptable conformity,"Chlorinated solvents, unspecified|water|surface water",468
Europe,Acceptable conformity,"Chlorine|air|low population density, long-term",469
Europe,Acceptable conformity,Chlorine|air|non-urban air or from high stacks,470
Europe,Acceptable conformity,Chlorine|air|unspecified,471
Europe,Marginally acceptable conformity,Chlorine|air|urban air close to ground,472
Europe,Acceptable conformity,Chlorine|soil|unspecified,473
Europe,Acceptable conformity,Chlorine|water|ground-,474
Europe,Nonconformity,Chlorine|water|surface water,475
Europe,Acceptable conformity,Chlorine|water|unspecified,476
Europe,Acceptable conformity,Chlormequat|soil|agricultural,477
Europe,Close conformity,Chloroacetic acid|air|urban air close to ground,478
Europe,Acceptable conformity,Chloroacetic acid|water|surface water,479
Europe,Close conformity,Chloroacetyl chloride|water|surface water,480
Europe,Nonconformity,Chlorodifluoromethane|air|non-urban air or from high stacks,481
Europe,Nonconformity,Chlorodifluoromethane|air|unspecified,482
Europe,Marginally acceptable conformity,Chlorodifluoromethane|air|urban air close to ground,483
Europe,Marginally acceptable conformity,Chloroform|air|non-urban air or from high stacks,484
Europe,Close conformity,Chloroform|air|unspecified,485
Europe,Close conformity,Chloroform|air|urban air close to ground,486
Europe,Acceptable conformity,Chloroform|water|surface water,487
Europe,Acceptable conformity,Chloroform|water|unspecified,488
Europe,Acceptable conformity,Chloropicrin|soil|agricultural,489
Europe,Acceptable conformity,Chlorosulfonic acid|air|unspecified,490
Europe,Close conformity,Chlorosulfonic acid|air|urban air close to ground,491
Europe,Acceptable conformity,Chlorosulfonic acid|water|surface water,492
Europe,Marginally acceptable conformity,Chlorothalonil|soil|agricultural,493
Europe,Acceptable conformity,Chlorotoluron|soil|agricultural,494
Europe,Acceptable conformity,Chlorpyrifos|air|non-urban air or from high stacks,496
Europe,Acceptable conformity,Chlorpyrifos|soil|agricultural,497
Europe,Acceptable conformity,Chlorpyrifos|soil|forestry,498
Europe,Acceptable conformity,Chlorpyrifos|water|ground-,499
Europe,Acceptable conformity,Chlorpyrifos|water|unspecified,500
Europe,Acceptable conformity,Chlorpyrifos methyl|soil|agricultural,495
Europe,Nonconformity,Chlorsulfuron|soil|agricultural,501
Europe,Acceptable conformity,Choline chloride|soil|agricultural,502
Europe,Marginally acceptable conformity,Chromium|natural resource|in ground,527
Europe,Close conformity,"Chromium III|air|low population density, long-term",505
Europe,Marginally acceptable conformity,Chromium III|air|lower stratosphere + upper troposphere,506
Europe,Nonconformity,Chromium III|air|non-urban air or from high stacks,507
Europe,Marginally acceptable conformity,Chromium III|air|unspecified,508
Europe,Nonconformity,Chromium III|air|urban air close to ground,509
Europe,Nonconformity,Chromium III|soil|agricultural,510
Europe,Marginally acceptable conformity,Chromium III|soil|forestry,511
Europe,Marginally acceptable conformity,Chromium III|soil|industrial,512
Europe,Marginally acceptable conformity,Chromium III|soil|unspecified,513
Europe,Acceptable conformity,Chromium III|water|ground-,514
Europe,Acceptable conformity,Chromium III|water|ocean,515
Europe,Acceptable conformity,Chromium III|water|surface water,516
Europe,Acceptable conformity,Chromium III|water|unspecified,517
Europe,Acceptable conformity,"Chromium VI|air|low population density, long-term",518
Europe,Marginally acceptable conformity,Chromium VI|air|non-urban air or from high stacks,519
Europe,Acceptable conformity,Chromium VI|air|unspecified,520
Europe,Marginally acceptable conformity,Chromium VI|air|urban air close to ground,521
Europe,Acceptable conformity,Chromium VI|soil|unspecified,522
Europe,Acceptable conformity,Chromium VI|water|ground-,523
Europe,Acceptable conformity,"Chromium VI|water|ground-, long-term",524
Europe,Acceptable conformity,Chromium VI|water|surface water,525
Europe,Acceptable conformity,Chromium VI|water|unspecified,526
Europe,Acceptable conformity,Chromium-51|air|non-urban air or from high stacks,503
Europe,Marginally acceptable conformity,Chromium-51|water|surface water,504
Europe,Marginally acceptable conformity,Chrysene|air|non-urban air or from high stacks,528
Europe,Acceptable conformity,Chrysene|air|unspecified,529
Europe,Acceptable conformity,Chrysotile|natural resource|in ground,530
Europe,Acceptable conformity,Cinidon-ethyl|soil|agricultural,531
Europe,Acceptable conformity,"Clay, bentonite|natural resource|in ground",532
Europe,Acceptable conformity,Clethodim|air|non-urban air or from high stacks,533
Europe,Acceptable conformity,Clethodim|soil|agricultural,534
Europe,Acceptable conformity,Clethodim|soil|forestry,535
Europe,Acceptable conformity,Clethodim|water|unspecified,536
Europe,Marginally acceptable conformity,Clodinafop-propargyl|air|non-urban air or from high stacks,537
Europe,Marginally acceptable conformity,Clodinafop-propargyl|soil|agricultural,538
Europe,Nonconformity,Clodinafop-propargyl|water|surface water,539
Europe,Marginally acceptable conformity,Clomazone|soil|agricultural,540
Europe,Marginally acceptable conformity,Clopyralid|air|non-urban air or from high stacks,541
Europe,Marginally acceptable conformity,Clopyralid|soil|agricultural,542
Europe,Marginally acceptable conformity,Cloquintocet-mexyl|air|non-urban air or from high stacks,543
Europe,Marginally acceptable conformity,Cloquintocet-mexyl|soil|agricultural,544
Europe,Nonconformity,Cloquintocet-mexyl|water|surface water,545
Europe,Acceptable conformity,Cloransulam-methyl|soil|agricultural,546
Europe,Acceptable conformity,Clothianidin|soil|agricultural,547
Europe,Marginally acceptable conformity,"Coal, brown|natural resource|in ground",548
Europe,Acceptable conformity,"Coal, hard|natural resource|in ground",549
Europe,Marginally acceptable conformity,"Cobalt II|air|low population density, long-term",555
Europe,Marginally acceptable conformity,Cobalt II|air|non-urban air or from high stacks,556
Europe,Acceptable conformity,Cobalt II|air|unspecified,557
Europe,Acceptable conformity,Cobalt II|air|urban air close to ground,558
Europe,Nonconformity,Cobalt II|soil|agricultural,559
Europe,Acceptable conformity,Cobalt II|soil|industrial,560
Europe,Marginally acceptable conformity,Cobalt II|soil|unspecified,561
Europe,Acceptable conformity,Cobalt II|water|ground-,562
Europe,Acceptable conformity,"Cobalt II|water|ground-, long-term",563
Europe,Close conformity,Cobalt II|water|ocean,564
Europe,Acceptable conformity,Cobalt II|water|surface water,565
Europe,Marginally acceptable conformity,Cobalt II|water|unspecified,566
Europe,Marginally acceptable conformity,Cobalt-57|water|surface water,550
Europe,Acceptable conformity,Cobalt-58|air|non-urban air or from high stacks,551
Europe,Marginally acceptable conformity,Cobalt-58|water|surface water,552
Europe,Marginally acceptable conformity,Cobalt-60|air|non-urban air or from high stacks,553
Europe,Acceptable conformity,Cobalt-60|water|surface water,554
Europe,Acceptable conformity,Copper|natural resource|in ground,590
Europe,Marginally acceptable conformity,"Copper ion|air|low population density, long-term",572
Europe,Marginally acceptable conformity,Copper ion|air|lower stratosphere + upper troposphere,573
Europe,Marginally acceptable conformity,Copper ion|air|non-urban air or from high stacks,574
Europe,Marginally acceptable conformity,Copper ion|air|unspecified,575
Europe,Acceptable conformity,Copper ion|air|urban air close to ground,576
Europe,Acceptable conformity,Copper ion|soil|agricultural,577
Europe,Acceptable conformity,Copper ion|soil|industrial,578
Europe,Marginally acceptable conformity,Copper ion|soil|unspecified,579
Europe,Marginally acceptable conformity,Copper ion|water|ground-,580
Europe,Marginally acceptable conformity,"Copper ion|water|ground-, long-term",581
Europe,Marginally acceptable conformity,Copper ion|water|ocean,582
Europe,Acceptable conformity,Copper ion|water|surface water,583
Europe,Acceptable conformity,Copper ion|water|unspecified,584
Europe,Marginally acceptable conformity,Copper oxide|soil|agricultural,585
Europe,Acceptable conformity,Copper oxychloride|air|non-urban air or from high stacks,586
Europe,Acceptable conformity,Copper oxychloride|soil|agricultural,587
Europe,Close conformity,Copper oxychloride|soil|forestry,588
Europe,Acceptable conformity,Copper oxychloride|water|unspecified,589
Europe,Acceptable conformity,Cu-HDO|water|unspecified,591
Europe,Marginally acceptable conformity,Cumene|air|non-urban air or from high stacks,592
Europe,Nonconformity,Cumene|air|unspecified,593
Europe,Nonconformity,Cumene|water|unspecified,594
Europe,Marginally acceptable conformity,Cupric chloride dihydrate|soil|agricultural,595
Europe,Marginally acceptable conformity,Cupric hydroxide|soil|agricultural,596
Europe,Nonconformity,Cyanide|air|non-urban air or from high stacks,597
Europe,Acceptable conformity,Cyanide|air|unspecified,598
Europe,Marginally acceptable conformity,Cyanide|air|urban air close to ground,599
Europe,Acceptable conformity,Cyanide|water|ocean,600
Europe,Marginally acceptable conformity,Cyanide|water|surface water,601
Europe,Marginally acceptable conformity,Cyanide|water|unspecified,602
Europe,Acceptable conformity,Cyanoacetic acid|air|urban air close to ground,603
Europe,Acceptable conformity,Cyazofamid|soil|agricultural,604
Europe,Acceptable conformity,Cyclohexane|air|urban air close to ground,605
Europe,Acceptable conformity,Cyclohexane|water|unspecified,606
Europe,Acceptable conformity,Cyhalothrin|soil|agricultural,607
Europe,Nonconformity,Cymoxanil|soil|agricultural,608
Europe,Acceptable conformity,Cypermethrin|air|non-urban air or from high stacks,609
Europe,Marginally acceptable conformity,Cypermethrin|soil|agricultural,610
Europe,Acceptable conformity,Cypermethrin|soil|forestry,611
Europe,Acceptable conformity,Cypermethrin|water|ground-,612
Europe,Acceptable conformity,Cypermethrin|water|unspecified,613
Europe,Acceptable conformity,Cyproconazole|air|non-urban air or from high stacks,614
Europe,Acceptable conformity,Cyproconazole|soil|agricultural,615
Europe,Acceptable conformity,Cyproconazole|soil|forestry,616
Europe,Acceptable conformity,Cyproconazole|water|ground-,617
Europe,Acceptable conformity,Cyproconazole|water|unspecified,618
Europe,Acceptable conformity,Cyprodinil|soil|agricultural,619
Europe,Nonconformity,"DOC, Dissolved Organic Carbon|water|ground-",707
Europe,Acceptable conformity,"DOC, Dissolved Organic Carbon|water|ground-, long-term",708
Europe,Acceptable conformity,"DOC, Dissolved Organic Carbon|water|ocean",709
Europe,Acceptable conformity,"DOC, Dissolved Organic Carbon|water|surface water",710
Europe,Close conformity,"DOC, Dissolved Organic Carbon|water|unspecified",711
Europe,Nonconformity,Decanoic acid|water|unspecified,620
Europe,Acceptable conformity,Deltamethrin|soil|agricultural,621
Europe,Acceptable conformity,Desmedipham|soil|agricultural,622
Europe,Close conformity,Diafenthiuron|soil|agricultural,623
Europe,Marginally acceptable conformity,Diatomite|natural resource|in ground,624
Europe,Acceptable conformity,Diazinon|soil|agricultural,625
Europe,Marginally acceptable conformity,"Dibenz(a,h)anthracene|air|non-urban air or from high stacks",626
Europe,Acceptable conformity,"Dibenz(a,h)anthracene|air|unspecified",627
Europe,Marginally acceptable conformity,"Dibenz(a,h)anthracene|water|surface water",628
Europe,Acceptable conformity,Dibutyltin|water|ocean,629
Europe,Acceptable conformity,Dicamba|soil|agricultural,630
Europe,Nonconformity,Dicamba|water|surface water,631
Europe,Acceptable conformity,Dichlorodifluoromethane|air|urban air close to ground,632
Europe,Acceptable conformity,Dichlorofluoromethane|air|urban air close to ground,633
Europe,Acceptable conformity,Dichloromethane|air|non-urban air or from high stacks,634
Europe,Marginally acceptable conformity,Dichloromethane|air|unspecified,635
Europe,Acceptable conformity,Dichloromethane|air|urban air close to ground,636
Europe,Acceptable conformity,Dichloromethane|water|surface water,637
Europe,Acceptable conformity,Dichlorprop|air|non-urban air or from high stacks,639
Europe,Marginally acceptable conformity,Dichlorprop|soil|agricultural,640
Europe,Acceptable conformity,Dichlorprop|water|ground-,641
Europe,Marginally acceptable conformity,Dichlorprop|water|surface water,642
Europe,Marginally acceptable conformity,Dichlorprop-P|soil|agricultural,638
Europe,Marginally acceptable conformity,Dichlorvos|soil|agricultural,643
Europe,Marginally acceptable conformity,Dichromate|water|unspecified,644
Europe,Nonconformity,Diclofop|soil|agricultural,646
Europe,Nonconformity,Diclofop-methyl|soil|agricultural,645
Europe,Marginally acceptable conformity,Diethanolamine|water|unspecified,647
Europe,Acceptable conformity,Diethyl ether|air|urban air close to ground,648
Europe,Marginally acceptable conformity,Diethylamine|air|urban air close to ground,649
Europe,Marginally acceptable conformity,Diethylamine|water|surface water,650
Europe,Marginally acceptable conformity,Diethylene glycol|air|urban air close to ground,651
Europe,Acceptable conformity,Difenoconazole|air|non-urban air or from high stacks,652
Europe,Acceptable conformity,Difenoconazole|soil|agricultural,653
Europe,Acceptable conformity,Difenoconazole|soil|forestry,654
Europe,Acceptable conformity,Difenoconazole|water|ground-,655
Europe,Acceptable conformity,Difenoconazole|water|unspecified,656
Europe,Acceptable conformity,Diflubenzuron|air|non-urban air or from high stacks,657
Europe,Acceptable conformity,Diflubenzuron|soil|agricultural,658
Europe,Acceptable conformity,Diflubenzuron|soil|forestry,659
Europe,Close conformity,Diflubenzuron|water|ground-,660
Europe,Acceptable conformity,Diflubenzuron|water|unspecified,661
Europe,Marginally acceptable conformity,Diflufenican|soil|agricultural,662
Europe,Nonconformity,Diflufenzopyr-sodium|soil|agricultural,663
Europe,Acceptable conformity,Difluoromethane|air|unspecified,664
Europe,Acceptable conformity,Diisobutyl ketone|water|surface water,665
Europe,Acceptable conformity,Dimethachlor|soil|agricultural,666
Europe,Marginally acceptable conformity,Dimethenamid-P|soil|agricultural,667
Europe,Nonconformity,Dimethenamide|soil|agricultural,668
Europe,Nonconformity,Dimethenamide|water|surface water,669
Europe,Marginally acceptable conformity,Dimethoate|soil|agricultural,670
Europe,Acceptable conformity,Dimethomorph|soil|agricultural,671
Europe,Acceptable conformity,Dimethyl carbonate|air|unspecified,672
Europe,Acceptable conformity,Dimethyl ether|air|unspecified,673
Europe,Acceptable conformity,Dimethyl malonate|air|urban air close to ground,674
Europe,Close conformity,Dimethylamine|air|unspecified,675
Europe,Marginally acceptable conformity,Dimethylamine|air|urban air close to ground,676
Europe,Acceptable conformity,Dimethylamine|water|surface water,677
Europe,Acceptable conformity,"Dinitrogen monoxide|air|low population density, long-term",678
Europe,Close conformity,Dinitrogen monoxide|air|non-urban air or from high stacks,679
Europe,Marginally acceptable conformity,Dinitrogen monoxide|air|unspecified,680
Europe,Acceptable conformity,Dinitrogen monoxide|air|urban air close to ground,681
Europe,Acceptable conformity,"Dioxins, measured as 2,3,7,8-tetrachlorodibenzo-p-dioxin|air|low population density, long-term",682
Europe,Nonconformity,"Dioxins, measured as 2,3,7,8-tetrachlorodibenzo-p-dioxin|air|non-urban air or from high stacks",683
Europe,Marginally acceptable conformity,"Dioxins, measured as 2,3,7,8-tetrachlorodibenzo-p-dioxin|air|unspecified",684
Europe,Acceptable conformity,"Dioxins, measured as 2,3,7,8-tetrachlorodibenzo-p-dioxin|air|urban air close to ground",685
Europe,Acceptable conformity,"Dioxins, measured as 2,3,7,8-tetrachlorodibenzo-p-dioxin|soil|industrial",686
Europe,Marginally acceptable conformity,"Dioxins, measured as 2,3,7,8-tetrachlorodibenzo-p-dioxin|soil|unspecified",687
Europe,Marginally acceptable conformity,"Dioxins, measured as 2,3,7,8-tetrachlorodibenzo-p-dioxin|water|unspecified",688
Europe,Acceptable conformity,Diphenyltin|water|ocean,689
Europe,Acceptable conformity,Dipropyl amine|air|urban air close to ground,690
Europe,Acceptable conformity,Dipropyl amine|water|surface water,691
Europe,Marginally acceptable conformity,Diquat|soil|agricultural,697
Europe,Acceptable conformity,Diquat dibromide|air|non-urban air or from high stacks,692
Europe,Acceptable conformity,Diquat dibromide|soil|agricultural,693
Europe,Acceptable conformity,Diquat dibromide|soil|forestry,694
Europe,Acceptable conformity,Diquat dibromide|water|ground-,695
Europe,Acceptable conformity,Diquat dibromide|water|unspecified,696
Europe,Acceptable conformity,"Discarded fish, demersal, to ocean|water|ocean",698
Europe,Marginally acceptable conformity,"Discarded fish, pelagic, to ocean|water|ocean",699
Europe,Acceptable conformity,Dissolved solids|water|ground-,700
Europe,Acceptable conformity,Dissolved solids|water|surface water,701
Europe,Marginally acceptable conformity,Dithianon|soil|agricultural,702
Europe,Acceptable conformity,Diuron|air|non-urban air or from high stacks,703
Europe,Marginally acceptable conformity,Diuron|soil|agricultural,704
Europe,Acceptable conformity,Diuron|soil|forestry,705
Europe,Acceptable conformity,Diuron|water|unspecified,706
Europe,Marginally acceptable conformity,Dodecanol|water|unspecified,712
Europe,Acceptable conformity,Dolomite|natural resource|in ground,713
Europe,Acceptable conformity,Dysprosium|natural resource|in ground,714
Europe,Marginally acceptable conformity,"EDTA, Ethylenediaminetetraacetic Acid|water|unspecified",715
Europe,Nonconformity,EPTC|soil|agricultural,733
Europe,Acceptable conformity,Emamectin benzoate|soil|agricultural,716
Europe,Acceptable conformity,Emamectin benzoate|soil|forestry,717
Europe,Acceptable conformity,Emamectin benzoate|water|ground-,718
Europe,Acceptable conformity,Emamectin benzoate|water|unspecified,719
Europe,Acceptable conformity,Endosulfan|soil|agricultural,720
Europe,Marginally acceptable conformity,Endothall|soil|agricultural,721
Europe,Acceptable conformity,"Energy, geothermal, converted|natural resource|in ground",722
Europe,Acceptable conformity,"Energy, gross calorific value, in biomass|natural resource|biotic",724
Europe,Marginally acceptable conformity,"Energy, gross calorific value, in biomass, primary forest|natural resource|biotic",723
Europe,Marginally acceptable conformity,"Energy, kinetic (in wind), converted|natural resource|in air",725
Europe,Nonconformity,"Energy, potential (in hydropower reservoir), converted|natural resource|in water",726
Europe,Nonconformity,"Energy, solar, converted|natural resource|in air",727
Europe,Acceptable conformity,Epoxiconazole|air|non-urban air or from high stacks,728
Europe,Acceptable conformity,Epoxiconazole|soil|agricultural,729
Europe,Acceptable conformity,Epoxiconazole|soil|forestry,730
Europe,Acceptable conformity,Epoxiconazole|water|ground-,731
Europe,Acceptable conformity,Epoxiconazole|water|unspecified,732
Europe,Marginally acceptable conformity,Erbium|natural resource|in ground,734
Europe,Nonconformity,Esfenvalerate|soil|agricultural,735
Europe,Nonconformity,Ethalfluralin|soil|agricultural,736
Europe,Acceptable conformity,Ethane|air|non-urban air or from high stacks,737
Europe,Nonconformity,Ethane|air|unspecified,738
Europe,Acceptable conformity,Ethane|air|urban air close to ground,739
Europe,Nonconformity,Ethanol|air|non-urban air or from high stacks,740
Europe,Acceptable conformity,Ethanol|air|unspecified,741
Europe,Acceptable conformity,Ethanol|air|urban air close to ground,742
Europe,Marginally acceptable conformity,Ethanol|water|surface water,743
Europe,Acceptable conformity,Ethanol|water|unspecified,744
Europe,Marginally acceptable conformity,Ethephon|air|non-urban air or from high stacks,745
Europe,Marginally acceptable conformity,Ethephon|soil|agricultural,746
Europe,Marginally acceptable conformity,Ethephon|water|ground-,747
Europe,Marginally acceptable conformity,Ethephon|water|surface water,748
Europe,Acceptable conformity,Ethofumesate|soil|agricultural,749
Europe,Acceptable conformity,Ethoprop|soil|agricultural,750
Europe,Acceptable conformity,Ethyl acetate|air|urban air close to ground,751
Europe,Marginally acceptable conformity,Ethyl acetate|water|surface water,752
Europe,Acceptable conformity,Ethyl benzene|air|non-urban air or from high stacks,753
Europe,Acceptable conformity,Ethyl benzene|air|unspecified,754
Europe,Nonconformity,Ethyl benzene|air|urban air close to ground,755
Europe,Acceptable conformity,Ethyl benzene|water|ocean,756
Europe,Acceptable conformity,Ethyl benzene|water|surface water,757
Europe,Acceptable conformity,Ethyl cellulose|air|urban air close to ground,758
Europe,Acceptable conformity,Ethylamine|air|urban air close to ground,759
Europe,Acceptable conformity,Ethylamine|water|surface water,760
Europe,Nonconformity,Ethylene|air|non-urban air or from high stacks,774
Europe,Acceptable conformity,Ethylene|air|urban air close to ground,775
Europe,Nonconformity,Ethylene|water|surface water,776
Europe,Marginally acceptable conformity,Ethylene carbonate|water|unspecified,761
Europe,Acceptable conformity,Ethylene diamine|air|urban air close to ground,762
Europe,Marginally acceptable conformity,Ethylene diamine|water|surface water,763
Europe,Nonconformity,Ethylene dichloride|air|non-urban air or from high stacks,764
Europe,Acceptable conformity,Ethylene dichloride|air|unspecified,765
Europe,Acceptable conformity,Ethylene dichloride|air|urban air close to ground,766
Europe,Acceptable conformity,Ethylene dichloride|water|surface water,767
Europe,Acceptable conformity,Ethylene dichloride|water|unspecified,768
Europe,Acceptable conformity,Ethylene oxide|air|unspecified,769
Europe,Nonconformity,Ethylene oxide|air|urban air close to ground,770
Europe,Acceptable conformity,Ethylene oxide|water|ground-,771
Europe,Marginally acceptable conformity,Ethylene oxide|water|surface water,772
Europe,Close conformity,Ethylene oxide|water|unspecified,773
Europe,Marginally acceptable conformity,Europium|natural resource|in ground,777
Europe,Nonconformity,Famoxadone|soil|agricultural,778
Europe,Marginally acceptable conformity,Feldspar|natural resource|in ground,779
Europe,Acceptable conformity,Fenbuconazole|soil|agricultural,780
Europe,Acceptable conformity,Fenoxaprop|soil|agricultural,783
Europe,Acceptable conformity,Fenoxaprop ethyl ester|soil|agricultural,782
Europe,Acceptable conformity,Fenoxaprop-P ethyl ester|soil|agricultural,781
Europe,Marginally acceptable conformity,Fenpiclonil|soil|agricultural,784
Europe,Nonconformity,Fenpropidin|soil|agricultural,785
Europe,Acceptable conformity,Fenpropimorph|soil|agricultural,786
Europe,Marginally acceptable conformity,Fentin hydroxide|soil|agricultural,787
Europe,Acceptable conformity,Fipronil|air|non-urban air or from high stacks,788
Europe,Acceptable conformity,Fipronil|soil|agricultural,789
Europe,Acceptable conformity,Fipronil|soil|forestry,790
Europe,Acceptable conformity,Fipronil|water|ground-,791
Europe,Acceptable conformity,Fipronil|water|unspecified,792
Europe,Marginally acceptable conformity,"Fish, demersal, in ocean|natural resource|biotic",793
Europe,Acceptable conformity,"Fish, pelagic, in ocean|natural resource|biotic",794
Europe,Acceptable conformity,Flonicamid|soil|agricultural,795
Europe,Acceptable conformity,Florasulam|soil|agricultural,796
Europe,Acceptable conformity,Fluazifop-P-butyl|soil|agricultural,797
Europe,Acceptable conformity,Fluazinam|air|non-urban air or from high stacks,798
Europe,Acceptable conformity,Fluazinam|soil|agricultural,799
Europe,Acceptable conformity,Fluazinam|soil|forestry,800
Europe,Acceptable conformity,Fluazinam|water|ground-,801
Europe,Acceptable conformity,Fluazinam|water|unspecified,802
Europe,Marginally acceptable conformity,Flucarbazone sodium salt|soil|agricultural,803
Europe,Close conformity,Fludioxonil|air|non-urban air or from high stacks,804
Europe,Acceptable conformity,Fludioxonil|soil|agricultural,805
Europe,Acceptable conformity,Fludioxonil|soil|forestry,806
Europe,Close conformity,Fludioxonil|water|ground-,807
Europe,Acceptable conformity,Fludioxonil|water|unspecified,808
Europe,Acceptable conformity,Flufenacet|soil|agricultural,809
Europe,Acceptable conformity,Flumetsulam|soil|agricultural,810
Europe,Marginally acceptable conformity,Flumiclorac-pentyl|soil|agricultural,811
Europe,Acceptable conformity,Flumioxazin|air|non-urban air or from high stacks,812
Europe,Acceptable conformity,Flumioxazin|soil|agricultural,813
Europe,Close conformity,Flumioxazin|soil|forestry,814
Europe,Acceptable conformity,Flumioxazin|water|ground-,815
Europe,Close conformity,Flumioxazin|water|unspecified,816
Europe,Marginally acceptable conformity,Fluopyram|soil|agricultural,817
Europe,Marginally acceptable conformity,Fluoranthene|air|non-urban air or from high stacks,818
Europe,Acceptable conformity,Fluoranthene|air|unspecified,819
Europe,Marginally acceptable conformity,Fluoranthene|water|surface water,820
Europe,Nonconformity,Fluorene|air|non-urban air or from high stacks,821
Europe,Acceptable conformity,Fluorene|air|unspecified,822
Europe,Nonconformity,Fluorene|water|surface water,823
Europe,Acceptable conformity,Fluoride|soil|industrial,824
Europe,Acceptable conformity,Fluoride|soil|unspecified,825
Europe,Marginally acceptable conformity,Fluoride|water|ground-,826
Europe,Acceptable conformity,"Fluoride|water|ground-, long-term",827
Europe,Acceptable conformity,Fluoride|water|ocean,828
Europe,Acceptable conformity,Fluoride|water|surface water,829
Europe,Acceptable conformity,Fluoride|water|unspecified,830
Europe,Acceptable conformity,"Fluorine|air|low population density, long-term",831
Europe,Marginally acceptable conformity,Fluorine|air|non-urban air or from high stacks,832
Europe,Marginally acceptable conformity,Fluorine|air|unspecified,833
Europe,Nonconformity,Fluorine|air|urban air close to ground,834
Europe,Acceptable conformity,Fluorine|natural resource|in ground,835
Europe,Marginally acceptable conformity,Fluorine|water|surface water,836
Europe,Acceptable conformity,Fluorspar|natural resource|in ground,837
Europe,Nonconformity,Fluosilicic acid|air|urban air close to ground,838
Europe,Marginally acceptable conformity,Fluosilicic acid|water|surface water,839
Europe,Nonconformity,Fluosilicic acid|water|unspecified,840
Europe,Nonconformity,Flupyrsulfuron-methyl|soil|agricultural,841
Europe,Nonconformity,Fluquinconazole|air|non-urban air or from high stacks,842
Europe,Acceptable conformity,Fluquinconazole|soil|agricultural,843
Europe,Nonconformity,Fluquinconazole|water|surface water,844
Europe,Acceptable conformity,Flurochloridone|soil|agricultural,845
Europe,Nonconformity,Fluroxypyr|air|non-urban air or from high stacks,846
Europe,Acceptable conformity,Fluroxypyr|soil|agricultural,847
Europe,Nonconformity,Fluroxypyr|water|surface water,848
Europe,Acceptable conformity,Flurtamone|soil|agricultural,849
Europe,Acceptable conformity,Flusilazole|soil|agricultural,850
Europe,Acceptable conformity,Fluthiacet-methyl|soil|agricultural,851
Europe,Acceptable conformity,Flutolanil|soil|agricultural,852
Europe,Acceptable conformity,Fluxapyroxad|soil|agricultural,853
Europe,Nonconformity,Fluxapyroxad|soil|forestry,854
Europe,Nonconformity,Fluxapyroxad|water|ground-,855
Europe,Nonconformity,Fluxapyroxad|water|unspecified,856
Europe,Marginally acceptable conformity,Fomesafen|soil|agricultural,857
Europe,Nonconformity,Foramsulfuron|soil|agricultural,858
Europe,Nonconformity,Formaldehyde|air|non-urban air or from high stacks,859
Europe,Acceptable conformity,Formaldehyde|air|unspecified,860
Europe,Marginally acceptable conformity,Formaldehyde|air|urban air close to ground,861
Europe,Close conformity,Formaldehyde|water|surface water,862
Europe,Acceptable conformity,Formaldehyde|water|unspecified,863
Europe,Nonconformity,Formamide|air|unspecified,864
Europe,Acceptable conformity,Formamide|air|urban air close to ground,865
Europe,Acceptable conformity,Formamide|water|surface water,866
Europe,Acceptable conformity,Formate|water|surface water,867
Europe,Marginally acceptable conformity,Formic acid|air|non-urban air or from high stacks,868
Europe,Acceptable conformity,Formic acid|air|urban air close to ground,869
Europe,Close conformity,Formic acid|water|surface water,870
Europe,Marginally acceptable conformity,"Fungicides, unspecified|air|non-urban air or from high stacks",871
Europe,Nonconformity,"Fungicides, unspecified|soil|agricultural",872
Europe,Acceptable conformity,"Fungicides, unspecified|water|ocean",873
Europe,Marginally acceptable conformity,"Fungicides, unspecified|water|surface water",874
Europe,Nonconformity,Furan|air|non-urban air or from high stacks,875
Europe,Nonconformity,Gadolinium|natural resource|in ground,876
Europe,Nonconformity,Gallium|natural resource|in ground,877
Europe,Acceptable conformity,Gamma-cyhalothrin|soil|agricultural,878
Europe,Nonconformity,Gangue|natural resource|in ground,879
Europe,Acceptable conformity,"Gas, mine, off-gas, process, coal mining|natural resource|in ground",880
Europe,Acceptable conformity,"Gas, natural|natural resource|in ground",881
Europe,Acceptable conformity,Gibberellic acid|air|non-urban air or from high stacks,882
Europe,Acceptable conformity,Gibberellic acid|soil|agricultural,883
Europe,Acceptable conformity,Gibberellic acid|soil|forestry,884
Europe,Close conformity,Gibberellic acid|water|unspecified,885
Europe,Acceptable conformity,Glufosinate|soil|agricultural,887
Europe,Acceptable conformity,Glufosinate ammonium|soil|agricultural,886
Europe,Acceptable conformity,Glutaraldehyde|water|ocean,888
Europe,Acceptable conformity,Glyphosate|air|non-urban air or from high stacks,889
Europe,Marginally acceptable conformity,Glyphosate|soil|agricultural,890
Europe,Acceptable conformity,Glyphosate|soil|forestry,891
Europe,Acceptable conformity,Glyphosate|soil|industrial,892
Europe,Acceptable conformity,Glyphosate|water|ground-,893
Europe,Marginally acceptable conformity,Glyphosate|water|surface water,894
Europe,Acceptable conformity,Glyphosate|water|unspecified,895
Europe,Acceptable conformity,Gold|natural resource|in ground,896
Europe,Nonconformity,Granite|natural resource|in ground,897
Europe,Acceptable conformity,Graphite|natural resource|in ground,898
Europe,Acceptable conformity,Gypsum|natural resource|in ground,899
Europe,Close conformity,Hafnium|natural resource|in ground,900
Europe,Acceptable conformity,Halosulfuron-methyl|soil|agricultural,901
Europe,Close conformity,Haloxyfop-ethoxyethyl|air|non-urban air or from high stacks,902
Europe,Acceptable conformity,Haloxyfop-ethoxyethyl|water|ground-,903
Europe,Acceptable conformity,Haloxyfop-ethoxyethyl|water|unspecified,904
Europe,Acceptable conformity,Hazardous waste disposed|inventory indicator|waste,905
Europe,Acceptable conformity,"Heat, waste|air|non-urban air or from high stacks",906
Europe,Nonconformity,"Heat, waste|air|unspecified",907
Europe,Acceptable conformity,"Heat, waste|air|urban air close to ground",908
Europe,Marginally acceptable conformity,"Heat, waste|soil|agricultural",909
Europe,Acceptable conformity,"Heat, waste|soil|industrial",910
Europe,Acceptable conformity,"Heat, waste|water|ground-, long-term",911
Europe,Marginally acceptable conformity,"Heat, waste|water|surface water",912
Europe,Acceptable conformity,"Heat, waste|water|unspecified",913
Europe,Acceptable conformity,Helium|air|non-urban air or from high stacks,914
Europe,Marginally acceptable conformity,Helium|air|unspecified,915
Europe,Acceptable conformity,Heptane|air|unspecified,916
Europe,Marginally acceptable conformity,Heptane|air|urban air close to ground,917
Europe,Marginally acceptable conformity,"Herbicides, unspecified|air|non-urban air or from high stacks",918
Europe,Nonconformity,"Herbicides, unspecified|soil|agricultural",919
Europe,Nonconformity,"Herbicides, unspecified|water|surface water",920
Europe,Nonconformity,Hexachlorobenzene|air|non-urban air or from high stacks,921
Europe,Marginally acceptable conformity,Hexachlorobenzene|air|unspecified,922
Europe,Acceptable conformity,Hexachlorobenzene|air|urban air close to ground,923
Europe,Marginally acceptable conformity,Hexachlorobenzene|water|unspecified,924
Europe,Acceptable conformity,Hexafluoroethane|air|unspecified,925
Europe,Acceptable conformity,Hexafluoroethane|air|urban air close to ground,926
Europe,Acceptable conformity,Hexane|air|non-urban air or from high stacks,927
Europe,Marginally acceptable conformity,Hexane|air|unspecified,928
Europe,Acceptable conformity,Hexane|air|urban air close to ground,929
Europe,Marginally acceptable conformity,Holmium|natural resource|in ground,930
Europe,Acceptable conformity,"Hydrocarbons, aliphatic, alkanes, cyclic|air|non-urban air or from high stacks",931
Europe,Nonconformity,"Hydrocarbons, aliphatic, alkanes, cyclic|air|unspecified",932
Europe,Acceptable conformity,"Hydrocarbons, aliphatic, alkanes, cyclic|air|urban air close to ground",933
Europe,Marginally acceptable conformity,"Hydrocarbons, aliphatic, alkanes, unspecified|air|non-urban air or from high stacks",934
Europe,Marginally acceptable conformity,"Hydrocarbons, aliphatic, alkanes, unspecified|air|unspecified",935
Europe,Marginally acceptable conformity,"Hydrocarbons, aliphatic, alkanes, unspecified|air|urban air close to ground",936
Europe,Close conformity,"Hydrocarbons, aliphatic, alkanes, unspecified|water|ocean",937
Europe,Acceptable conformity,"Hydrocarbons, aliphatic, alkanes, unspecified|water|surface water",938
Europe,Marginally acceptable conformity,"Hydrocarbons, aliphatic, unsaturated|air|non-urban air or from high stacks",939
Europe,Acceptable conformity,"Hydrocarbons, aliphatic, unsaturated|air|unspecified",940
Europe,Acceptable conformity,"Hydrocarbons, aliphatic, unsaturated|air|urban air close to ground",941
Europe,Close conformity,"Hydrocarbons, aliphatic, unsaturated|water|ocean",942
Europe,Acceptable conformity,"Hydrocarbons, aliphatic, unsaturated|water|surface water",943
Europe,Marginally acceptable conformity,"Hydrocarbons, aliphatic, unsaturated|water|unspecified",944
Europe,Marginally acceptable conformity,"Hydrocarbons, aromatic|air|non-urban air or from high stacks",945
Europe,Acceptable conformity,"Hydrocarbons, aromatic|air|unspecified",946
Europe,Nonconformity,"Hydrocarbons, aromatic|air|urban air close to ground",947
Europe,Acceptable conformity,"Hydrocarbons, aromatic|water|ocean",948
Europe,Acceptable conformity,"Hydrocarbons, aromatic|water|surface water",949
Europe,Marginally acceptable conformity,"Hydrocarbons, chlorinated|air|non-urban air or from high stacks",950
Europe,Nonconformity,"Hydrocarbons, chlorinated|air|unspecified",951
Europe,Acceptable conformity,"Hydrocarbons, chlorinated|air|urban air close to ground",952
Europe,Acceptable conformity,"Hydrocarbons, unspecified|soil|unspecified",953
Europe,Acceptable conformity,"Hydrocarbons, unspecified|water|ocean",954
Europe,Marginally acceptable conformity,"Hydrocarbons, unspecified|water|surface water",955
Europe,Close conformity,"Hydrocarbons, unspecified|water|unspecified",956
Europe,Nonconformity,"Hydrochloric acid|air|low population density, long-term",957
Europe,Acceptable conformity,Hydrochloric acid|air|non-urban air or from high stacks,958
Europe,Acceptable conformity,Hydrochloric acid|air|unspecified,959
Europe,Acceptable conformity,Hydrochloric acid|air|urban air close to ground,960
Europe,Acceptable conformity,Hydrochloric acid|water|unspecified,961
Europe,Acceptable conformity,Hydrogen|air|urban air close to ground,974
Europe,Acceptable conformity,Hydrogen|water|surface water,975
Europe,Acceptable conformity,"Hydrogen fluoride|air|low population density, long-term",962
Europe,Marginally acceptable conformity,Hydrogen fluoride|air|non-urban air or from high stacks,963
Europe,Acceptable conformity,Hydrogen fluoride|air|unspecified,964
Europe,Marginally acceptable conformity,Hydrogen fluoride|air|urban air close to ground,965
Europe,Acceptable conformity,Hydrogen peroxide|air|urban air close to ground,966
Europe,Acceptable conformity,Hydrogen peroxide|water|unspecified,967
Europe,Acceptable conformity,Hydrogen sulfide|air|non-urban air or from high stacks,968
Europe,Marginally acceptable conformity,Hydrogen sulfide|air|unspecified,969
Europe,Acceptable conformity,Hydrogen sulfide|air|urban air close to ground,970
Europe,Acceptable conformity,Hydrogen sulfide|water|ground-,971
Europe,Nonconformity,"Hydrogen sulfide|water|ground-, long-term",972
Europe,Marginally acceptable conformity,Hydrogen sulfide|water|surface water,973
Europe,Acceptable conformity,Hydroxide|water|surface water,976
Europe,Close conformity,Hydroxide|water|unspecified,977
Europe,Acceptable conformity,Hypochlorite|water|ocean,978
Europe,Acceptable conformity,Hypochlorite|water|surface water,979
Europe,Acceptable conformity,Imazamox|soil|agricultural,980
Europe,Nonconformity,Imazapyr|soil|agricultural,981
Europe,Acceptable conformity,Imazethapyr|air|non-urban air or from high stacks,982
Europe,Acceptable conformity,Imazethapyr|soil|agricultural,983
Europe,Acceptable conformity,Imazethapyr|soil|forestry,984
Europe,Marginally acceptable conformity,Imazethapyr|water|unspecified,985
Europe,Acceptable conformity,Imidacloprid|air|non-urban air or from high stacks,986
Europe,Acceptable conformity,Imidacloprid|soil|agricultural,987
Europe,Acceptable conformity,Imidacloprid|soil|forestry,988
Europe,Acceptable conformity,Imidacloprid|water|ground-,989
Europe,Acceptable conformity,Imidacloprid|water|unspecified,990
Europe,Acceptable conformity,"Indeno(1,2,3-cd)pyrene|air|non-urban air or from high stacks",991
Europe,Marginally acceptable conformity,"Indeno(1,2,3-cd)pyrene|air|unspecified",992
Europe,Marginally acceptable conformity,"Indeno(1,2,3-cd)pyrene|water|surface water",993
Europe,Acceptable conformity,Indium|natural resource|in ground,994
Europe,Acceptable conformity,Indoxacarb|air|non-urban air or from high stacks,995
Europe,Marginally acceptable conformity,Indoxacarb|soil|agricultural,996
Europe,Acceptable conformity,Indoxacarb|soil|forestry,997
Europe,Marginally acceptable conformity,Iodide|soil|industrial,998
Europe,Acceptable conformity,Iodide|water|ground-,999
Europe,Acceptable conformity,"Iodide|water|ground-, long-term",1000
Europe,Close conformity,Iodide|water|ocean,1001
Europe,Acceptable conformity,Iodide|water|surface water,1002
Europe,Acceptable conformity,"Iodine|air|low population density, long-term",1008
Europe,Acceptable conformity,Iodine|air|non-urban air or from high stacks,1009
Europe,Acceptable conformity,Iodine|air|unspecified,1010
Europe,Marginally acceptable conformity,Iodine|air|urban air close to ground,1011
Europe,Acceptable conformity,Iodine|natural resource|in water,1012
Europe,Marginally acceptable conformity,Iodine|water|surface water,1013
Europe,Acceptable conformity,Iodine-129|air|non-urban air or from high stacks,1003
Europe,Acceptable conformity,Iodine-131|air|non-urban air or from high stacks,1004
Europe,Acceptable conformity,Iodine-131|water|surface water,1005
Europe,Acceptable conformity,Iodine-133|air|non-urban air or from high stacks,1006
Europe,Nonconformity,Iodine-133|water|surface water,1007
Europe,Acceptable conformity,Iodosulfuron|soil|agricultural,1015
Europe,Marginally acceptable conformity,Iodosulfuron-methyl-sodium|soil|agricultural,1014
Europe,Acceptable conformity,Ioxynil|soil|agricultural,1016
Europe,Marginally acceptable conformity,Iprodione|soil|agricultural,1017
Europe,Marginally acceptable conformity,Iron|natural resource|in ground,1031
Europe,Marginally acceptable conformity,"Iron ion|air|low population density, long-term",1019
Europe,Acceptable conformity,Iron ion|air|non-urban air or from high stacks,1020
Europe,Marginally acceptable conformity,Iron ion|air|unspecified,1021
Europe,Nonconformity,Iron ion|air|urban air close to ground,1022
Europe,Acceptable conformity,Iron ion|soil|agricultural,1023
Europe,Acceptable conformity,Iron ion|soil|industrial,1024
Europe,Marginally acceptable conformity,Iron ion|soil|unspecified,1025
Europe,Acceptable conformity,Iron ion|water|ground-,1026
Europe,Acceptable conformity,"Iron ion|water|ground-, long-term",1027
Europe,Acceptable conformity,Iron ion|water|ocean,1028
Europe,Acceptable conformity,Iron ion|water|surface water,1029
Europe,Acceptable conformity,Iron ion|water|unspecified,1030
Europe,Acceptable conformity,Iron-59|water|surface water,1018
Europe,Close conformity,Isobutanol|air|urban air close to ground,1032
Europe,Acceptable conformity,Isobutanol|water|surface water,1033
Europe,Nonconformity,Isocyanic acid|air|urban air close to ground,1034
Europe,Acceptable conformity,Isohexane|air|urban air close to ground,1035
Europe,Marginally acceptable conformity,Isohexane|water|surface water,1036
Europe,Acceptable conformity,Isoprene|air|non-urban air or from high stacks,1037
Europe,Close conformity,Isopropanol|air|non-urban air or from high stacks,1038
Europe,Acceptable conformity,Isopropanol|air|urban air close to ground,1039
Europe,Acceptable conformity,Isopropanol|water|surface water,1040
Europe,Nonconformity,Isopropanol|water|unspecified,1041
Europe,Acceptable conformity,Isopropylamine|air|urban air close to ground,1042
Europe,Acceptable conformity,Isopropylamine|water|surface water,1043
Europe,Acceptable conformity,Isoproturon|soil|agricultural,1044
Europe,Acceptable conformity,Kaolinite|natural resource|in ground,1045
Europe,Acceptable conformity,Ketene|air|unspecified,1046
Europe,Close conformity,Kieserite|natural resource|in ground,1047
Europe,Acceptable conformity,Kresoxim-methyl|soil|agricultural,1048
Europe,Marginally acceptable conformity,Krypton|natural resource|in air,1054
Europe,Acceptable conformity,Krypton-85|air|non-urban air or from high stacks,1049
Europe,Marginally acceptable conformity,Krypton-85m|air|non-urban air or from high stacks,1050
Europe,Acceptable conformity,Krypton-87|air|non-urban air or from high stacks,1051
Europe,Acceptable conformity,Krypton-88|air|non-urban air or from high stacks,1052
Europe,Acceptable conformity,Krypton-89|air|non-urban air or from high stacks,1053
Europe,Acceptable conformity,Lactic acid|air|urban air close to ground,1055
Europe,Marginally acceptable conformity,Lactic acid|water|surface water,1056
Europe,Acceptable conformity,Lactofen|soil|agricultural,1057
Europe,Close conformity,Lambda-cyhalothrin|air|non-urban air or from high stacks,1058
Europe,Acceptable conformity,Lambda-cyhalothrin|soil|agricultural,1059
Europe,Acceptable conformity,Lambda-cyhalothrin|soil|forestry,1060
Europe,Acceptable conformity,Lambda-cyhalothrin|water|ground-,1061
Europe,Marginally acceptable conformity,Lambda-cyhalothrin|water|surface water,1062
Europe,Close conformity,Lambda-cyhalothrin|water|unspecified,1063
Europe,Acceptable conformity,Lanthanum|natural resource|in ground,1066
Europe,Marginally acceptable conformity,Lanthanum-140|air|non-urban air or from high stacks,1064
Europe,Marginally acceptable conformity,Lanthanum-140|water|surface water,1065
Europe,Acceptable conformity,Laterite|natural resource|in ground,1067
Europe,Nonconformity,Lauric acid|air|unspecified,1068
Europe,Marginally acceptable conformity,Lauric acid|water|unspecified,1069
Europe,Acceptable conformity,Lead|natural resource|in ground,1090
Europe,Acceptable conformity,"Lead II|air|low population density, long-term",1076
Europe,Acceptable conformity,Lead II|air|lower stratosphere + upper troposphere,1077
Europe,Acceptable conformity,Lead II|air|non-urban air or from high stacks,1078
Europe,Marginally acceptable conformity,Lead II|air|unspecified,1079
Europe,Marginally acceptable conformity,Lead II|air|urban air close to ground,1080
Europe,Marginally acceptable conformity,Lead II|soil|agricultural,1081
Europe,Nonconformity,Lead II|soil|forestry,1082
Europe,Acceptable conformity,Lead II|soil|industrial,1083
Europe,Acceptable conformity,Lead II|soil|unspecified,1084
Europe,Marginally acceptable conformity,Lead II|water|ground-,1085
Europe,Acceptable conformity,"Lead II|water|ground-, long-term",1086
Europe,Close conformity,Lead II|water|ocean,1087
Europe,Acceptable conformity,Lead II|water|surface water,1088
Europe,Acceptable conformity,Lead II|water|unspecified,1089
Europe,Acceptable conformity,Lead-210|air|non-urban air or from high stacks,1070
Europe,Marginally acceptable conformity,Lead-210|air|unspecified,1071
Europe,Nonconformity,Lead-210|air|urban air close to ground,1072
Europe,Acceptable conformity,Lead-210|water|ground-,1073
Europe,Acceptable conformity,Lead-210|water|ocean,1074
Europe,Acceptable conformity,Lead-210|water|surface water,1075
Europe,Acceptable conformity,Lenacil|soil|agricultural,1091
Europe,Acceptable conformity,Linuron|soil|agricultural,1092
Europe,Marginally acceptable conformity,Lithium|natural resource|in ground,1098
Europe,Marginally acceptable conformity,Lithium I|air|urban air close to ground,1093
Europe,Acceptable conformity,Lithium I|soil|unspecified,1094
Europe,Acceptable conformity,Lithium I|water|ground-,1095
Europe,Acceptable conformity,Lithium I|water|ocean,1096
Europe,Acceptable conformity,Lithium I|water|surface water,1097
Europe,Acceptable conformity,Lufenuron|soil|agricultural,1099
Europe,Acceptable conformity,Lufenuron|soil|forestry,1100
Europe,Marginally acceptable conformity,Lutetium|natural resource|in ground,1101
Europe,Marginally acceptable conformity,MCPA|air|non-urban air or from high stacks,1143
Europe,Acceptable conformity,MCPA|soil|agricultural,1144
Europe,Marginally acceptable conformity,MCPA|water|ground-,1145
Europe,Nonconformity,MCPA|water|surface water,1146
Europe,Nonconformity,MCPB|air|non-urban air or from high stacks,1147
Europe,Close conformity,MCPB|soil|agricultural,1148
Europe,Nonconformity,MCPB|water|ground-,1149
Europe,Marginally acceptable conformity,MCPB|water|surface water,1150
Europe,Marginally acceptable conformity,Magnesite|natural resource|in ground,1106
Europe,Acceptable conformity,"Magnesium|air|low population density, long-term",1107
Europe,Acceptable conformity,Magnesium|air|non-urban air or from high stacks,1108
Europe,Close conformity,Magnesium|air|unspecified,1109
Europe,Nonconformity,Magnesium|air|urban air close to ground,1110
Europe,Acceptable conformity,Magnesium|natural resource|in ground,1111
Europe,Marginally acceptable conformity,Magnesium|soil|agricultural,1112
Europe,Acceptable conformity,Magnesium|soil|industrial,1113
Europe,Nonconformity,Magnesium|soil|unspecified,1114
Europe,Nonconformity,Magnesium|water|ground-,1115
Europe,Acceptable conformity,"Magnesium|water|ground-, long-term",1116
Europe,Acceptable conformity,Magnesium|water|ocean,1117
Europe,Acceptable conformity,Magnesium|water|surface water,1118
Europe,Close conformity,Malathion|soil|agricultural,1119
Europe,Acceptable conformity,Maleic anhydride|water|unspecified,1120
Europe,Acceptable conformity,Mancozeb|air|non-urban air or from high stacks,1121
Europe,Acceptable conformity,Mancozeb|soil|agricultural,1122
Europe,Close conformity,Mancozeb|soil|forestry,1123
Europe,Acceptable conformity,Mancozeb|water|ground-,1124
Europe,Acceptable conformity,Mancozeb|water|unspecified,1125
Europe,Marginally acceptable conformity,Mandipropamid|soil|agricultural,1126
Europe,Marginally acceptable conformity,Maneb|soil|agricultural,1127
Europe,Acceptable conformity,Manganese|natural resource|in ground,1142
Europe,Acceptable conformity,"Manganese II|air|low population density, long-term",1130
Europe,Acceptable conformity,Manganese II|air|non-urban air or from high stacks,1131
Europe,Nonconformity,Manganese II|air|unspecified,1132
Europe,Marginally acceptable conformity,Manganese II|air|urban air close to ground,1133
Europe,Marginally acceptable conformity,Manganese II|soil|agricultural,1134
Europe,Acceptable conformity,Manganese II|soil|industrial,1135
Europe,Nonconformity,Manganese II|soil|unspecified,1136
Europe,Acceptable conformity,Manganese II|water|ground-,1137
Europe,Acceptable conformity,"Manganese II|water|ground-, long-term",1138
Europe,Acceptable conformity,Manganese II|water|ocean,1139
Europe,Acceptable conformity,Manganese II|water|surface water,1140
Europe,Acceptable conformity,Manganese II|water|unspecified,1141
Europe,Acceptable conformity,Manganese-54|air|non-urban air or from high stacks,1128
Europe,Marginally acceptable conformity,Manganese-54|water|surface water,1129
Europe,Marginally acceptable conformity,Mecoprop|soil|agricultural,1152
Europe,Acceptable conformity,Mecoprop-P|soil|agricultural,1151
Europe,Acceptable conformity,Mefenpyr|soil|agricultural,1154
Europe,Acceptable conformity,Mefenpyr-diethyl|soil|agricultural,1153
Europe,Acceptable conformity,Mefentrifluconazole|soil|agricultural,1155
Europe,Acceptable conformity,Mepiquat chloride|soil|agricultural,1156
Europe,Acceptable conformity,Mercury|natural resource|in ground,1170
Europe,Acceptable conformity,"Mercury II|air|low population density, long-term",1157
Europe,Nonconformity,Mercury II|air|lower stratosphere + upper troposphere,1158
Europe,Acceptable conformity,Mercury II|air|non-urban air or from high stacks,1159
Europe,Acceptable conformity,Mercury II|air|unspecified,1160
Europe,Marginally acceptable conformity,Mercury II|air|urban air close to ground,1161
Europe,Acceptable conformity,Mercury II|soil|agricultural,1162
Europe,Acceptable conformity,Mercury II|soil|industrial,1163
Europe,Marginally acceptable conformity,Mercury II|soil|unspecified,1164
Europe,Marginally acceptable conformity,Mercury II|water|ground-,1165
Europe,Acceptable conformity,"Mercury II|water|ground-, long-term",1166
Europe,Acceptable conformity,Mercury II|water|ocean,1167
Europe,Close conformity,Mercury II|water|surface water,1168
Europe,Marginally acceptable conformity,Mercury II|water|unspecified,1169
Europe,Nonconformity,Mesosulfuron-methyl (prop)|soil|agricultural,1171
Europe,Nonconformity,Mesotrione|air|non-urban air or from high stacks,1172
Europe,Acceptable conformity,Mesotrione|soil|agricultural,1173
Europe,Nonconformity,Mesotrione|soil|forestry,1174
Europe,Nonconformity,Mesotrione|water|unspecified,1175
Europe,Acceptable conformity,Metalaxil|soil|agricultural,1176
Europe,Acceptable conformity,Metalaxyl-M|air|non-urban air or from high stacks,1177
Europe,Acceptable conformity,Metalaxyl-M|soil|agricultural,1178
Europe,Acceptable conformity,Metalaxyl-M|soil|forestry,1179
Europe,Acceptable conformity,Metalaxyl-M|water|ground-,1180
Europe,Acceptable conformity,Metalaxyl-M|water|unspecified,1181
Europe,Acceptable conformity,Metam-sodium|soil|agricultural,1182
Europe,Acceptable conformity,Metamitron|soil|agricultural,1183
Europe,Marginally acceptable conformity,Metazachlor|soil|agricultural,1184
Europe,Nonconformity,Metconazole|soil|agricultural,1185
Europe,Acceptable conformity,"Methane, bromo-, Halon 1001|air|unspecified",1186
Europe,Close conformity,"Methane, bromo-, Halon 1001|air|urban air close to ground",1187
Europe,Marginally acceptable conformity,"Methane, bromochlorodifluoro-, Halon 1211|air|non-urban air or from high stacks",1188
Europe,Acceptable conformity,"Methane, bromotrifluoro-, Halon 1301|air|non-urban air or from high stacks",1189
Europe,Nonconformity,"Methane, bromotrifluoro-, Halon 1301|air|urban air close to ground",1190
Europe,Acceptable conformity,"Methane, fossil|air|non-urban air or from high stacks",1191
Europe,Nonconformity,"Methane, fossil|air|unspecified",1192
Europe,Marginally acceptable conformity,"Methane, fossil|air|urban air close to ground",1193
Europe,Marginally acceptable conformity,"Methane, from soil or biomass stock|air|non-urban air or from high stacks",1194
Europe,Nonconformity,"Methane, non-fossil|air|non-urban air or from high stacks",1195
Europe,Nonconformity,"Methane, non-fossil|air|unspecified",1196
Europe,Marginally acceptable conformity,"Methane, non-fossil|air|urban air close to ground",1197
Europe,Acceptable conformity,Methanesulfonic acid|air|urban air close to ground,1198
Europe,Marginally acceptable conformity,Methanol|air|non-urban air or from high stacks,1199
Europe,Acceptable conformity,Methanol|air|unspecified,1200
Europe,Marginally acceptable conformity,Methanol|air|urban air close to ground,1201
Europe,Marginally acceptable conformity,Methanol|water|surface water,1202
Europe,Acceptable conformity,Methanol|water|unspecified,1203
Europe,Acceptable conformity,Methomyl|air|non-urban air or from high stacks,1204
Europe,Close conformity,Methomyl|soil|agricultural,1205
Europe,Acceptable conformity,Methomyl|soil|forestry,1206
Europe,Acceptable conformity,Methomyl|water|ground-,1207
Europe,Nonconformity,Methomyl|water|surface water,1208
Europe,Acceptable conformity,Methomyl|water|unspecified,1209
Europe,Acceptable conformity,Methoxyfenozide|air|non-urban air or from high stacks,1210
Europe,Acceptable conformity,Methoxyfenozide|soil|agricultural,1211
Europe,Acceptable conformity,Methoxyfenozide|soil|forestry,1212
Europe,Marginally acceptable conformity,Methoxyfenozide|water|ground-,1213
Europe,Close conformity,Methoxyfenozide|water|unspecified,1214
Europe,Acceptable conformity,Methyl acetate|air|unspecified,1215
Europe,Acceptable conformity,Methyl acetate|air|urban air close to ground,1216
Europe,Acceptable conformity,Methyl acetate|water|surface water,1217
Europe,Acceptable conformity,Methyl acrylate|air|urban air close to ground,1218
Europe,Acceptable conformity,Methyl acrylate|water|surface water,1219
Europe,Acceptable conformity,Methyl ethyl ketone|air|non-urban air or from high stacks,1220
Europe,Acceptable conformity,Methyl ethyl ketone|air|urban air close to ground,1221
Europe,Acceptable conformity,Methyl formate|air|unspecified,1222
Europe,Acceptable conformity,Methyl formate|air|urban air close to ground,1223
Europe,Acceptable conformity,Methyl formate|water|surface water,1224
Europe,Acceptable conformity,Methyl lactate|air|urban air close to ground,1225
Europe,Acceptable conformity,Methylamine|air|unspecified,1226
Europe,Acceptable conformity,Methylamine|air|urban air close to ground,1227
Europe,Acceptable conformity,Methylamine|water|surface water,1228
Europe,Marginally acceptable conformity,Methylamine|water|unspecified,1229
Europe,Marginally acceptable conformity,Methylchloride|air|non-urban air or from high stacks,1230
Europe,Marginally acceptable conformity,Methylchloride|air|unspecified,1231
Europe,Marginally acceptable conformity,Metolachlor|air|non-urban air or from high stacks,1232
Europe,Acceptable conformity,Metolachlor|soil|agricultural,1233
Europe,Nonconformity,Metolachlor|soil|forestry,1234
Europe,Nonconformity,Metolachlor|water|ground-,1235
Europe,Marginally acceptable conformity,Metolachlor|water|surface water,1236
Europe,Nonconformity,Metosulam|soil|agricultural,1237
Europe,Acceptable conformity,Metribuzin|soil|agricultural,1238
Europe,Acceptable conformity,Metsulfuron-methyl|air|non-urban air or from high stacks,1239
Europe,Marginally acceptable conformity,Metsulfuron-methyl|air|unspecified,1240
Europe,Acceptable conformity,Metsulfuron-methyl|soil|agricultural,1241
Europe,Acceptable conformity,Metsulfuron-methyl|soil|forestry,1242
Europe,Acceptable conformity,Metsulfuron-methyl|water|ground-,1243
Europe,Nonconformity,Metsulfuron-methyl|water|surface water,1244
Europe,Acceptable conformity,Metsulfuron-methyl|water|unspecified,1245
Europe,Acceptable conformity,Mineral oil|soil|agricultural,1246
Europe,Nonconformity,Molinate|soil|agricultural,1247
Europe,Nonconformity,Molybdenum|natural resource|in ground,1261
Europe,Acceptable conformity,"Molybdenum VI|air|low population density, long-term",1249
Europe,Acceptable conformity,Molybdenum VI|air|non-urban air or from high stacks,1250
Europe,Acceptable conformity,Molybdenum VI|air|unspecified,1251
Europe,Acceptable conformity,Molybdenum VI|air|urban air close to ground,1252
Europe,Marginally acceptable conformity,Molybdenum VI|soil|agricultural,1253
Europe,Acceptable conformity,Molybdenum VI|soil|industrial,1254
Europe,Nonconformity,Molybdenum VI|soil|unspecified,1255
Europe,Marginally acceptable conformity,Molybdenum VI|water|ground-,1256
Europe,Marginally acceptable conformity,"Molybdenum VI|water|ground-, long-term",1257
Europe,Acceptable conformity,Molybdenum VI|water|ocean,1258
Europe,Close conformity,Molybdenum VI|water|surface water,1259
Europe,Acceptable conformity,Molybdenum VI|water|unspecified,1260
Europe,Nonconformity,Molybdenum-99|water|surface water,1248
Europe,Marginally acceptable conformity,Monobutyltin (III)|water|ocean,1262
Europe,Acceptable conformity,Monochlorobenzene|water|surface water,1263
Europe,Acceptable conformity,Monochloroethane|air|unspecified,1264
Europe,Acceptable conformity,Monocrotophos|soil|agricultural,1265
Europe,Nonconformity,Monoethanolamine|air|urban air close to ground,1266
Europe,Close conformity,Monoethanolamine|water|unspecified,1267
Europe,Acceptable conformity,Monopotassium phosphite|soil|agricultural,1268
Europe,Acceptable conformity,Myclobutanil|soil|agricultural,1269
Europe,Acceptable conformity,"N,N-Dimethylformamide|water|unspecified",1270
Europe,Marginally acceptable conformity,"NMVOC, non-methane volatile organic compounds|air|lower stratosphere + upper troposphere",1335
Europe,Marginally acceptable conformity,"NMVOC, non-methane volatile organic compounds|air|non-urban air or from high stacks",1336
Europe,Nonconformity,"NMVOC, non-methane volatile organic compounds|air|unspecified",1337
Europe,Acceptable conformity,"NMVOC, non-methane volatile organic compounds|air|urban air close to ground",1338
Europe,Marginally acceptable conformity,Naphthalene|air|non-urban air or from high stacks,1271
Europe,Marginally acceptable conformity,Naphthalene|air|unspecified,1272
Europe,Marginally acceptable conformity,Naphthalene|water|surface water,1273
Europe,Marginally acceptable conformity,Napropamide|soil|agricultural,1274
Europe,Marginally acceptable conformity,Neodymium|natural resource|in ground,1275
Europe,Acceptable conformity,"Nickel II|air|low population density, long-term",1276
Europe,Nonconformity,Nickel II|air|lower stratosphere + upper troposphere,1277
Europe,Marginally acceptable conformity,Nickel II|air|non-urban air or from high stacks,1278
Europe,Acceptable conformity,Nickel II|air|unspecified,1279
Europe,Acceptable conformity,Nickel II|air|urban air close to ground,1280
Europe,Acceptable conformity,Nickel II|soil|agricultural,1281
Europe,Nonconformity,Nickel II|soil|forestry,1282
Europe,Close conformity,Nickel II|soil|industrial,1283
Europe,Nonconformity,Nickel II|soil|unspecified,1284
Europe,Marginally acceptable conformity,Nickel II|water|ground-,1285
Europe,Acceptable conformity,"Nickel II|water|ground-, long-term",1286
Europe,Marginally acceptable conformity,Nickel II|water|ocean,1287
Europe,Acceptable conformity,Nickel II|water|surface water,1288
Europe,Acceptable conformity,Nickel II|water|unspecified,1289
Europe,Nonconformity,Nicosulfuron|soil|forestry,1290
Europe,Marginally acceptable conformity,Niobium|natural resource|in ground,1293
Europe,Marginally acceptable conformity,Niobium-95|air|non-urban air or from high stacks,1291
Europe,Marginally acceptable conformity,Niobium-95|water|surface water,1292
Europe,Acceptable conformity,"Nitrate|air|low population density, long-term",1294
Europe,Marginally acceptable conformity,Nitrate|air|non-urban air or from high stacks,1295
Europe,Acceptable conformity,Nitrate|air|unspecified,1296
Europe,Acceptable conformity,Nitrate|air|urban air close to ground,1297
Europe,Acceptable conformity,Nitrate|soil|unspecified,1298
Europe,Acceptable conformity,Nitrate|water|ground-,1299
Europe,Acceptable conformity,"Nitrate|water|ground-, long-term",1300
Europe,Marginally acceptable conformity,Nitrate|water|ocean,1301
Europe,Acceptable conformity,Nitrate|water|surface water,1302
Europe,Acceptable conformity,Nitrate|water|unspecified,1303
Europe,Marginally acceptable conformity,Nitric acid|air|unspecified,1304
Europe,Acceptable conformity,Nitric acid|air|urban air close to ground,1305
Europe,Acceptable conformity,Nitric acid|soil|industrial,1306
Europe,Acceptable conformity,Nitric oxide|air|unspecified,1307
Europe,Marginally acceptable conformity,Nitrite|water|ground-,1308
Europe,Acceptable conformity,"Nitrite|water|ground-, long-term",1309
Europe,Acceptable conformity,Nitrite|water|ocean,1310
Europe,Acceptable conformity,Nitrite|water|surface water,1311
Europe,Acceptable conformity,Nitrite|water|unspecified,1312
Europe,Close conformity,Nitrobenzene|air|urban air close to ground,1313
Europe,Acceptable conformity,Nitrobenzene|water|surface water,1314
Europe,Acceptable conformity,Nitrobenzene|water|unspecified,1315
Europe,Marginally acceptable conformity,Nitrogen|air|non-urban air or from high stacks,1327
Europe,Marginally acceptable conformity,Nitrogen|air|unspecified,1328
Europe,Acceptable conformity,Nitrogen|natural resource|in air,1329
Europe,Acceptable conformity,Nitrogen|soil|industrial,1330
Europe,Nonconformity,Nitrogen|soil|unspecified,1331
Europe,Acceptable conformity,Nitrogen|water|ocean,1332
Europe,Nonconformity,Nitrogen|water|surface water,1333
Europe,Acceptable conformity,Nitrogen|water|unspecified,1334
Europe,Acceptable conformity,Nitrogen dioxide|water|surface water,1316
Europe,Acceptable conformity,Nitrogen fluoride|air|urban air close to ground,1317
Europe,Close conformity,"Nitrogen oxides|air|low population density, long-term",1318
Europe,Acceptable conformity,Nitrogen oxides|air|lower stratosphere + upper troposphere,1319
Europe,Acceptable conformity,Nitrogen oxides|air|non-urban air or from high stacks,1320
Europe,Nonconformity,Nitrogen oxides|air|unspecified,1321
Europe,Acceptable conformity,Nitrogen oxides|air|urban air close to ground,1322
Europe,Nonconformity,"Nitrogen, organic bound|water|ground-",1323
Europe,Acceptable conformity,"Nitrogen, organic bound|water|ground-, long-term",1324
Europe,Acceptable conformity,"Nitrogen, organic bound|water|surface water",1325
Europe,Marginally acceptable conformity,"Nitrogen, organic bound|water|unspecified",1326
Europe,Acceptable conformity,"Noble gases, radioactive, unspecified|air|non-urban air or from high stacks",1339
Europe,Nonconformity,Non-hazardous waste disposed|inventory indicator|waste,1340
Europe,Close conformity,Novaluron|soil|agricultural,1341
Europe,Close conformity,"Occupation, annual crop|natural resource|land",1354
Europe,Marginally acceptable conformity,"Occupation, annual crop, irrigated|natural resource|land",1350
Europe,Acceptable conformity,"Occupation, annual crop, irrigated, intensive|natural resource|land",1349
Europe,Acceptable conformity,"Occupation, annual crop, non-irrigated|natural resource|land",1353
Europe,Acceptable conformity,"Occupation, annual crop, non-irrigated, extensive|natural resource|land",1351
Europe,Acceptable conformity,"Occupation, annual crop, non-irrigated, intensive|natural resource|land",1352
Europe,Acceptable conformity,"Occupation, arable land, unspecified use|natural resource|land",1355
Europe,Marginally acceptable conformity,"Occupation, bare area (non-use)|natural resource|land",1356
Europe,Nonconformity,"Occupation, construction site|natural resource|land",1357
Europe,Nonconformity,"Occupation, cropland fallow (non-use)|natural resource|land",1358
Europe,Acceptable conformity,"Occupation, dump site|natural resource|land",1359
Europe,Marginally acceptable conformity,"Occupation, forest, extensive|natural resource|land",1360
Europe,Acceptable conformity,"Occupation, forest, intensive|natural resource|land",1361
Europe,Marginally acceptable conformity,"Occupation, grassland, natural (non-use)|natural resource|land",1362
Europe,Acceptable conformity,"Occupation, grassland, natural, for livestock grazing|natural resource|land",1363
Europe,Acceptable conformity,"Occupation, industrial area|natural resource|land",1364
Europe,Marginally acceptable conformity,"Occupation, inland waterbody, unspecified|natural resource|land",1365
Europe,Acceptable conformity,"Occupation, lake, artificial|natural resource|land",1366
Europe,Marginally acceptable conformity,"Occupation, mineral extraction site|natural resource|land",1367
Europe,Acceptable conformity,"Occupation, pasture, man made|natural resource|land",1370
Europe,Acceptable conformity,"Occupation, pasture, man made, extensive|natural resource|land",1368
Europe,Marginally acceptable conformity,"Occupation, pasture, man made, intensive|natural resource|land",1369
Europe,Acceptable conformity,"Occupation, permanent crop|natural resource|land",1374
Europe,Acceptable conformity,"Occupation, permanent crop, irrigated|natural resource|land",1372
Europe,Marginally acceptable conformity,"Occupation, permanent crop, irrigated, intensive|natural resource|land",1371
Europe,Acceptable conformity,"Occupation, permanent crop, non-irrigated|natural resource|land",1373
Europe,Acceptable conformity,"Occupation, river, artificial|natural resource|land",1375
Europe,Acceptable conformity,"Occupation, seabed, drilling and mining|natural resource|land",1376
Europe,Acceptable conformity,"Occupation, seabed, infrastructure|natural resource|land",1377
Europe,Acceptable conformity,"Occupation, traffic area, rail network|natural resource|land",1378
Europe,Nonconformity,"Occupation, traffic area, rail/road embankment|natural resource|land",1379
Europe,Acceptable conformity,"Occupation, traffic area, road network|natural resource|land",1380
Europe,Acceptable conformity,"Occupation, unspecified|natural resource|land",1382
Europe,Acceptable conformity,"Occupation, unspecified, natural (non-use)|natural resource|land",1381
Europe,Acceptable conformity,"Occupation, urban, discontinuously built|natural resource|land",1383
Europe,Marginally acceptable conformity,Octaethylene glycol monododecyl ether|air|unspecified,1384
Europe,Acceptable conformity,"Oil, crude|natural resource|in ground",1385
Europe,Marginally acceptable conformity,"Oils, non-fossil|soil|forestry",1386
Europe,Marginally acceptable conformity,"Oils, non-fossil|soil|industrial",1387
Europe,Acceptable conformity,"Oils, non-fossil|soil|unspecified",1388
Europe,Acceptable conformity,"Oils, non-fossil|water|ocean",1389
Europe,Acceptable conformity,"Oils, non-fossil|water|surface water",1390
Europe,Acceptable conformity,"Oils, unspecified|soil|industrial",1391
Europe,Marginally acceptable conformity,"Oils, unspecified|soil|unspecified",1392
Europe,Marginally acceptable conformity,"Oils, unspecified|water|ocean",1393
Europe,Marginally acceptable conformity,"Oils, unspecified|water|surface water",1394
Europe,Marginally acceptable conformity,"Oils, unspecified|water|unspecified",1395
Europe,Marginally acceptable conformity,Olivine|natural resource|in ground,1396
Europe,Acceptable conformity,Orbencarb|soil|agricultural,1397
Europe,Marginally acceptable conformity,Organic carbon|air|urban air close to ground,1399
Europe,Acceptable conformity,Organic carbon|soil|unspecified,1400
Europe,Acceptable conformity,Organic carbon|water|ground-,1401
Europe,Acceptable conformity,"Organic carbon, placed in landfill|inventory indicator|waste",1398
Europe,Acceptable conformity,Oxamyl|soil|agricultural,1402
Europe,Acceptable conformity,Oxyfluorfen|air|non-urban air or from high stacks,1403
Europe,Close conformity,Oxyfluorfen|soil|agricultural,1404
Europe,Acceptable conformity,Oxyfluorfen|water|surface water,1405
Europe,Marginally acceptable conformity,Oxygen|air|unspecified,1406
Europe,Marginally acceptable conformity,Oxygen|natural resource|in air,1407
Europe,Marginally acceptable conformity,Oxygen|water|surface water,1408
Europe,Nonconformity,Ozone|air|unspecified,1409
Europe,Acceptable conformity,Ozone|air|urban air close to ground,1410
Europe,Acceptable conformity,"PAH, polycyclic aromatic hydrocarbons|air|non-urban air or from high stacks",1411
Europe,Acceptable conformity,"PAH, polycyclic aromatic hydrocarbons|air|unspecified",1412
Europe,Marginally acceptable conformity,"PAH, polycyclic aromatic hydrocarbons|air|urban air close to ground",1413
Europe,Acceptable conformity,"PAH, polycyclic aromatic hydrocarbons|soil|unspecified",1414
Europe,Acceptable conformity,"PAH, polycyclic aromatic hydrocarbons|water|ground-",1415
Europe,Acceptable conformity,"PAH, polycyclic aromatic hydrocarbons|water|ocean",1416
Europe,Marginally acceptable conformity,"PAH, polycyclic aromatic hydrocarbons|water|surface water",1417
Europe,Marginally acceptable conformity,"PAH, polycyclic aromatic hydrocarbons|water|unspecified",1418
Europe,Acceptable conformity,Palladium|natural resource|in ground,1420
Europe,Acceptable conformity,Palladium II|air|unspecified,1419
Europe,Acceptable conformity,Paraffins|air|non-urban air or from high stacks,1421
Europe,Acceptable conformity,Paraquat|soil|agricultural,1422
Europe,Marginally acceptable conformity,Parathion|soil|agricultural,1423
Europe,Acceptable conformity,"Particulate Matter, < 2.5 um|air|low population density, long-term",1424
Europe,Acceptable conformity,"Particulate Matter, < 2.5 um|air|lower stratosphere + upper troposphere",1425
Europe,Marginally acceptable conformity,"Particulate Matter, < 2.5 um|air|non-urban air or from high stacks",1426
Europe,Marginally acceptable conformity,"Particulate Matter, < 2.5 um|air|unspecified",1427
Europe,Acceptable conformity,"Particulate Matter, < 2.5 um|air|urban air close to ground",1428
Europe,Marginally acceptable conformity,"Particulate Matter, > 10 um|air|low population density, long-term",1429
Europe,Nonconformity,"Particulate Matter, > 10 um|air|non-urban air or from high stacks",1430
Europe,Acceptable conformity,"Particulate Matter, > 10 um|air|unspecified",1431
Europe,Nonconformity,"Particulate Matter, > 10 um|air|urban air close to ground",1432
Europe,Acceptable conformity,"Particulate Matter, > 2.5 um and < 10um|air|low population density, long-term",1433
Europe,Marginally acceptable conformity,"Particulate Matter, > 2.5 um and < 10um|air|non-urban air or from high stacks",1434
Europe,Acceptable conformity,"Particulate Matter, > 2.5 um and < 10um|air|unspecified",1435
Europe,Nonconformity,"Particulate Matter, > 2.5 um and < 10um|air|urban air close to ground",1436
Europe,Acceptable conformity,Peat|natural resource|biotic,1437
Europe,Nonconformity,Pendimethalin|air|non-urban air or from high stacks,1438
Europe,Acceptable conformity,Pendimethalin|soil|agricultural,1439
Europe,Marginally acceptable conformity,Pentachlorobenzene|air|non-urban air or from high stacks,1440
Europe,Nonconformity,Pentachlorobenzene|air|unspecified,1441
Europe,Marginally acceptable conformity,Pentachlorobenzene|air|urban air close to ground,1442
Europe,Marginally acceptable conformity,Pentachlorobenzene|water|unspecified,1443
Europe,Marginally acceptable conformity,Pentachlorophenol|air|non-urban air or from high stacks,1444
Europe,Marginally acceptable conformity,Pentachlorophenol|air|unspecified,1445
Europe,Acceptable conformity,Pentachlorophenol|air|urban air close to ground,1446
Europe,Marginally acceptable conformity,Pentachlorophenol|soil|unspecified,1447
Europe,Acceptable conformity,Pentafluoroethane|air|non-urban air or from high stacks,1448
Europe,Acceptable conformity,Pentane|air|non-urban air or from high stacks,1449
Europe,Marginally acceptable conformity,Pentane|air|unspecified,1450
Europe,Nonconformity,Pentane|air|urban air close to ground,1451
Europe,Marginally acceptable conformity,Peracetic acid|water|unspecified,1452
Europe,Acceptable conformity,Perlite|natural resource|in ground,1453
Europe,Acceptable conformity,Permethrin|soil|agricultural,1454
Europe,Acceptable conformity,"Pesticides, unspecified|soil|agricultural",1455
Europe,Acceptable conformity,"Pesticides, unspecified|soil|forestry",1456
Europe,Acceptable conformity,"Pesticides, unspecified|water|ground-",1457
Europe,Acceptable conformity,"Pesticides, unspecified|water|unspecified",1458
Europe,Marginally acceptable conformity,Phenanthrene|air|non-urban air or from high stacks,1459
Europe,Acceptable conformity,Phenanthrene|air|unspecified,1460
Europe,Marginally acceptable conformity,Phenanthrene|water|surface water,1461
Europe,Acceptable conformity,Phenmedipham|soil|agricultural,1462
Europe,Acceptable conformity,Phenol|air|non-urban air or from high stacks,1463
Europe,Marginally acceptable conformity,Phenol|air|unspecified,1464
Europe,Acceptable conformity,Phenol|air|urban air close to ground,1465
Europe,Acceptable conformity,Phenol|water|ocean,1466
Europe,Acceptable conformity,Phenol|water|surface water,1467
Europe,Acceptable conformity,Phenol|water|unspecified,1468
Europe,Acceptable conformity,Phenyltin|water|ocean,1469
Europe,Marginally acceptable conformity,Phorate|soil|agricultural,1470
Europe,Acceptable conformity,Phosmet|soil|agricultural,1471
Europe,Marginally acceptable conformity,Phosphate|water|ground-,1472
Europe,Acceptable conformity,"Phosphate|water|ground-, long-term",1473
Europe,Acceptable conformity,Phosphate|water|ocean,1474
Europe,Acceptable conformity,Phosphate|water|surface water,1475
Europe,Marginally acceptable conformity,Phosphate|water|unspecified,1476
Europe,Acceptable conformity,Phosphine|air|urban air close to ground,1477
Europe,Nonconformity,Phosphoric acid|air|non-urban air or from high stacks,1478
Europe,Marginally acceptable conformity,Phosphoric acid|air|urban air close to ground,1479
Europe,Acceptable conformity,Phosphorous acid|soil|agricultural,1480
Europe,Acceptable conformity,"Phosphorus|air|low population density, long-term",1484
Europe,Marginally acceptable conformity,Phosphorus|air|non-urban air or from high stacks,1485
Europe,Acceptable conformity,Phosphorus|air|unspecified,1486
Europe,Marginally acceptable conformity,Phosphorus|air|urban air close to ground,1487
Europe,Acceptable conformity,Phosphorus|natural resource|in ground,1488
Europe,Marginally acceptable conformity,Phosphorus|soil|agricultural,1489
Europe,Acceptable conformity,Phosphorus|soil|industrial,1490
Europe,Marginally acceptable conformity,Phosphorus|soil|unspecified,1491
Europe,Acceptable conformity,Phosphorus|water|ground-,1492
Europe,Acceptable conformity,Phosphorus|water|ocean,1493
Europe,Marginally acceptable conformity,Phosphorus|water|surface water,1494
Europe,Marginally acceptable conformity,Phosphorus|water|unspecified,1495
Europe,Close conformity,Phosphorus oxychloride|water|unspecified,1481
Europe,Nonconformity,Phosphorus trichloride|air|unspecified,1482
Europe,Nonconformity,Phosphorus trichloride|air|urban air close to ground,1483
Europe,Marginally acceptable conformity,Picloram|soil|agricultural,1496
Europe,Close conformity,Picoxystrobin|soil|agricultural,1497
Europe,Acceptable conformity,Picoxystrobin|soil|forestry,1498
Europe,Acceptable conformity,Piperonyl butoxide|soil|agricultural,1499
Europe,Acceptable conformity,Pirimicarb|soil|agricultural,1500
Europe,Acceptable conformity,Platinum|air|non-urban air or from high stacks,1501
Europe,Acceptable conformity,Platinum|air|unspecified,1502
Europe,Acceptable conformity,Platinum|air|urban air close to ground,1503
Europe,Close conformity,Platinum|natural resource|in ground,1504
Europe,Acceptable conformity,Plutonium-238|air|non-urban air or from high stacks,1505
Europe,Acceptable conformity,Plutonium-alpha|air|non-urban air or from high stacks,1506
Europe,Acceptable conformity,Polonium-210|air|non-urban air or from high stacks,1507
Europe,Acceptable conformity,Polonium-210|air|unspecified,1508
Europe,Marginally acceptable conformity,Polonium-210|air|urban air close to ground,1509
Europe,Acceptable conformity,Polonium-210|water|ground-,1510
Europe,Marginally acceptable conformity,Polonium-210|water|ocean,1511
Europe,Acceptable conformity,Polonium-210|water|surface water,1512
Europe,Marginally acceptable conformity,Polychlorinated biphenyls|air|non-urban air or from high stacks,1513
Europe,Marginally acceptable conformity,Polychlorinated biphenyls|air|unspecified,1514
Europe,Close conformity,Polychlorinated biphenyls|air|urban air close to ground,1515
Europe,Marginally acceptable conformity,Polychlorinated biphenyls|water|unspecified,1516
Europe,Marginally acceptable conformity,Potassium|natural resource|in ground,1535
Europe,Acceptable conformity,"Potassium I|air|low population density, long-term",1523
Europe,Nonconformity,Potassium I|air|non-urban air or from high stacks,1524
Europe,Acceptable conformity,Potassium I|air|unspecified,1525
Europe,Marginally acceptable conformity,Potassium I|air|urban air close to ground,1526
Europe,Acceptable conformity,Potassium I|soil|agricultural,1527
Europe,Acceptable conformity,Potassium I|soil|industrial,1528
Europe,Acceptable conformity,Potassium I|soil|unspecified,1529
Europe,Nonconformity,Potassium I|water|ground-,1530
Europe,Acceptable conformity,"Potassium I|water|ground-, long-term",1531
Europe,Acceptable conformity,Potassium I|water|ocean,1532
Europe,Close conformity,Potassium I|water|surface water,1533
Europe,Close conformity,Potassium I|water|unspecified,1534
Europe,Acceptable conformity,Potassium-40|air|non-urban air or from high stacks,1517
Europe,Acceptable conformity,Potassium-40|air|unspecified,1518
Europe,Marginally acceptable conformity,Potassium-40|air|urban air close to ground,1519
Europe,Acceptable conformity,Potassium-40|water|ground-,1520
Europe,Acceptable conformity,Potassium-40|water|ocean,1521
Europe,Acceptable conformity,Potassium-40|water|surface water,1522
Europe,Marginally acceptable conformity,Praseodymium|natural resource|in ground,1536
Europe,Acceptable conformity,Prochloraz|soil|agricultural,1537
Europe,Nonconformity,Procymidone|soil|agricultural,1538
Europe,Acceptable conformity,Profenofos|soil|agricultural,1539
Europe,Acceptable conformity,Prohexadione calcium|soil|agricultural,1540
Europe,Marginally acceptable conformity,Propamocarb|soil|agricultural,1542
Europe,Acceptable conformity,Propamocarb HCl|soil|agricultural,1541
Europe,Marginally acceptable conformity,Propanal|air|non-urban air or from high stacks,1543
Europe,Nonconformity,Propanal|air|unspecified,1544
Europe,Marginally acceptable conformity,Propanal|air|urban air close to ground,1545
Europe,Close conformity,Propanal|water|surface water,1546
Europe,Marginally acceptable conformity,Propane|air|non-urban air or from high stacks,1547
Europe,Acceptable conformity,Propane|air|unspecified,1548
Europe,Acceptable conformity,Propane|air|urban air close to ground,1549
Europe,Acceptable conformity,Propanol|air|non-urban air or from high stacks,1550
Europe,Acceptable conformity,Propanol|air|urban air close to ground,1551
Europe,Acceptable conformity,Propanol|water|surface water,1552
Europe,Acceptable conformity,Propargite|soil|agricultural,1553
Europe,Acceptable conformity,Propiconazole|air|non-urban air or from high stacks,1554
Europe,Acceptable conformity,Propiconazole|soil|agricultural,1555
Europe,Acceptable conformity,Propiconazole|soil|forestry,1556
Europe,Marginally acceptable conformity,Propiconazole|water|ground-,1557
Europe,Nonconformity,Propiconazole|water|surface water,1558
Europe,Acceptable conformity,Propiconazole|water|unspecified,1559
Europe,Marginally acceptable conformity,Propionic acid|air|non-urban air or from high stacks,1560
Europe,Nonconformity,Propionic acid|air|unspecified,1561
Europe,Marginally acceptable conformity,Propionic acid|air|urban air close to ground,1562
Europe,Acceptable conformity,Propionic acid|water|surface water,1563
Europe,Marginally acceptable conformity,Propoxycarbazone-sodium (prop)|soil|agricultural,1564
Europe,Acceptable conformity,Propyl amine|air|urban air close to ground,1565
Europe,Acceptable conformity,Propyl amine|water|surface water,1566
Europe,Acceptable conformity,Propylene|air|non-urban air or from high stacks,1570
Europe,Acceptable conformity,Propylene|air|unspecified,1571
Europe,Acceptable conformity,Propylene|air|urban air close to ground,1572
Europe,Close conformity,Propylene|water|surface water,1573
Europe,Acceptable conformity,Propylene oxide|air|unspecified,1567
Europe,Acceptable conformity,Propylene oxide|air|urban air close to ground,1568
Europe,Acceptable conformity,Propylene oxide|water|surface water,1569
Europe,Nonconformity,Prosulfuron|soil|agricultural,1574
Europe,Acceptable conformity,Protactinium-234|air|non-urban air or from high stacks,1575
Europe,Marginally acceptable conformity,Protactinium-234|water|surface water,1576
Europe,Acceptable conformity,Prothioconazole|air|non-urban air or from high stacks,1577
Europe,Acceptable conformity,Prothioconazole|soil|agricultural,1578
Europe,Acceptable conformity,Prothioconazole|soil|forestry,1579
Europe,Close conformity,Prothioconazole|water|ground-,1580
Europe,Marginally acceptable conformity,Prothioconazole|water|surface water,1581
Europe,Acceptable conformity,Prothioconazole|water|unspecified,1582
Europe,Acceptable conformity,Pydiflumetofen|soil|agricultural,1583
Europe,Marginally acceptable conformity,Pymetrozine|soil|agricultural,1584
Europe,Acceptable conformity,Pyraclostrobin|air|non-urban air or from high stacks,1585
Europe,Acceptable conformity,Pyraclostrobin|soil|agricultural,1586
Europe,Acceptable conformity,Pyraclostrobin|soil|forestry,1587
Europe,Acceptable conformity,Pyraclostrobin|water|ground-,1588
Europe,Nonconformity,Pyraclostrobin|water|surface water,1589
Europe,Acceptable conformity,Pyraclostrobin|water|unspecified,1590
Europe,Acceptable conformity,Pyraflufen-ethyl|soil|agricultural,1591
Europe,Marginally acceptable conformity,Pyrene|air|non-urban air or from high stacks,1592
Europe,Marginally acceptable conformity,Pyrene|air|unspecified,1593
Europe,Marginally acceptable conformity,Pyrene|water|surface water,1594
Europe,Acceptable conformity,Pyrethrum|soil|agricultural,1595
Europe,Marginally acceptable conformity,Pyrimethanil|soil|agricultural,1596
Europe,Acceptable conformity,Pyriproxyfen|air|non-urban air or from high stacks,1597
Europe,Acceptable conformity,Pyriproxyfen|soil|agricultural,1598
Europe,Acceptable conformity,Pyriproxyfen|soil|forestry,1599
Europe,Acceptable conformity,Pyriproxyfen|water|ground-,1600
Europe,Acceptable conformity,Pyriproxyfen|water|unspecified,1601
Europe,Acceptable conformity,Pyroxasulfone|soil|agricultural,1602
Europe,Acceptable conformity,Quinclorac|soil|agricultural,1603
Europe,Acceptable conformity,Quinmerac|soil|agricultural,1604
Europe,Acceptable conformity,Quinoxyfen|soil|agricultural,1605
Europe,Acceptable conformity,Quintozene|soil|agricultural,1606
Europe,Nonconformity,Quizalofop-P|soil|agricultural,1612
Europe,Marginally acceptable conformity,Quizalofop-ethyl|soil|agricultural,1607
Europe,Acceptable conformity,Quizalofop-p-ethyl|air|non-urban air or from high stacks,1608
Europe,Acceptable conformity,Quizalofop-p-ethyl|soil|agricultural,1609
Europe,Acceptable conformity,Quizalofop-p-ethyl|soil|forestry,1610
Europe,Acceptable conformity,Quizalofop-p-ethyl|water|unspecified,1611
Europe,Marginally acceptable conformity,"Radioactive species, Nuclides, unspecified|water|ocean",1614
Europe,Acceptable conformity,"Radioactive species, Nuclides, unspecified|water|surface water",1615
Europe,Acceptable conformity,"Radioactive species, alpha emitters|water|surface water",1613
Europe,Acceptable conformity,"Radioactive species, other beta emitters|air|non-urban air or from high stacks",1616
Europe,Acceptable conformity,"Radioactive species, other beta emitters|air|unspecified",1617
Europe,Acceptable conformity,"Radioactive species, other beta emitters|air|urban air close to ground",1618
Europe,Acceptable conformity,Radium-224|water|ocean,1619
Europe,Acceptable conformity,Radium-224|water|surface water,1620
Europe,Marginally acceptable conformity,Radium-226|air|non-urban air or from high stacks,1621
Europe,Acceptable conformity,Radium-226|air|unspecified,1622
Europe,Nonconformity,Radium-226|air|urban air close to ground,1623
Europe,Marginally acceptable conformity,Radium-226|water|ground-,1624
Europe,Acceptable conformity,Radium-226|water|ocean,1625
Europe,Acceptable conformity,Radium-226|water|surface water,1626
Europe,Nonconformity,Radium-226|water|unspecified,1627
Europe,Acceptable conformity,Radium-228|air|non-urban air or from high stacks,1628
Europe,Acceptable conformity,Radium-228|air|unspecified,1629
Europe,Marginally acceptable conformity,Radium-228|air|urban air close to ground,1630
Europe,Close conformity,Radium-228|water|ocean,1631
Europe,Acceptable conformity,Radium-228|water|surface water,1632
Europe,Acceptable conformity,Radon-220|air|non-urban air or from high stacks,1633
Europe,Marginally acceptable conformity,Radon-220|air|unspecified,1634
Europe,Acceptable conformity,Radon-220|air|urban air close to ground,1635
Europe,Acceptable conformity,"Radon-222|air|low population density, long-term",1636
Europe,Acceptable conformity,Radon-222|air|non-urban air or from high stacks,1637
Europe,Acceptable conformity,Radon-222|air|unspecified,1638
Europe,Nonconformity,Radon-222|air|urban air close to ground,1639
Europe,Marginally acceptable conformity,Rhenium|natural resource|in ground,1640
Europe,Close conformity,Rhodium|natural resource|in ground,1642
Europe,Acceptable conformity,Rhodium III|air|unspecified,1641
Europe,Acceptable conformity,Rimsulfuron|soil|agricultural,1643
Europe,Close conformity,Rubidium|water|ocean,1644
Europe,Acceptable conformity,Rubidium|water|surface water,1645
Europe,Acceptable conformity,Ruthenium-103|air|non-urban air or from high stacks,1646
Europe,Acceptable conformity,Ruthenium-103|water|surface water,1647
Europe,Close conformity,S-Metolachlor|soil|agricultural,1648
Europe,Acceptable conformity,Saflufenacil|soil|agricultural,1649
Europe,Acceptable conformity,Samarium|natural resource|in ground,1650
Europe,Acceptable conformity,"Sand, unspecified|natural resource|in ground",1651
Europe,Marginally acceptable conformity,"Scandium|air|low population density, long-term",1652
Europe,Acceptable conformity,Scandium|air|non-urban air or from high stacks,1653
Europe,Nonconformity,Scandium|air|unspecified,1654
Europe,Marginally acceptable conformity,Scandium|air|urban air close to ground,1655
Europe,Nonconformity,Scandium|natural resource|in ground,1656
Europe,Acceptable conformity,Scandium|soil|agricultural,1657
Europe,Nonconformity,Scandium|soil|industrial,1658
Europe,Nonconformity,Scandium|soil|unspecified,1659
Europe,Acceptable conformity,Scandium|water|ground-,1660
Europe,Acceptable conformity,"Scandium|water|ground-, long-term",1661
Europe,Acceptable conformity,Scandium|water|surface water,1662
Europe,Marginally acceptable conformity,Selenium|natural resource|in ground,1675
Europe,Acceptable conformity,"Selenium IV|air|low population density, long-term",1663
Europe,Marginally acceptable conformity,Selenium IV|air|lower stratosphere + upper troposphere,1664
Europe,Acceptable conformity,Selenium IV|air|non-urban air or from high stacks,1665
Europe,Nonconformity,Selenium IV|air|unspecified,1666
Europe,Marginally acceptable conformity,Selenium IV|air|urban air close to ground,1667
Europe,Close conformity,Selenium IV|soil|agricultural,1668
Europe,Acceptable conformity,Selenium IV|soil|industrial,1669
Europe,Marginally acceptable conformity,Selenium IV|soil|unspecified,1670
Europe,Acceptable conformity,Selenium IV|water|ground-,1671
Europe,Acceptable conformity,"Selenium IV|water|ground-, long-term",1672
Europe,Acceptable conformity,Selenium IV|water|surface water,1673
Europe,Close conformity,Selenium IV|water|unspecified,1674
Europe,Acceptable conformity,Sethoxydim|soil|agricultural,1676
Europe,Acceptable conformity,Shale|natural resource|in ground,1677
Europe,Acceptable conformity,"Silicon|air|low population density, long-term",1679
Europe,Acceptable conformity,Silicon|air|non-urban air or from high stacks,1680
Europe,Acceptable conformity,Silicon|air|unspecified,1681
Europe,Nonconformity,Silicon|air|urban air close to ground,1682
Europe,Nonconformity,Silicon|natural resource|in ground,1683
Europe,Marginally acceptable conformity,Silicon|soil|agricultural,1684
Europe,Acceptable conformity,Silicon|soil|industrial,1685
Europe,Nonconformity,Silicon|soil|unspecified,1686
Europe,Acceptable conformity,Silicon|water|ground-,1687
Europe,Acceptable conformity,"Silicon|water|ground-, long-term",1688
Europe,Acceptable conformity,Silicon|water|ocean,1689
Europe,Acceptable conformity,Silicon|water|surface water,1690
Europe,Marginally acceptable conformity,Silicon tetrafluoride|air|non-urban air or from high stacks,1678
Europe,Marginally acceptable conformity,Silthiofam|soil|agricultural,1691
Europe,Acceptable conformity,Silver|natural resource|in ground,1705
Europe,Acceptable conformity,"Silver I|air|low population density, long-term",1694
Europe,Acceptable conformity,Silver I|air|unspecified,1695
Europe,Acceptable conformity,Silver I|air|urban air close to ground,1696
Europe,Nonconformity,Silver I|soil|agricultural,1697
Europe,Acceptable conformity,Silver I|soil|industrial,1698
Europe,Acceptable conformity,Silver I|soil|unspecified,1699
Europe,Acceptable conformity,Silver I|water|ground-,1700
Europe,Marginally acceptable conformity,"Silver I|water|ground-, long-term",1701
Europe,Acceptable conformity,Silver I|water|ocean,1702
Europe,Acceptable conformity,Silver I|water|surface water,1703
Europe,Nonconformity,Silver I|water|unspecified,1704
Europe,Acceptable conformity,Silver-110|air|non-urban air or from high stacks,1692
Europe,Acceptable conformity,Silver-110|water|surface water,1693
Europe,Nonconformity,Simazine|air|non-urban air or from high stacks,1706
Europe,Nonconformity,Simazine|soil|agricultural,1707
Europe,Nonconformity,Simazine|soil|forestry,1708
Europe,Nonconformity,Simazine|water|ground-,1709
Europe,Nonconformity,Simazine|water|unspecified,1710
Europe,Acceptable conformity,Sodium|natural resource|in ground,1734
Europe,Acceptable conformity,"Sodium I|air|low population density, long-term",1718
Europe,Acceptable conformity,Sodium I|air|non-urban air or from high stacks,1719
Europe,Acceptable conformity,Sodium I|air|unspecified,1720
Europe,Marginally acceptable conformity,Sodium I|air|urban air close to ground,1721
Europe,Marginally acceptable conformity,Sodium I|soil|agricultural,1722
Europe,Acceptable conformity,Sodium I|soil|industrial,1723
Europe,Marginally acceptable conformity,Sodium I|soil|unspecified,1724
Europe,Marginally acceptable conformity,Sodium I|water|ground-,1725
Europe,Acceptable conformity,"Sodium I|water|ground-, long-term",1726
Europe,Acceptable conformity,Sodium I|water|ocean,1727
Europe,Close conformity,Sodium I|water|surface water,1728
Europe,Acceptable conformity,Sodium I|water|unspecified,1729
Europe,Acceptable conformity,Sodium chlorate|air|urban air close to ground,1712
Europe,Acceptable conformity,Sodium chloride|natural resource|in ground,1713
Europe,Nonconformity,Sodium dichromate|air|urban air close to ground,1714
Europe,Acceptable conformity,Sodium formate|air|urban air close to ground,1715
Europe,Nonconformity,Sodium formate|water|surface water,1716
Europe,Acceptable conformity,Sodium hydroxide|air|urban air close to ground,1717
Europe,Marginally acceptable conformity,Sodium methoxide|water|unspecified,1730
Europe,Acceptable conformity,Sodium nitrate|natural resource|in ground,1731
Europe,Acceptable conformity,Sodium sulfate|natural resource|in ground,1732
Europe,Acceptable conformity,Sodium tetrahydridoborate|air|urban air close to ground,1733
Europe,Marginally acceptable conformity,Sodium-24|water|surface water,1711
Europe,Marginally acceptable conformity,"Solids, inorganic|water|ground-",1735
Europe,Marginally acceptable conformity,"Solids, inorganic|water|ocean",1736
Europe,Acceptable conformity,"Solids, inorganic|water|surface water",1737
Europe,Acceptable conformity,"Solids, inorganic|water|unspecified",1738
Europe,Marginally acceptable conformity,Spinosad|soil|agricultural,1739
Europe,Acceptable conformity,Spiromesifen|soil|agricultural,1740
Europe,Acceptable conformity,Spirotetramat|soil|agricultural,1741
Europe,Acceptable conformity,Spiroxamine|soil|agricultural,1742
Europe,Marginally acceptable conformity,Spodumene|natural resource|in ground,1743
Europe,Acceptable conformity,Steatite|natural resource|in ground,1744
Europe,Marginally acceptable conformity,Strontium|natural resource|in ground,1759
Europe,Marginally acceptable conformity,"Strontium II|air|low population density, long-term",1748
Europe,Acceptable conformity,Strontium II|air|non-urban air or from high stacks,1749
Europe,Acceptable conformity,Strontium II|air|unspecified,1750
Europe,Acceptable conformity,Strontium II|air|urban air close to ground,1751
Europe,Acceptable conformity,Strontium II|soil|agricultural,1752
Europe,Acceptable conformity,Strontium II|soil|industrial,1753
Europe,Marginally acceptable conformity,Strontium II|soil|unspecified,1754
Europe,Marginally acceptable conformity,Strontium II|water|ground-,1755
Europe,Marginally acceptable conformity,"Strontium II|water|ground-, long-term",1756
Europe,Acceptable conformity,Strontium II|water|ocean,1757
Europe,Acceptable conformity,Strontium II|water|surface water,1758
Europe,Marginally acceptable conformity,Strontium-89|water|surface water,1745
Europe,Acceptable conformity,Strontium-90|water|ocean,1746
Europe,Acceptable conformity,Strontium-90|water|surface water,1747
Europe,Acceptable conformity,Styrene|air|non-urban air or from high stacks,1760
Europe,Acceptable conformity,Styrene|air|unspecified,1761
Europe,Marginally acceptable conformity,Styrene|air|urban air close to ground,1762
Europe,Acceptable conformity,Sulfadiazine|water|unspecified,1763
Europe,Acceptable conformity,"Sulfate|air|low population density, long-term",1764
Europe,Marginally acceptable conformity,Sulfate|air|non-urban air or from high stacks,1765
Europe,Acceptable conformity,Sulfate|air|unspecified,1766
Europe,Acceptable conformity,Sulfate|air|urban air close to ground,1767
Europe,Acceptable conformity,Sulfate|soil|unspecified,1768
Europe,Marginally acceptable conformity,Sulfate|water|ground-,1769
Europe,Acceptable conformity,"Sulfate|water|ground-, long-term",1770
Europe,Close conformity,Sulfate|water|ocean,1771
Europe,Acceptable conformity,Sulfate|water|surface water,1772
Europe,Marginally acceptable conformity,Sulfate|water|unspecified,1773
Europe,Acceptable conformity,Sulfentrazone|air|non-urban air or from high stacks,1774
Europe,Marginally acceptable conformity,Sulfentrazone|soil|agricultural,1775
Europe,Acceptable conformity,Sulfentrazone|soil|forestry,1776
Europe,Acceptable conformity,Sulfentrazone|water|ground-,1777
Europe,Acceptable conformity,Sulfentrazone|water|unspecified,1778
Europe,Acceptable conformity,Sulfide|water|ocean,1779
Europe,Acceptable conformity,Sulfide|water|surface water,1780
Europe,Marginally acceptable conformity,Sulfide|water|unspecified,1781
Europe,Acceptable conformity,Sulfite|water|surface water,1782
Europe,Marginally acceptable conformity,Sulfite|water|unspecified,1783
Europe,Acceptable conformity,Sulfosate|soil|agricultural,1784
Europe,Marginally acceptable conformity,Sulfosulfuron|soil|agricultural,1785
Europe,Nonconformity,Sulfur|natural resource|in ground,1797
Europe,Acceptable conformity,Sulfur|soil|agricultural,1798
Europe,Acceptable conformity,Sulfur|soil|industrial,1799
Europe,Marginally acceptable conformity,Sulfur|soil|unspecified,1800
Europe,Acceptable conformity,Sulfur|water|ground-,1801
Europe,Acceptable conformity,Sulfur|water|ocean,1802
Europe,Marginally acceptable conformity,Sulfur|water|surface water,1803
Europe,Marginally acceptable conformity,Sulfur|water|unspecified,1804
Europe,Acceptable conformity,Sulfur dichloride|air|unspecified,1786
Europe,Acceptable conformity,Sulfur dichloride|water|unspecified,1787
Europe,Nonconformity,Sulfur dioxide|air|lower stratosphere + upper troposphere,1788
Europe,Acceptable conformity,Sulfur dioxide|air|non-urban air or from high stacks,1789
Europe,Marginally acceptable conformity,Sulfur dioxide|air|unspecified,1790
Europe,Marginally acceptable conformity,Sulfur dioxide|air|urban air close to ground,1791
Europe,Acceptable conformity,Sulfur hexafluoride|air|unspecified,1792
Europe,Acceptable conformity,Sulfur hexafluoride|air|urban air close to ground,1793
Europe,Acceptable conformity,Sulfur oxides|air|unspecified,1794
Europe,Nonconformity,Sulfur trioxide|air|unspecified,1795
Europe,Acceptable conformity,Sulfur trioxide|air|urban air close to ground,1796
Europe,Marginally acceptable conformity,Sulfuric acid|air|non-urban air or from high stacks,1805
Europe,Marginally acceptable conformity,Sulfuric acid|air|unspecified,1806
Europe,Acceptable conformity,Sulfuric acid|air|urban air close to ground,1807
Europe,Acceptable conformity,Sulfuric acid|soil|agricultural,1808
Europe,Acceptable conformity,Sulfuric acid|water|surface water,1809
Europe,Acceptable conformity,"Suspended solids, unspecified|water|ocean",1810
Europe,Acceptable conformity,"Suspended solids, unspecified|water|surface water",1811
Europe,Acceptable conformity,"Suspended solids, unspecified|water|unspecified",1812
Europe,Acceptable conformity,Sylvite|natural resource|in ground,1813
Europe,Acceptable conformity,TCMTB|soil|agricultural,1823
Europe,Nonconformity,"TOC, Total Organic Carbon|water|ground-",1946
Europe,Acceptable conformity,"TOC, Total Organic Carbon|water|ground-, long-term",1947
Europe,Acceptable conformity,"TOC, Total Organic Carbon|water|ocean",1948
Europe,Acceptable conformity,"TOC, Total Organic Carbon|water|surface water",1949
Europe,Close conformity,"TOC, Total Organic Carbon|water|unspecified",1950
Europe,Nonconformity,Talc|natural resource|in ground,1820
Europe,Acceptable conformity,Tantalum|natural resource|in ground,1821
Europe,Acceptable conformity,Tebuconazole|air|non-urban air or from high stacks,1824
Europe,Acceptable conformity,Tebuconazole|soil|forestry,1825
Europe,Acceptable conformity,Tebuconazole|water|ground-,1826
Europe,Nonconformity,Tebuconazole|water|surface water,1827
Europe,Acceptable conformity,Tebuconazole|water|unspecified,1828
Europe,Marginally acceptable conformity,Tebutam|soil|agricultural,1829
Europe,Acceptable conformity,Tebuthiuron|air|non-urban air or from high stacks,1830
Europe,Acceptable conformity,Tebuthiuron|soil|agricultural,1831
Europe,Acceptable conformity,Tebuthiuron|soil|forestry,1832
Europe,Acceptable conformity,Tebuthiuron|water|ground-,1833
Europe,Acceptable conformity,Tebuthiuron|water|unspecified,1834
Europe,Acceptable conformity,Technetium-99m|water|surface water,1835
Europe,Acceptable conformity,Teflubenzuron|air|non-urban air or from high stacks,1836
Europe,Marginally acceptable conformity,Teflubenzuron|soil|agricultural,1837
Europe,Acceptable conformity,Teflubenzuron|soil|forestry,1838
Europe,Acceptable conformity,Teflubenzuron|water|unspecified,1839
Europe,Nonconformity,Tefluthrin|air|non-urban air or from high stacks,1840
Europe,Nonconformity,Tefluthrin|water|ground-,1841
Europe,Nonconformity,Tefluthrin|water|surface water,1842
Europe,Marginally acceptable conformity,Tellurium|air|unspecified,1845
Europe,Marginally acceptable conformity,Tellurium|natural resource|in ground,1846
Europe,Acceptable conformity,Tellurium-123m|water|surface water,1843
Europe,Nonconformity,Tellurium-132|water|surface water,1844
Europe,Nonconformity,Tembotrione|soil|forestry,1847
Europe,Close conformity,Terbium|natural resource|in ground,1848
Europe,Nonconformity,Terbufos|soil|agricultural,1849
Europe,Nonconformity,Terbuthylazin|soil|agricultural,1850
Europe,Acceptable conformity,Terpenes|air|non-urban air or from high stacks,1851
Europe,Nonconformity,Tetrachloroethylene|air|non-urban air or from high stacks,1852
Europe,Marginally acceptable conformity,Tetrachloroethylene|air|unspecified,1853
Europe,Marginally acceptable conformity,Tetrachloroethylene|air|urban air close to ground,1854
Europe,Acceptable conformity,Tetrachloroethylene|water|unspecified,1855
Europe,Marginally acceptable conformity,Tetraconazole|soil|agricultural,1856
Europe,Marginally acceptable conformity,Tetrafluoromethane|air|unspecified,1857
Europe,Acceptable conformity,Tetrafluoromethane|air|urban air close to ground,1858
Europe,Marginally acceptable conformity,Tetramethyl ammonium hydroxide|air|urban air close to ground,1859
Europe,Acceptable conformity,"Thallium I|air|low population density, long-term",1860
Europe,Nonconformity,Thallium I|air|non-urban air or from high stacks,1861
Europe,Marginally acceptable conformity,Thallium I|air|urban air close to ground,1862
Europe,Marginally acceptable conformity,Thallium I|soil|agricultural,1863
Europe,Acceptable conformity,Thallium I|soil|industrial,1864
Europe,Marginally acceptable conformity,Thallium I|soil|unspecified,1865
Europe,Marginally acceptable conformity,Thallium I|water|ground-,1866
Europe,Marginally acceptable conformity,"Thallium I|water|ground-, long-term",1867
Europe,Acceptable conformity,Thallium I|water|ocean,1868
Europe,Acceptable conformity,Thallium I|water|surface water,1869
Europe,Nonconformity,Thiabendazole|air|non-urban air or from high stacks,1870
Europe,Nonconformity,Thiabendazole|soil|agricultural,1871
Europe,Nonconformity,Thiabendazole|soil|forestry,1872
Europe,Nonconformity,Thiabendazole|water|ground-,1873
Europe,Nonconformity,Thiabendazole|water|unspecified,1874
Europe,Acceptable conformity,Thiamethoxam|air|non-urban air or from high stacks,1875
Europe,Acceptable conformity,Thiamethoxam|soil|agricultural,1876
Europe,Marginally acceptable conformity,Thiamethoxam|soil|forestry,1877
Europe,Acceptable conformity,Thiamethoxam|water|ground-,1878
Europe,Acceptable conformity,Thiamethoxam|water|unspecified,1879
Europe,Marginally acceptable conformity,Thiencarbazone-methyl|soil|agricultural,1880
Europe,Acceptable conformity,Thifensulfuron-methyl|soil|agricultural,1881
Europe,Marginally acceptable conformity,Thiobencarb|soil|agricultural,1882
Europe,Acceptable conformity,Thiocyanate|water|ocean,1883
Europe,Acceptable conformity,Thiodicarb|air|non-urban air or from high stacks,1884
Europe,Acceptable conformity,Thiodicarb|soil|agricultural,1885
Europe,Acceptable conformity,Thiodicarb|soil|forestry,1886
Europe,Acceptable conformity,Thiodicarb|water|ground-,1887
Europe,Acceptable conformity,Thiodicarb|water|unspecified,1888
Europe,Marginally acceptable conformity,Thionyl chloride|air|unspecified,1889
Europe,Close conformity,Thiophanate-methyl|air|non-urban air or from high stacks,1890
Europe,Acceptable conformity,Thiophanate-methyl|soil|agricultural,1891
Europe,Acceptable conformity,Thiophanate-methyl|soil|forestry,1892
Europe,Acceptable conformity,Thiophanate-methyl|water|ground-,1893
Europe,Close conformity,Thiophanate-methyl|water|unspecified,1894
Europe,Acceptable conformity,Thiram|air|non-urban air or from high stacks,1895
Europe,Close conformity,Thiram|soil|agricultural,1896
Europe,Acceptable conformity,Thiram|soil|forestry,1897
Europe,Acceptable conformity,Thiram|water|ground-,1898
Europe,Acceptable conformity,Thiram|water|unspecified,1899
Europe,Acceptable conformity,Thorium|air|non-urban air or from high stacks,1916
Europe,Nonconformity,Thorium|air|unspecified,1917
Europe,Acceptable conformity,Thorium|air|urban air close to ground,1918
Europe,Acceptable conformity,Thorium-228|air|non-urban air or from high stacks,1900
Europe,Acceptable conformity,Thorium-228|air|unspecified,1901
Europe,Nonconformity,Thorium-228|air|urban air close to ground,1902
Europe,Acceptable conformity,Thorium-228|water|ground-,1903
Europe,Acceptable conformity,Thorium-228|water|ocean,1904
Europe,Acceptable conformity,Thorium-228|water|surface water,1905
Europe,Acceptable conformity,Thorium-230|air|non-urban air or from high stacks,1906
Europe,Acceptable conformity,Thorium-230|water|surface water,1907
Europe,Marginally acceptable conformity,Thorium-232|air|non-urban air or from high stacks,1908
Europe,Marginally acceptable conformity,Thorium-232|air|unspecified,1909
Europe,Nonconformity,Thorium-232|air|urban air close to ground,1910
Europe,Acceptable conformity,Thorium-232|water|ocean,1911
Europe,Acceptable conformity,Thorium-232|water|surface water,1912
Europe,Acceptable conformity,Thorium-232|water|unspecified,1913
Europe,Acceptable conformity,Thorium-234|air|non-urban air or from high stacks,1914
Europe,Marginally acceptable conformity,Thorium-234|water|surface water,1915
Europe,Marginally acceptable conformity,Thulium|natural resource|in ground,1919
Europe,Marginally acceptable conformity,Tin|natural resource|in ground,1932
Europe,Acceptable conformity,"Tin ion|air|low population density, long-term",1920
Europe,Acceptable conformity,Tin ion|air|non-urban air or from high stacks,1921
Europe,Acceptable conformity,Tin ion|air|unspecified,1922
Europe,Acceptable conformity,Tin ion|air|urban air close to ground,1923
Europe,Marginally acceptable conformity,Tin ion|soil|agricultural,1924
Europe,Close conformity,Tin ion|soil|industrial,1925
Europe,Nonconformity,Tin ion|soil|unspecified,1926
Europe,Acceptable conformity,Tin ion|water|ground-,1927
Europe,Acceptable conformity,"Tin ion|water|ground-, long-term",1928
Europe,Acceptable conformity,Tin ion|water|ocean,1929
Europe,Marginally acceptable conformity,Tin ion|water|surface water,1930
Europe,Acceptable conformity,Tin ion|water|unspecified,1931
Europe,Acceptable conformity,Titanium|natural resource|in ground,1945
Europe,Acceptable conformity,"Titanium ion|air|low population density, long-term",1933
Europe,Marginally acceptable conformity,Titanium ion|air|non-urban air or from high stacks,1934
Europe,Acceptable conformity,Titanium ion|air|unspecified,1935
Europe,Nonconformity,Titanium ion|air|urban air close to ground,1936
Europe,Acceptable conformity,Titanium ion|soil|agricultural,1937
Europe,Acceptable conformity,Titanium ion|soil|industrial,1938
Europe,Marginally acceptable conformity,Titanium ion|soil|unspecified,1939
Europe,Acceptable conformity,Titanium ion|water|ground-,1940
Europe,Acceptable conformity,"Titanium ion|water|ground-, long-term",1941
Europe,Acceptable conformity,Titanium ion|water|ocean,1942
Europe,Acceptable conformity,Titanium ion|water|surface water,1943
Europe,Close conformity,Titanium ion|water|unspecified,1944
Europe,Marginally acceptable conformity,Toluene|air|non-urban air or from high stacks,1951
Europe,Marginally acceptable conformity,Toluene|air|unspecified,1952
Europe,Acceptable conformity,Toluene|air|urban air close to ground,1953
Europe,Close conformity,Toluene|water|ocean,1954
Europe,Acceptable conformity,Toluene|water|surface water,1955
Europe,Marginally acceptable conformity,Toluene|water|unspecified,1956
Europe,Marginally acceptable conformity,Topramezone|soil|agricultural,1957
Europe,Nonconformity,Tralkoxydim|soil|agricultural,1958
Europe,Acceptable conformity,"Transformation, from annual crop|natural resource|land",1964
Europe,Marginally acceptable conformity,"Transformation, from annual crop, irrigated|natural resource|land",1960
Europe,Acceptable conformity,"Transformation, from annual crop, irrigated, intensive|natural resource|land",1959
Europe,Acceptable conformity,"Transformation, from annual crop, non-irrigated|natural resource|land",1963
Europe,Acceptable conformity,"Transformation, from annual crop, non-irrigated, extensive|natural resource|land",1961
Europe,Marginally acceptable conformity,"Transformation, from annual crop, non-irrigated, intensive|natural resource|land",1962
Europe,Acceptable conformity,"Transformation, from arable land, unspecified use|natural resource|land",1965
Europe,Marginally acceptable conformity,"Transformation, from cropland fallow (non-use)|natural resource|land",1966
Europe,Acceptable conformity,"Transformation, from dump site|natural resource|land",1970
Europe,Nonconformity,"Transformation, from dump site, inert material landfill|natural resource|land",1967
Europe,Nonconformity,"Transformation, from dump site, residual material landfill|natural resource|land",1968
Europe,Acceptable conformity,"Transformation, from dump site, sanitary landfill|natural resource|land",1969
Europe,Marginally acceptable conformity,"Transformation, from forest, extensive|natural resource|land",1971
Europe,Acceptable conformity,"Transformation, from forest, intensive|natural resource|land",1972
Europe,Acceptable conformity,"Transformation, from forest, primary (non-use)|natural resource|land",1973
Europe,Acceptable conformity,"Transformation, from forest, secondary (non-use)|natural resource|land",1974
Europe,Acceptable conformity,"Transformation, from forest, unspecified|natural resource|land",1975
Europe,Acceptable conformity,"Transformation, from grassland, natural (non-use)|natural resource|land",1976
Europe,Acceptable conformity,"Transformation, from grassland, natural, for livestock grazing|natural resource|land",1977
Europe,Acceptable conformity,"Transformation, from heterogeneous, agricultural|natural resource|land",1978
Europe,Acceptable conformity,"Transformation, from industrial area|natural resource|land",1979
Europe,Acceptable conformity,"Transformation, from mineral extraction site|natural resource|land",1980
Europe,Marginally acceptable conformity,"Transformation, from pasture, man made|natural resource|land",1983
Europe,Close conformity,"Transformation, from pasture, man made, extensive|natural resource|land",1981
Europe,Acceptable conformity,"Transformation, from pasture, man made, intensive|natural resource|land",1982
Europe,Acceptable conformity,"Transformation, from permanent crop|natural resource|land",1987
Europe,Marginally acceptable conformity,"Transformation, from permanent crop, irrigated|natural resource|land",1985
Europe,Acceptable conformity,"Transformation, from permanent crop, irrigated, intensive|natural resource|land",1984
Europe,Acceptable conformity,"Transformation, from permanent crop, non-irrigated|natural resource|land",1986
Europe,Nonconformity,"Transformation, from river, natural (non-use)|natural resource|land",1988
Europe,Acceptable conformity,"Transformation, from seabed, infrastructure|natural resource|land",1989
Europe,Acceptable conformity,"Transformation, from seabed, unspecified|natural resource|land",1990
Europe,Nonconformity,"Transformation, from shrub land, sclerophyllous|natural resource|land",1991
Europe,Close conformity,"Transformation, from traffic area, rail/road embankment|natural resource|land",1992
Europe,Acceptable conformity,"Transformation, from traffic area, road network|natural resource|land",1993
Europe,Marginally acceptable conformity,"Transformation, from unspecified|natural resource|land",1995
Europe,Nonconformity,"Transformation, from unspecified, natural (non-use)|natural resource|land",1994
Europe,Acceptable conformity,"Transformation, from wetland, inland (non-use)|natural resource|land",1996
Europe,Acceptable conformity,"Transformation, to annual crop|natural resource|land",2002
Europe,Marginally acceptable conformity,"Transformation, to annual crop, irrigated|natural resource|land",1998
Europe,Acceptable conformity,"Transformation, to annual crop, irrigated, intensive|natural resource|land",1997
Europe,Acceptable conformity,"Transformation, to annual crop, non-irrigated|natural resource|land",2001
Europe,Acceptable conformity,"Transformation, to annual crop, non-irrigated, extensive|natural resource|land",1999
Europe,Marginally acceptable conformity,"Transformation, to annual crop, non-irrigated, intensive|natural resource|land",2000
Europe,Acceptable conformity,"Transformation, to arable land, unspecified use|natural resource|land",2003
Europe,Nonconformity,"Transformation, to cropland fallow (non-use)|natural resource|land",2004
Europe,Nonconformity,"Transformation, to dump site|natural resource|land",2008
Europe,Nonconformity,"Transformation, to dump site, inert material landfill|natural resource|land",2005
Europe,Nonconformity,"Transformation, to dump site, residual material landfill|natural resource|land",2006
Europe,Acceptable conformity,"Transformation, to dump site, sanitary landfill|natural resource|land",2007
Europe,Nonconformity,"Transformation, to forest, extensive|natural resource|land",2009
Europe,Marginally acceptable conformity,"Transformation, to forest, intensive|natural resource|land",2010
Europe,Acceptable conformity,"Transformation, to forest, secondary (non-use)|natural resource|land",2011
Europe,Nonconformity,"Transformation, to forest, unspecified|natural resource|land",2012
Europe,Marginally acceptable conformity,"Transformation, to grassland, natural (non-use)|natural resource|land",2013
Europe,Acceptable conformity,"Transformation, to grassland, natural, for livestock grazing|natural resource|land",2014
Europe,Acceptable conformity,"Transformation, to heterogeneous, agricultural|natural resource|land",2015
Europe,Nonconformity,"Transformation, to industrial area|natural resource|land",2016
Europe,Marginally acceptable conformity,"Transformation, to inland waterbody, unspecified|natural resource|land",2017
Europe,Marginally acceptable conformity,"Transformation, to lake, artificial|natural resource|land",2018
Europe,Acceptable conformity,"Transformation, to mineral extraction site|natural resource|land",2019
Europe,Acceptable conformity,"Transformation, to pasture, man made|natural resource|land",2022
Europe,Close conformity,"Transformation, to pasture, man made, extensive|natural resource|land",2020
Europe,Marginally acceptable conformity,"Transformation, to pasture, man made, intensive|natural resource|land",2021
Europe,Acceptable conformity,"Transformation, to permanent crop|natural resource|land",2026
Europe,Marginally acceptable conformity,"Transformation, to permanent crop, irrigated|natural resource|land",2024
Europe,Acceptable conformity,"Transformation, to permanent crop, irrigated, intensive|natural resource|land",2023
Europe,Acceptable conformity,"Transformation, to permanent crop, non-irrigated|natural resource|land",2025
Europe,Acceptable conformity,"Transformation, to river, artificial|natural resource|land",2027
Europe,Acceptable conformity,"Transformation, to seabed, drilling and mining|natural resource|land",2028
Europe,Acceptable conformity,"Transformation, to seabed, infrastructure|natural resource|land",2029
Europe,Acceptable conformity,"Transformation, to seabed, unspecified|natural resource|land",2030
Europe,Acceptable conformity,"Transformation, to traffic area, rail network|natural resource|land",2031
Europe,Acceptable conformity,"Transformation, to traffic area, rail/road embankment|natural resource|land",2032
Europe,Marginally acceptable conformity,"Transformation, to traffic area, road network|natural resource|land",2033
Europe,Acceptable conformity,"Transformation, to unspecified|natural resource|land",2035
Europe,Nonconformity,"Transformation, to unspecified, natural (non-use)|natural resource|land",2034
Europe,Acceptable conformity,"Transformation, to urban, discontinuously built|natural resource|land",2036
Europe,Acceptable conformity,"Transformation, to wetland, inland (non-use)|natural resource|land",2037
Europe,Acceptable conformity,Triadimenol|soil|agricultural,2038
Europe,Nonconformity,Triallate|soil|agricultural,2039
Europe,Nonconformity,Triasulfuron|soil|agricultural,2040
Europe,Acceptable conformity,Tribenuron|soil|agricultural,2042
Europe,Marginally acceptable conformity,Tribenuron-methyl|soil|agricultural,2041
Europe,Acceptable conformity,Tributyltin compounds|water|ocean,2043
Europe,Acceptable conformity,Tributyltin compounds|water|unspecified,2044
Europe,Close conformity,Trichlorfon|soil|agricultural,2045
Europe,Nonconformity,Trichloroethylene|air|unspecified,2046
Europe,Marginally acceptable conformity,Trichlorofluoromethane|air|urban air close to ground,2047
Europe,Acceptable conformity,Triclopyr|soil|agricultural,2048
Europe,Acceptable conformity,Triethylene glycol|water|unspecified,2049
Europe,Acceptable conformity,Trifloxystrobin|air|non-urban air or from high stacks,2050
Europe,Acceptable conformity,Trifloxystrobin|soil|agricultural,2051
Europe,Acceptable conformity,Trifloxystrobin|soil|forestry,2052
Europe,Acceptable conformity,Trifloxystrobin|water|ground-,2053
Europe,Nonconformity,Trifloxystrobin|water|surface water,2054
Europe,Acceptable conformity,Trifloxystrobin|water|unspecified,2055
Europe,Acceptable conformity,Triflumuron|air|non-urban air or from high stacks,2056
Europe,Acceptable conformity,Triflumuron|soil|agricultural,2057
Europe,Acceptable conformity,Triflumuron|soil|forestry,2058
Europe,Acceptable conformity,Triflumuron|water|ground-,2059
Europe,Acceptable conformity,Triflumuron|water|unspecified,2060
Europe,Acceptable conformity,Trifluoromethane|air|non-urban air or from high stacks,2061
Europe,Marginally acceptable conformity,Trifluoromethane|air|urban air close to ground,2062
Europe,Marginally acceptable conformity,Trifluralin|air|non-urban air or from high stacks,2063
Europe,Marginally acceptable conformity,Trifluralin|soil|agricultural,2064
Europe,Marginally acceptable conformity,Trimethyl borate|air|urban air close to ground,2065
Europe,Acceptable conformity,Trimethylamine|air|urban air close to ground,2066
Europe,Acceptable conformity,Trimethylamine|water|surface water,2067
Europe,Acceptable conformity,Trimethylchlorosilane|air|urban air close to ground,2068
Europe,Acceptable conformity,Trinexapac-ethyl|soil|agricultural,2069
Europe,Close conformity,Trioctyltin|water|ocean,2070
Europe,Acceptable conformity,Triphenyltin|water|ocean,2071
Europe,Acceptable conformity,Tritium|air|non-urban air or from high stacks,2072
Europe,Acceptable conformity,Tritium|water|ocean,2073
Europe,Acceptable conformity,Tritium|water|surface water,2074
Europe,Marginally acceptable conformity,"Tungsten|air|low population density, long-term",2075
Europe,Marginally acceptable conformity,Tungsten|air|non-urban air or from high stacks,2076
Europe,Nonconformity,Tungsten|soil|agricultural,2077
Europe,Marginally acceptable conformity,Tungsten|soil|industrial,2078
Europe,Marginally acceptable conformity,Tungsten|water|ground-,2079
Europe,Acceptable conformity,"Tungsten|water|ground-, long-term",2080
Europe,Nonconformity,Tungsten|water|surface water,2081
Europe,Marginally acceptable conformity,Ulexite|natural resource|in ground,2082
Europe,Acceptable conformity,Uranium|air|non-urban air or from high stacks,2096
Europe,Nonconformity,Uranium|air|unspecified,2097
Europe,Acceptable conformity,Uranium|air|urban air close to ground,2098
Europe,Acceptable conformity,Uranium|natural resource|in ground,2099
Europe,Acceptable conformity,Uranium alpha|air|non-urban air or from high stacks,2094
Europe,Marginally acceptable conformity,Uranium alpha|water|surface water,2095
Europe,Acceptable conformity,Uranium-234|air|non-urban air or from high stacks,2083
Europe,Acceptable conformity,Uranium-234|water|surface water,2084
Europe,Acceptable conformity,Uranium-235|air|non-urban air or from high stacks,2085
Europe,Acceptable conformity,Uranium-235|water|surface water,2086
Europe,Acceptable conformity,Uranium-238|air|non-urban air or from high stacks,2087
Europe,Acceptable conformity,Uranium-238|air|unspecified,2088
Europe,Nonconformity,Uranium-238|air|urban air close to ground,2089
Europe,Acceptable conformity,Uranium-238|water|ground-,2090
Europe,Acceptable conformity,Uranium-238|water|ocean,2091
Europe,Acceptable conformity,Uranium-238|water|surface water,2092
Europe,Acceptable conformity,Uranium-238|water|unspecified,2093
Europe,Acceptable conformity,Urea|water|surface water,2100
Europe,Acceptable conformity,Urea|water|unspecified,2101
Europe,Acceptable conformity,"VOC, volatile organic compounds|air|unspecified",2120
Europe,Close conformity,"VOC, volatile organic compounds|water|ocean",2121
Europe,Marginally acceptable conformity,"VOC, volatile organic compounds|water|surface water",2122
Europe,Acceptable conformity,"VOC, volatile organic compounds|water|unspecified",2123
Europe,Acceptable conformity,Vanadium|natural resource|in ground,2114
Europe,Acceptable conformity,"Vanadium V|air|low population density, long-term",2102
Europe,Marginally acceptable conformity,Vanadium V|air|non-urban air or from high stacks,2103
Europe,Acceptable conformity,Vanadium V|air|unspecified,2104
Europe,Acceptable conformity,Vanadium V|air|urban air close to ground,2105
Europe,Acceptable conformity,Vanadium V|soil|agricultural,2106
Europe,Acceptable conformity,Vanadium V|soil|industrial,2107
Europe,Nonconformity,Vanadium V|soil|unspecified,2108
Europe,Acceptable conformity,Vanadium V|water|ground-,2109
Europe,Acceptable conformity,"Vanadium V|water|ground-, long-term",2110
Europe,Acceptable conformity,Vanadium V|water|ocean,2111
Europe,Acceptable conformity,Vanadium V|water|surface water,2112
Europe,Acceptable conformity,Vanadium V|water|unspecified,2113
Europe,Nonconformity,Vinclozolin|soil|agricultural,2115
Europe,Marginally acceptable conformity,Vinyl chloride|air|unspecified,2116
Europe,Acceptable conformity,Vinyl chloride|air|urban air close to ground,2117
Europe,Acceptable conformity,Vinyl chloride|water|surface water,2118
Europe,Nonconformity,Vinyl chloride|water|unspecified,2119
Europe,Acceptable conformity,"Volume occupied, final repository for low-active radioactive waste|natural resource|in ground",2124
Europe,Acceptable conformity,"Volume occupied, final repository for radioactive waste|natural resource|in ground",2125
Europe,Acceptable conformity,"Volume occupied, reservoir|natural resource|in water",2126
Europe,Acceptable conformity,"Volume occupied, underground deposit|natural resource|in ground",2127
Europe,Acceptable conformity,"Waste mass, total, placed in landfill|inventory indicator|waste",2128
Europe,Nonconformity,Water|air|lower stratosphere + upper troposphere,2140
Europe,Acceptable conformity,Water|air|non-urban air or from high stacks,2141
Europe,Acceptable conformity,Water|air|unspecified,2142
Europe,Acceptable conformity,Water|air|urban air close to ground,2143
Europe,Nonconformity,Water|water|ground-,2144
Europe,Acceptable conformity,Water|water|ocean,2145
Europe,Acceptable conformity,Water|water|unspecified,2146
Europe,Acceptable conformity,"Water, cooling, unspecified natural origin|natural resource|in water",2129
Europe,Acceptable conformity,"Water, in air|natural resource|in air",2130
Europe,Acceptable conformity,"Water, lake|natural resource|in water",2131
Europe,Marginally acceptable conformity,"Water, river|natural resource|in water",2132
Europe,Acceptable conformity,"Water, salt, ocean|natural resource|in water",2133
Europe,Marginally acceptable conformity,"Water, salt, sole|natural resource|in water",2134
Europe,Acceptable conformity,"Water, turbine use, unspecified natural origin|natural resource|in water",2135
Europe,Acceptable conformity,"Water, unspecified natural origin|natural resource|fossil well",2136
Europe,Nonconformity,"Water, unspecified natural origin|natural resource|in ground",2137
Europe,Nonconformity,"Water, unspecified natural origin|natural resource|in water",2138
Europe,Close conformity,"Water, well, in ground|natural resource|in water",2139
Europe,Marginally acceptable conformity,"Wood, hard, standing|natural resource|biotic",2147
Europe,Acceptable conformity,"Wood, soft, standing|natural resource|biotic",2148
Europe,Marginally acceptable conformity,"Wood, unspecified, standing|natural resource|biotic",2149
Europe,Acceptable conformity,Xenon|natural resource|in air,2157
Europe,Acceptable conformity,Xenon-131m|air|non-urban air or from high stacks,2150
Europe,Marginally acceptable conformity,Xenon-133|air|non-urban air or from high stacks,2151
Europe,Acceptable conformity,Xenon-133m|air|non-urban air or from high stacks,2152
Europe,Marginally acceptable conformity,Xenon-135|air|non-urban air or from high stacks,2153
Europe,Acceptable conformity,Xenon-135m|air|non-urban air or from high stacks,2154
Europe,Acceptable conformity,Xenon-137|air|non-urban air or from high stacks,2155
Europe,Acceptable conformity,Xenon-138|air|non-urban air or from high stacks,2156
Europe,Nonconformity,"Xylenes, unspecified|air|non-urban air or from high stacks",2158
Europe,Acceptable conformity,"Xylenes, unspecified|air|unspecified",2159
Europe,Acceptable conformity,"Xylenes, unspecified|air|urban air close to ground",2160
Europe,Acceptable conformity,"Xylenes, unspecified|water|ocean",2161
Europe,Acceptable conformity,"Xylenes, unspecified|water|surface water",2162
Europe,Acceptable conformity,"Xylenes, unspecified|water|unspecified",2163
Europe,Marginally acceptable conformity,Ytterbium|natural resource|in ground,2164
Europe,Acceptable conformity,Yttrium|natural resource|in ground,2165
Europe,Acceptable conformity,Zeta-cypermethrin|soil|agricultural,2166
Europe,Acceptable conformity,Zinc|natural resource|in ground,2182
Europe,Marginally acceptable conformity,"Zinc II|air|low population density, long-term",2169
Europe,Marginally acceptable conformity,Zinc II|air|lower stratosphere + upper troposphere,2170
Europe,Acceptable conformity,Zinc II|air|non-urban air or from high stacks,2171
Europe,Acceptable conformity,Zinc II|air|unspecified,2172
Europe,Acceptable conformity,Zinc II|air|urban air close to ground,2173
Europe,Acceptable conformity,Zinc II|soil|agricultural,2174
Europe,Acceptable conformity,Zinc II|soil|industrial,2175
Europe,Acceptable conformity,Zinc II|soil|unspecified,2176
Europe,Acceptable conformity,Zinc II|water|ground-,2177
Europe,Acceptable conformity,"Zinc II|water|ground-, long-term",2178
Europe,Acceptable conformity,Zinc II|water|ocean,2179
Europe,Close conformity,Zinc II|water|surface water,2180
Europe,Acceptable conformity,Zinc II|water|unspecified,2181
Europe,Acceptable conformity,Zinc-65|air|non-urban air or from high stacks,2167
Europe,Acceptable conformity,Zinc-65|water|surface water,2168
Europe,Acceptable conformity,Zineb|soil|agricultural,2183
Europe,Acceptable conformity,Zirconium|air|non-urban air or from high stacks,2186
Europe,Acceptable conformity,Zirconium|natural resource|in ground,2187
Europe,Nonconformity,Zirconium-95|air|non-urban air or from high stacks,2184
Europe,Acceptable conformity,Zirconium-95|water|surface water,2185
Europe,Acceptable conformity,Zoxamide|soil|agricultural,2188
Europe,Acceptable conformity,m-Xylene|air|non-urban air or from high stacks,1102
Europe,Acceptable conformity,m-Xylene|air|unspecified,1103
Europe,Marginally acceptable conformity,m-Xylene|air|urban air close to ground,1104
Europe,Close conformity,m-Xylene|water|surface water,1105
Europe,Acceptable conformity,o-Chlorotoluene|air|urban air close to ground,1342
Europe,Acceptable conformity,o-Chlorotoluene|water|surface water,1343
Europe,Acceptable conformity,o-Dichlorobenzene|air|urban air close to ground,1344
Europe,Acceptable conformity,o-Dichlorobenzene|water|surface water,1345
Europe,Close conformity,o-Nitrotoluene|air|urban air close to ground,1346
Europe,Acceptable conformity,o-Xylene|air|unspecified,1347
Europe,Acceptable conformity,o-Xylene|air|urban air close to ground,1348
Europe,Acceptable conformity,t-Butyl amine|air|urban air close to ground,1814
Europe,Acceptable conformity,t-Butyl amine|water|surface water,1815
Europe,Nonconformity,t-Butyl methyl ether|air|unspecified,1816
Europe,Nonconformity,t-Butyl methyl ether|air|urban air close to ground,1817
Europe,Acceptable conformity,t-Butyl methyl ether|water|surface water,1818
Europe,Acceptable conformity,t-Butyl methyl ether|water|unspecified,1819
Europe,Marginally acceptable conformity,tau-Fluvalinate|soil|agricultural,1822
North America,Nonconformity,"1,1,1,2-Tetrafluoroethane|air|non-urban air or from high stacks",12
North America,Nonconformity,"1,1,1,2-Tetrafluoroethane|air|unspecified",13
North America,Nonconformity,"1,1,1,2-Tetrafluoroethane|air|urban air close to ground",14
North America,Acceptable conformity,"1,1,1-Trichloroethane|air|non-urban air or from high stacks",7
North America,Acceptable conformity,"1,1,1-Trichloroethane|air|unspecified",8
North America,Acceptable conformity,"1,1,1-Trichloroethane|water|surface water",9
North America,Nonconformity,"1,1,1-Trichloroethane|water|unspecified",10
North America,Close conformity,"1,1,1-Trifluoroethane|air|non-urban air or from high stacks",11
North America,Marginally acceptable conformity,"1,1,2-Trichloro-1,2,2-trifluoroethane|air|non-urban air or from high stacks",15
North America,Nonconformity,"1,1,2-Trichloro-1,2,2-trifluoroethane|air|unspecified",16
North America,Acceptable conformity,"1,1,2-Trichloro-1,2,2-trifluoroethane|air|urban air close to ground",17
North America,Nonconformity,"1,1-Difluoroethane|air|non-urban air or from high stacks",5
North America,Nonconformity,"1,1-Difluoroethane|air|urban air close to ground",6
North America,Nonconformity,"1,3-Dichloropropene|soil|agricultural",18
North America,Nonconformity,"1,4-Butanediol|air|urban air close to ground",19
North America,Nonconformity,"1,4-Butanediol|water|surface water",20
North America,Marginally acceptable conformity,1-Pentanol|air|urban air close to ground,1
North America,Acceptable conformity,1-Pentanol|water|surface water,2
North America,Nonconformity,1-Pentene|air|urban air close to ground,3
North America,Acceptable conformity,1-Pentene|water|surface water,4
North America,Nonconformity,"2,2,4-Trimethylpentane|air|unspecified",29
North America,Nonconformity,"2,4-D|air|non-urban air or from high stacks",38
North America,Marginally acceptable conformity,"2,4-D|soil|agricultural",39
North America,Nonconformity,"2,4-D|soil|forestry",40
North America,Marginally acceptable conformity,"2,4-D|water|ground-",41
North America,Marginally acceptable conformity,"2,4-D|water|unspecified",42
North America,Nonconformity,"2,4-D dimethylamine salt|air|non-urban air or from high stacks",30
North America,Nonconformity,"2,4-D dimethylamine salt|soil|agricultural",31
North America,Nonconformity,"2,4-D dimethylamine salt|water|ground-",32
North America,Nonconformity,"2,4-D dimethylamine salt|water|surface water",33
North America,Nonconformity,"2,4-D ester|air|non-urban air or from high stacks",34
North America,Nonconformity,"2,4-D ester|soil|agricultural",35
North America,Nonconformity,"2,4-D ester|water|ground-",36
North America,Nonconformity,"2,4-D ester|water|surface water",37
North America,Nonconformity,"2,4-DB|air|non-urban air or from high stacks",43
North America,Nonconformity,"2,4-DB|soil|agricultural",44
North America,Acceptable conformity,"2,4-DB|water|ground-",45
North America,Acceptable conformity,"2,4-DB|water|surface water",46
North America,Nonconformity,"2,4-Dichlorophenol|air|unspecified",47
North America,Acceptable conformity,"2,4-Dichlorophenol|air|urban air close to ground",48
North America,Nonconformity,2-Aminopropanol|air|urban air close to ground,21
North America,Nonconformity,2-Aminopropanol|water|surface water,22
North America,Nonconformity,"2-Chloro-1,1,1,2-tetrafluoroethane|air|unspecified",23
North America,Nonconformity,2-Chlorophenol|water|unspecified,24
North America,Nonconformity,2-Methyl-2-butanol|water|unspecified,25
North America,Marginally acceptable conformity,2-Methyl-2-butene|air|urban air close to ground,26
North America,Nonconformity,2-Methyl-2-butene|water|unspecified,27
North America,Nonconformity,2-Nitrobenzoic acid|air|urban air close to ground,28
North America,Nonconformity,4-Methyl-2-pentanol|water|surface water,49
North America,Marginally acceptable conformity,4-Methyl-2-pentanone|air|non-urban air or from high stacks,50
North America,Marginally acceptable conformity,4-Methyl-2-pentanone|air|urban air close to ground,51
North America,Nonconformity,4-Methyl-2-pentanone|water|surface water,52
North America,Marginally acceptable conformity,"AOX, Adsorbable Organic Halides|water|ocean",179
North America,Acceptable conformity,"AOX, Adsorbable Organic Halides|water|surface water",180
North America,Acceptable conformity,"AOX, Adsorbable Organic Halides|water|unspecified",181
North America,Marginally acceptable conformity,Abamectin|air|non-urban air or from high stacks,53
North America,Marginally acceptable conformity,Abamectin|soil|agricultural,54
North America,Nonconformity,Abamectin|soil|forestry,55
North America,Nonconformity,Abamectin|water|ground-,56
North America,Nonconformity,Abamectin|water|unspecified,57
North America,Nonconformity,Acenaphthene|air|non-urban air or from high stacks,58
North America,Nonconformity,Acenaphthene|air|unspecified,59
North America,Nonconformity,Acenaphthene|water|ocean,60
North America,Nonconformity,Acenaphthene|water|surface water,61
North America,Nonconformity,Acenaphthylene|air|non-urban air or from high stacks,62
North America,Nonconformity,Acenaphthylene|air|unspecified,63
North America,Marginally acceptable conformity,Acenaphthylene|water|ocean,64
North America,Nonconformity,Acenaphthylene|water|surface water,65
North America,Nonconformity,Acephate|air|non-urban air or from high stacks,66
North America,Nonconformity,Acephate|soil|agricultural,67
North America,Nonconformity,Acephate|soil|forestry,68
North America,Nonconformity,Acephate|water|ground-,69
North America,Marginally acceptable conformity,Acephate|water|unspecified,70
North America,Nonconformity,Acetaldehyde|air|non-urban air or from high stacks,71
North America,Nonconformity,Acetaldehyde|air|unspecified,72
North America,Marginally acceptable conformity,Acetaldehyde|air|urban air close to ground,73
North America,Nonconformity,Acetaldehyde|water|surface water,74
North America,Nonconformity,Acetaldehyde|water|unspecified,75
North America,Nonconformity,Acetamiprid|air|non-urban air or from high stacks,76
North America,Marginally acceptable conformity,Acetamiprid|soil|agricultural,77
North America,Nonconformity,Acetamiprid|soil|forestry,78
North America,Acceptable conformity,Acetamiprid|water|ground-,79
North America,Nonconformity,Acetamiprid|water|unspecified,80
North America,Acceptable conformity,Acetic acid|air|non-urban air or from high stacks,81
North America,Nonconformity,Acetic acid|air|unspecified,82
North America,Nonconformity,Acetic acid|air|urban air close to ground,83
North America,Nonconformity,Acetic acid|water|surface water,84
North America,Nonconformity,Acetic acid|water|unspecified,85
North America,Nonconformity,Acetic anhydride|water|unspecified,86
North America,Marginally acceptable conformity,Acetochlor|soil|agricultural,87
North America,Nonconformity,Acetone|air|non-urban air or from high stacks,88
North America,Marginally acceptable conformity,Acetone|air|unspecified,89
North America,Marginally acceptable conformity,Acetone|air|urban air close to ground,90
North America,Nonconformity,Acetone|water|surface water,91
North America,Nonconformity,Acetone|water|unspecified,92
North America,Acceptable conformity,Acetonitrile|air|non-urban air or from high stacks,93
North America,Marginally acceptable conformity,Acetonitrile|water|surface water,94
North America,Acceptable conformity,Acetyl chloride|water|surface water,95
North America,Nonconformity,Acetylene|air|non-urban air or from high stacks,96
North America,Nonconformity,Acetylene|air|unspecified,97
North America,Nonconformity,Acetylene|air|urban air close to ground,98
North America,Nonconformity,"Acidity, unspecified|water|surface water",99
North America,Nonconformity,Acifluorfen|soil|agricultural,100
North America,Acceptable conformity,Aclonifen|soil|agricultural,101
North America,Acceptable conformity,Acrinathrin|soil|agricultural,102
North America,Acceptable conformity,Acrolein|air|non-urban air or from high stacks,103
North America,Marginally acceptable conformity,Acrolein|air|unspecified,104
North America,Nonconformity,Acrolein|air|urban air close to ground,105
North America,Marginally acceptable conformity,Acrylate|water|surface water,106
North America,Acceptable conformity,Acrylic acid|air|urban air close to ground,107
North America,Acceptable conformity,"Actinides, radioactive, unspecified|air|non-urban air or from high stacks",108
North America,Nonconformity,"Actinides, radioactive, unspecified|water|ocean",109
North America,Nonconformity,"Aerosols, radioactive, unspecified|air|non-urban air or from high stacks",110
North America,Marginally acceptable conformity,Alachlor|soil|agricultural,111
North America,Acceptable conformity,"Aldehydes, unspecified|air|non-urban air or from high stacks",112
North America,Nonconformity,"Aldehydes, unspecified|air|unspecified",113
North America,Nonconformity,"Aldehydes, unspecified|air|urban air close to ground",114
North America,Nonconformity,Aldicarb|soil|agricultural,115
North America,Nonconformity,Aldrin|soil|agricultural,116
North America,Marginally acceptable conformity,Alkylbenzene (c10-c15)|air|non-urban air or from high stacks,117
North America,Nonconformity,Alkylbenzene (c10-c15)|soil|agricultural,118
North America,Nonconformity,Alkylbenzene (c10-c15)|soil|forestry,119
North America,Nonconformity,Allyl chloride|water|unspecified,120
North America,Nonconformity,Alpha-cypermethrin|air|non-urban air or from high stacks,121
North America,Nonconformity,Alpha-cypermethrin|soil|agricultural,122
North America,Marginally acceptable conformity,Alpha-cypermethrin|soil|forestry,123
North America,Nonconformity,Alpha-cypermethrin|water|unspecified,124
North America,Nonconformity,Aluminium|natural resource|in ground,138
North America,Marginally acceptable conformity,"Aluminium III|air|low population density, long-term",126
North America,Nonconformity,Aluminium III|air|non-urban air or from high stacks,127
North America,Nonconformity,Aluminium III|air|unspecified,128
North America,Nonconformity,Aluminium III|air|urban air close to ground,129
North America,Nonconformity,Aluminium III|soil|agricultural,130
North America,Nonconformity,Aluminium III|soil|industrial,131
North America,Nonconformity,Aluminium III|soil|unspecified,132
North America,Nonconformity,Aluminium III|water|ground-,133
North America,Nonconformity,"Aluminium III|water|ground-, long-term",134
North America,Nonconformity,Aluminium III|water|ocean,135
North America,Nonconformity,Aluminium III|water|surface water,136
North America,Nonconformity,Aluminium III|water|unspecified,137
North America,Nonconformity,Aluminium hydroxide|water|unspecified,125
North America,Nonconformity,Ametryn|soil|agricultural,139
North America,Nonconformity,Amidosulfuron|soil|agricultural,140
North America,Acceptable conformity,"Ammonia|air|low population density, long-term",141
North America,Marginally acceptable conformity,Ammonia|air|non-urban air or from high stacks,142
North America,Nonconformity,Ammonia|air|unspecified,143
North America,Acceptable conformity,Ammonia|air|urban air close to ground,144
North America,Marginally acceptable conformity,Ammonia|soil|industrial,145
North America,Nonconformity,Ammonium|water|ground-,148
North America,Nonconformity,"Ammonium|water|ground-, long-term",149
North America,Marginally acceptable conformity,Ammonium|water|ocean,150
North America,Nonconformity,Ammonium|water|surface water,151
North America,Marginally acceptable conformity,Ammonium|water|unspecified,152
North America,Marginally acceptable conformity,Ammonium carbonate|air|urban air close to ground,146
North America,Nonconformity,Ammonium sulfate|water|unspecified,147
North America,Nonconformity,Anhydrite|natural resource|in ground,153
North America,Nonconformity,Aniline|air|urban air close to ground,154
North America,Nonconformity,Aniline|water|surface water,155
North America,Nonconformity,Aniline|water|unspecified,156
North America,Nonconformity,Anthracene|air|non-urban air or from high stacks,157
North America,Nonconformity,Anthracene|air|unspecified,158
North America,Nonconformity,Anthracene|water|surface water,159
North America,Marginally acceptable conformity,Anthranilic acid|air|urban air close to ground,160
North America,Nonconformity,Anthraquinone|soil|agricultural,161
North America,Nonconformity,"Antimony ion|air|low population density, long-term",167
North America,Nonconformity,Antimony ion|air|non-urban air or from high stacks,168
North America,Marginally acceptable conformity,Antimony ion|air|unspecified,169
North America,Acceptable conformity,Antimony ion|air|urban air close to ground,170
North America,Nonconformity,Antimony ion|soil|agricultural,171
North America,Acceptable conformity,Antimony ion|soil|industrial,172
North America,Nonconformity,Antimony ion|soil|unspecified,173
North America,Nonconformity,Antimony ion|water|ground-,174
North America,Acceptable conformity,"Antimony ion|water|ground-, long-term",175
North America,Marginally acceptable conformity,Antimony ion|water|ocean,176
North America,Nonconformity,Antimony ion|water|surface water,177
North America,Nonconformity,Antimony ion|water|unspecified,178
North America,Acceptable conformity,Antimony-122|water|surface water,162
North America,Marginally acceptable conformity,Antimony-124|air|non-urban air or from high stacks,163
North America,Nonconformity,Antimony-124|water|surface water,164
North America,Acceptable conformity,Antimony-125|air|non-urban air or from high stacks,165
North America,Acceptable conformity,Antimony-125|water|surface water,166
North America,Nonconformity,Argon|air|unspecified,183
North America,Nonconformity,Argon|natural resource|in air,184
North America,Nonconformity,Argon-41|air|non-urban air or from high stacks,182
North America,Marginally acceptable conformity,"Arsenic ion|air|low population density, long-term",185
North America,Marginally acceptable conformity,Arsenic ion|air|non-urban air or from high stacks,186
North America,Nonconformity,Arsenic ion|air|unspecified,187
North America,Acceptable conformity,Arsenic ion|air|urban air close to ground,188
North America,Acceptable conformity,Arsenic ion|soil|agricultural,189
North America,Marginally acceptable conformity,Arsenic ion|soil|industrial,190
North America,Marginally acceptable conformity,Arsenic ion|soil|unspecified,191
North America,Nonconformity,Arsenic ion|water|ground-,192
North America,Nonconformity,"Arsenic ion|water|ground-, long-term",193
North America,Acceptable conformity,Arsenic ion|water|ocean,194
North America,Acceptable conformity,Arsenic ion|water|surface water,195
North America,Nonconformity,Arsenic ion|water|unspecified,196
North America,Marginally acceptable conformity,Arsine|air|urban air close to ground,197
North America,Acceptable conformity,Asulam|soil|agricultural,198
North America,Nonconformity,Atrazine|air|non-urban air or from high stacks,199
North America,Nonconformity,Atrazine|soil|agricultural,200
North America,Nonconformity,Atrazine|soil|forestry,201
North America,Nonconformity,Atrazine|water|ground-,202
North America,Nonconformity,Atrazine|water|unspecified,203
North America,Nonconformity,Azadirachtin|soil|agricultural,204
North America,Nonconformity,Azinphos-methyl|soil|agricultural,205
North America,Marginally acceptable conformity,Azoxystrobin|air|non-urban air or from high stacks,206
North America,Nonconformity,Azoxystrobin|soil|agricultural,207
North America,Nonconformity,Azoxystrobin|soil|forestry,208
North America,Nonconformity,Azoxystrobin|water|ground-,209
North America,Nonconformity,Azoxystrobin|water|unspecified,210
North America,Acceptable conformity,"BOD5, Biological Oxygen Demand|water|ground-",289
North America,Nonconformity,"BOD5, Biological Oxygen Demand|water|ground-, long-term",290
North America,Nonconformity,"BOD5, Biological Oxygen Demand|water|ocean",291
North America,Nonconformity,"BOD5, Biological Oxygen Demand|water|surface water",292
North America,Nonconformity,"BOD5, Biological Oxygen Demand|water|unspecified",293
North America,Nonconformity,Barite|water|ocean,211
North America,Nonconformity,Barium|natural resource|in ground,226
North America,Nonconformity,"Barium II|air|low population density, long-term",214
North America,Acceptable conformity,Barium II|air|non-urban air or from high stacks,215
North America,Acceptable conformity,Barium II|air|unspecified,216
North America,Nonconformity,Barium II|air|urban air close to ground,217
North America,Nonconformity,Barium II|soil|agricultural,218
North America,Marginally acceptable conformity,Barium II|soil|industrial,219
North America,Marginally acceptable conformity,Barium II|soil|unspecified,220
North America,Marginally acceptable conformity,Barium II|water|ground-,221
North America,Nonconformity,"Barium II|water|ground-, long-term",222
North America,Nonconformity,Barium II|water|ocean,223
North America,Nonconformity,Barium II|water|surface water,224
North America,Nonconformity,Barium II|water|unspecified,225
North America,Nonconformity,Barium-140|air|non-urban air or from high stacks,212
North America,Acceptable conformity,Barium-140|water|surface water,213
North America,Nonconformity,Basalt|natural resource|in ground,227
North America,Marginally acceptable conformity,Benomyl|soil|agricultural,228
North America,Nonconformity,Bensulfuron methyl ester|soil|agricultural,229
North America,Marginally acceptable conformity,Bentazone|air|non-urban air or from high stacks,230
North America,Acceptable conformity,Bentazone|soil|agricultural,231
North America,Nonconformity,Bentazone|water|ground-,232
North America,Acceptable conformity,Bentazone|water|surface water,233
North America,Nonconformity,Benz(a)anthracene|air|non-urban air or from high stacks,234
North America,Nonconformity,Benz(a)anthracene|air|unspecified,235
North America,Nonconformity,Benz(a)anthracene|water|surface water,236
North America,Nonconformity,Benzal chloride|air|urban air close to ground,237
North America,Nonconformity,Benzaldehyde|air|non-urban air or from high stacks,238
North America,Nonconformity,Benzaldehyde|air|unspecified,239
North America,Marginally acceptable conformity,Benzaldehyde|air|urban air close to ground,240
North America,Marginally acceptable conformity,Benzene|air|non-urban air or from high stacks,241
North America,Acceptable conformity,Benzene|air|unspecified,242
North America,Marginally acceptable conformity,Benzene|air|urban air close to ground,243
North America,Nonconformity,Benzene|water|ocean,244
North America,Acceptable conformity,Benzene|water|surface water,245
North America,Nonconformity,Benzene|water|unspecified,246
North America,Nonconformity,Benzo(a)pyrene|air|unspecified,247
North America,Marginally acceptable conformity,Benzo(a)pyrene|air|urban air close to ground,248
North America,Nonconformity,Benzo(a)pyrene|water|surface water,249
North America,Nonconformity,Benzo(b)fluoranthene|air|non-urban air or from high stacks,250
North America,Nonconformity,Benzo(b)fluoranthene|air|unspecified,251
North America,Nonconformity,Benzo(b)fluoranthene|water|surface water,252
North America,Nonconformity,Benzo(ghi)perylene|air|non-urban air or from high stacks,253
North America,Nonconformity,Benzo(ghi)perylene|air|unspecified,254
North America,Nonconformity,Benzo(ghi)perylene|water|surface water,255
North America,Nonconformity,Benzo(k)fluoranthene|air|non-urban air or from high stacks,256
North America,Nonconformity,Benzo(k)fluoranthene|air|unspecified,257
North America,Nonconformity,Benzo(k)fluoranthene|water|surface water,258
North America,Nonconformity,Benzovindiflupyr|soil|agricultural,259
North America,Nonconformity,Benzovindiflupyr|soil|forestry,260
North America,Nonconformity,Benzovindiflupyr|water|unspecified,261
North America,Nonconformity,Benzyl alcohol|water|surface water,262
North America,Nonconformity,"Beryllium II|air|low population density, long-term",263
North America,Acceptable conformity,Beryllium II|air|non-urban air or from high stacks,264
North America,Marginally acceptable conformity,Beryllium II|air|unspecified,265
North America,Nonconformity,Beryllium II|air|urban air close to ground,266
North America,Nonconformity,Beryllium II|soil|agricultural,267
North America,Marginally acceptable conformity,Beryllium II|soil|industrial,268
North America,Nonconformity,Beryllium II|soil|unspecified,269
North America,Nonconformity,Beryllium II|water|ground-,270
North America,Nonconformity,"Beryllium II|water|ground-, long-term",271
North America,Marginally acceptable conformity,Beryllium II|water|surface water,272
North America,Nonconformity,Beryllium II|water|unspecified,273
North America,Marginally acceptable conformity,Beta-cyfluthrin|air|non-urban air or from high stacks,274
North America,Acceptable conformity,Beta-cyfluthrin|soil|agricultural,275
North America,Marginally acceptable conformity,Beta-cyfluthrin|soil|forestry,276
North America,Nonconformity,Beta-cyfluthrin|water|ground-,277
North America,Nonconformity,Beta-cyfluthrin|water|unspecified,278
North America,Nonconformity,Bicarbonate|water|ocean,279
North America,Nonconformity,Bicyclopyrone|soil|agricultural,280
North America,Nonconformity,Bifenazate|soil|agricultural,281
North America,Nonconformity,Bifenox|soil|agricultural,282
North America,Nonconformity,Bifenthrin|air|non-urban air or from high stacks,283
North America,Acceptable conformity,Bifenthrin|soil|agricultural,284
North America,Nonconformity,Bifenthrin|soil|forestry,285
North America,Nonconformity,Bifenthrin|water|ground-,286
North America,Nonconformity,Bifenthrin|water|unspecified,287
North America,Nonconformity,Bitertanol|soil|agricultural,288
North America,Acceptable conformity,Borate|water|surface water,294
North America,Marginally acceptable conformity,Borate|water|unspecified,295
North America,Acceptable conformity,Borax|natural resource|in ground,296
North America,Acceptable conformity,Boric acid|air|urban air close to ground,297
North America,Acceptable conformity,"Boron|air|low population density, long-term",299
North America,Nonconformity,Boron|air|non-urban air or from high stacks,300
North America,Acceptable conformity,Boron|air|unspecified,301
North America,Nonconformity,Boron|air|urban air close to ground,302
North America,Nonconformity,Boron|natural resource|in ground,303
North America,Nonconformity,Boron|soil|agricultural,304
North America,Marginally acceptable conformity,Boron|soil|industrial,305
North America,Acceptable conformity,Boron|soil|unspecified,306
North America,Nonconformity,Boron|water|ground-,307
North America,Acceptable conformity,"Boron|water|ground-, long-term",308
North America,Marginally acceptable conformity,Boron|water|ocean,309
North America,Marginally acceptable conformity,Boron|water|surface water,310
North America,Nonconformity,Boron|water|unspecified,311
North America,Acceptable conformity,Boron trifluoride|air|urban air close to ground,298
North America,Nonconformity,Boscalid|soil|agricultural,312
North America,Nonconformity,Bromate|water|surface water,313
North America,Acceptable conformity,Bromate|water|unspecified,314
North America,Nonconformity,Bromide|water|surface water,315
North America,Marginally acceptable conformity,"Bromine|air|low population density, long-term",316
North America,Marginally acceptable conformity,Bromine|air|non-urban air or from high stacks,317
North America,Nonconformity,Bromine|air|unspecified,318
North America,Acceptable conformity,Bromine|air|urban air close to ground,319
North America,Acceptable conformity,Bromine|natural resource|in water,320
North America,Acceptable conformity,Bromine|soil|industrial,321
North America,Nonconformity,Bromine|soil|unspecified,322
North America,Nonconformity,Bromine|water|ground-,323
North America,Acceptable conformity,"Bromine|water|ground-, long-term",324
North America,Acceptable conformity,Bromine|water|ocean,325
North America,Marginally acceptable conformity,Bromine|water|surface water,326
North America,Acceptable conformity,Bromoxynil|air|non-urban air or from high stacks,327
North America,Marginally acceptable conformity,Bromoxynil|water|ground-,328
North America,Nonconformity,Bromoxynil|water|surface water,329
North America,Nonconformity,Bromuconazole|soil|agricultural,330
North America,Nonconformity,Buprofezin|soil|agricultural,331
North America,Nonconformity,Butadiene|air|non-urban air or from high stacks,332
North America,Nonconformity,Butadiene|air|unspecified,333
North America,Marginally acceptable conformity,Butadiene|air|urban air close to ground,334
North America,Marginally acceptable conformity,Butane|air|non-urban air or from high stacks,335
North America,Nonconformity,Butane|air|unspecified,336
North America,Nonconformity,Butane|air|urban air close to ground,337
North America,Marginally acceptable conformity,Butanol|air|urban air close to ground,338
North America,Nonconformity,Butanol|water|surface water,339
North America,Nonconformity,Butene|air|unspecified,340
North America,Acceptable conformity,Butene|air|urban air close to ground,341
North America,Nonconformity,Butene|water|surface water,342
North America,Nonconformity,Butyl acetate|water|surface water,343
North America,Nonconformity,Butyrolactone|water|unspecified,344
North America,Acceptable conformity,"COD, Chemical Oxygen Demand|water|ground-",567
North America,Nonconformity,"COD, Chemical Oxygen Demand|water|ground-, long-term",568
North America,Nonconformity,"COD, Chemical Oxygen Demand|water|ocean",569
North America,Nonconformity,"COD, Chemical Oxygen Demand|water|surface water",570
North America,Marginally acceptable conformity,"COD, Chemical Oxygen Demand|water|unspecified",571
North America,Nonconformity,Cadmium|natural resource|in ground,358
North America,Marginally acceptable conformity,"Cadmium II|air|low population density, long-term",345
North America,Nonconformity,Cadmium II|air|lower stratosphere + upper troposphere,346
North America,Marginally acceptable conformity,Cadmium II|air|non-urban air or from high stacks,347
North America,Marginally acceptable conformity,Cadmium II|air|unspecified,348
North America,Nonconformity,Cadmium II|air|urban air close to ground,349
North America,Marginally acceptable conformity,Cadmium II|soil|agricultural,350
North America,Nonconformity,Cadmium II|soil|forestry,351
North America,Nonconformity,Cadmium II|soil|industrial,352
North America,Marginally acceptable conformity,Cadmium II|soil|unspecified,353
North America,Nonconformity,Cadmium II|water|ground-,354
North America,Nonconformity,"Cadmium II|water|ground-, long-term",355
North America,Acceptable conformity,Cadmium II|water|ocean,356
North America,Acceptable conformity,Cadmium II|water|surface water,357
North America,Marginally acceptable conformity,Caesium I|water|ocean,365
North America,Nonconformity,Caesium I|water|surface water,366
North America,Marginally acceptable conformity,Caesium-134|air|non-urban air or from high stacks,359
North America,Acceptable conformity,Caesium-134|water|surface water,360
North America,Acceptable conformity,Caesium-136|water|surface water,361
North America,Close conformity,Caesium-137|air|non-urban air or from high stacks,362
North America,Nonconformity,Caesium-137|water|ocean,363
North America,Acceptable conformity,Caesium-137|water|surface water,364
North America,Nonconformity,Calcium|natural resource|in ground,379
North America,Nonconformity,"Calcium II|air|low population density, long-term",367
North America,Nonconformity,Calcium II|air|non-urban air or from high stacks,368
North America,Marginally acceptable conformity,Calcium II|air|unspecified,369
North America,Nonconformity,Calcium II|air|urban air close to ground,370
North America,Acceptable conformity,Calcium II|soil|agricultural,371
North America,Acceptable conformity,Calcium II|soil|industrial,372
North America,Nonconformity,Calcium II|soil|unspecified,373
North America,Acceptable conformity,Calcium II|water|ground-,374
North America,Marginally acceptable conformity,"Calcium II|water|ground-, long-term",375
North America,Acceptable conformity,Calcium II|water|ocean,376
North America,Acceptable conformity,Calcium II|water|surface water,377
North America,Acceptable conformity,Calcium II|water|unspecified,378
North America,Nonconformity,Captan|soil|agricultural,380
North America,Nonconformity,Carbaryl|air|non-urban air or from high stacks,381
North America,Nonconformity,Carbaryl|soil|agricultural,382
North America,Nonconformity,Carbaryl|water|ground-,383
North America,Nonconformity,Carbendazim|air|non-urban air or from high stacks,384
North America,Nonconformity,Carbendazim|soil|agricultural,385
North America,Nonconformity,Carbendazim|soil|forestry,386
North America,Nonconformity,Carbendazim|water|ground-,387
North America,Nonconformity,Carbendazim|water|unspecified,388
North America,Nonconformity,Carbetamide|soil|agricultural,389
North America,Nonconformity,Carbofuran|soil|agricultural,390
North America,Nonconformity,Carbon|air|urban air close to ground,421
North America,Marginally acceptable conformity,Carbon|soil|agricultural,422
North America,Marginally acceptable conformity,Carbon|soil|industrial,423
North America,Acceptable conformity,Carbon|soil|unspecified,424
North America,Nonconformity,Carbon|water|ground-,425
North America,Nonconformity,"Carbon dioxide, fossil|air|lower stratosphere + upper troposphere",393
North America,Nonconformity,"Carbon dioxide, fossil|air|non-urban air or from high stacks",394
North America,Nonconformity,"Carbon dioxide, fossil|air|unspecified",395
North America,Nonconformity,"Carbon dioxide, fossil|air|urban air close to ground",396
North America,Acceptable conformity,"Carbon dioxide, from soil or biomass stock|air|non-urban air or from high stacks",397
North America,Acceptable conformity,"Carbon dioxide, from soil or biomass stock|air|unspecified",398
North America,Marginally acceptable conformity,"Carbon dioxide, in air|natural resource|in air",399
North America,Acceptable conformity,"Carbon dioxide, non-fossil|air|non-urban air or from high stacks",400
North America,Nonconformity,"Carbon dioxide, non-fossil|air|unspecified",401
North America,Acceptable conformity,"Carbon dioxide, non-fossil|air|urban air close to ground",402
North America,Nonconformity,"Carbon dioxide, to soil or biomass stock|soil|agricultural",403
North America,Acceptable conformity,"Carbon dioxide, to soil or biomass stock|soil|unspecified",404
North America,Acceptable conformity,Carbon disulfide|air|non-urban air or from high stacks,405
North America,Nonconformity,Carbon disulfide|air|unspecified,406
North America,Acceptable conformity,Carbon disulfide|air|urban air close to ground,407
North America,Nonconformity,Carbon disulfide|water|surface water,408
North America,Nonconformity,"Carbon monoxide, fossil|air|lower stratosphere + upper troposphere",409
North America,Nonconformity,"Carbon monoxide, fossil|air|non-urban air or from high stacks",410
North America,Nonconformity,"Carbon monoxide, fossil|air|unspecified",411
North America,Acceptable conformity,"Carbon monoxide, fossil|air|urban air close to ground",412
North America,Marginally acceptable conformity,"Carbon monoxide, from soil or biomass stock|air|non-urban air or from high stacks",413
North America,Nonconformity,"Carbon monoxide, non-fossil|air|non-urban air or from high stacks",414
North America,Marginally acceptable conformity,"Carbon monoxide, non-fossil|air|unspecified",415
North America,Acceptable conformity,"Carbon monoxide, non-fossil|air|urban air close to ground",416
North America,Marginally acceptable conformity,Carbon tetrachloride|air|unspecified,417
North America,Nonconformity,Carbon tetrachloride|air|urban air close to ground,418
North America,Nonconformity,Carbon tetrachloride|water|unspecified,419
North America,Marginally acceptable conformity,"Carbon, organic, in soil or biomass stock|natural resource|in ground",420
North America,Acceptable conformity,Carbon-14|air|non-urban air or from high stacks,391
North America,Marginally acceptable conformity,Carbon-14|water|surface water,392
North America,Acceptable conformity,Carbonate|water|ocean,426
North America,Marginally acceptable conformity,Carbonate|water|surface water,427
North America,Acceptable conformity,Carbonate|water|unspecified,428
North America,Nonconformity,Carbonyl sulfide|air|unspecified,429
North America,Nonconformity,Carbosulfan|soil|agricultural,430
North America,Marginally acceptable conformity,"Carboxylic acids, unspecified|water|ocean",431
North America,Acceptable conformity,"Carboxylic acids, unspecified|water|surface water",432
North America,Nonconformity,"Carboxylic acids, unspecified|water|unspecified",433
North America,Marginally acceptable conformity,Carfentrazone-ethyl|air|non-urban air or from high stacks,434
North America,Marginally acceptable conformity,Carfentrazone-ethyl|soil|agricultural,435
North America,Acceptable conformity,Carfentrazone-ethyl|soil|forestry,436
North America,Nonconformity,Carfentrazone-ethyl|water|unspecified,437
North America,Nonconformity,Carnallite|natural resource|in water,438
North America,Nonconformity,Cerium|natural resource|in ground,442
North America,Acceptable conformity,Cerium-141|air|non-urban air or from high stacks,439
North America,Acceptable conformity,Cerium-141|water|surface water,440
North America,Acceptable conformity,Cerium-144|water|surface water,441
North America,Acceptable conformity,Chloramine|air|urban air close to ground,443
North America,Acceptable conformity,Chloramine|water|surface water,444
North America,Nonconformity,Chlorantraniliprole|air|non-urban air or from high stacks,445
North America,Nonconformity,Chlorantraniliprole|soil|agricultural,446
North America,Nonconformity,Chlorantraniliprole|soil|forestry,447
North America,Nonconformity,Chlorantraniliprole|water|ground-,448
North America,Nonconformity,Chlorantraniliprole|water|unspecified,449
North America,Nonconformity,Chlorate|water|surface water,450
North America,Marginally acceptable conformity,Chlorate|water|unspecified,451
North America,Nonconformity,Chloridazon|soil|agricultural,452
North America,Nonconformity,Chloride|soil|agricultural,453
North America,Acceptable conformity,Chloride|soil|industrial,454
North America,Marginally acceptable conformity,Chloride|soil|unspecified,455
North America,Acceptable conformity,Chloride|water|ground-,456
North America,Marginally acceptable conformity,"Chloride|water|ground-, long-term",457
North America,Marginally acceptable conformity,Chloride|water|ocean,458
North America,Nonconformity,Chloride|water|surface water,459
North America,Acceptable conformity,Chloride|water|unspecified,460
North America,Nonconformity,"Chlorides, unspecified|water|unspecified",461
North America,Nonconformity,Chlorimuron-ethyl|air|non-urban air or from high stacks,462
North America,Marginally acceptable conformity,Chlorimuron-ethyl|soil|agricultural,463
North America,Nonconformity,Chlorimuron-ethyl|soil|forestry,464
North America,Nonconformity,Chlorimuron-ethyl|water|ground-,465
North America,Nonconformity,Chlorimuron-ethyl|water|unspecified,466
North America,Nonconformity,"Chlorinated solvents, unspecified|air|non-urban air or from high stacks",467
North America,Marginally acceptable conformity,"Chlorinated solvents, unspecified|water|surface water",468
North America,Marginally acceptable conformity,"Chlorine|air|low population density, long-term",469
North America,Acceptable conformity,Chlorine|air|non-urban air or from high stacks,470
North America,Nonconformity,Chlorine|air|unspecified,471
North America,Nonconformity,Chlorine|air|urban air close to ground,472
North America,Acceptable conformity,Chlorine|soil|unspecified,473
North America,Acceptable conformity,Chlorine|water|ground-,474
North America,Nonconformity,Chlorine|water|surface water,475
North America,Acceptable conformity,Chlorine|water|unspecified,476
North America,Nonconformity,Chlormequat|soil|agricultural,477
North America,Nonconformity,Chloroacetic acid|air|urban air close to ground,478
North America,Nonconformity,Chloroacetic acid|water|surface water,479
North America,Marginally acceptable conformity,Chloroacetyl chloride|water|surface water,480
North America,Nonconformity,Chlorodifluoromethane|air|non-urban air or from high stacks,481
North America,Nonconformity,Chlorodifluoromethane|air|unspecified,482
North America,Nonconformity,Chlorodifluoromethane|air|urban air close to ground,483
North America,Acceptable conformity,Chloroform|air|non-urban air or from high stacks,484
North America,Marginally acceptable conformity,Chloroform|air|unspecified,485
North America,Nonconformity,Chloroform|air|urban air close to ground,486
North America,Nonconformity,Chloroform|water|surface water,487
North America,Nonconformity,Chloroform|water|unspecified,488
North America,Acceptable conformity,Chloropicrin|soil|agricultural,489
North America,Nonconformity,Chlorosulfonic acid|air|unspecified,490
North America,Marginally acceptable conformity,Chlorosulfonic acid|air|urban air close to ground,491
North America,Marginally acceptable conformity,Chlorosulfonic acid|water|surface water,492
North America,Nonconformity,Chlorothalonil|soil|agricultural,493
North America,Nonconformity,Chlorotoluron|soil|agricultural,494
North America,Acceptable conformity,Chlorpyrifos|air|non-urban air or from high stacks,496
North America,Nonconformity,Chlorpyrifos|soil|agricultural,497
North America,Nonconformity,Chlorpyrifos|soil|forestry,498
North America,Nonconformity,Chlorpyrifos|water|ground-,499
North America,Nonconformity,Chlorpyrifos|water|unspecified,500
North America,Marginally acceptable conformity,Chlorpyrifos methyl|soil|agricultural,495
North America,Nonconformity,Chlorsulfuron|soil|agricultural,501
North America,Nonconformity,Choline chloride|soil|agricultural,502
North America,Marginally acceptable conformity,Chromium|natural resource|in ground,527
North America,Acceptable conformity,"Chromium III|air|low population density, long-term",505
North America,Nonconformity,Chromium III|air|lower stratosphere + upper troposphere,506
North America,Marginally acceptable conformity,Chromium III|air|non-urban air or from high stacks,507
North America,Acceptable conformity,Chromium III|air|unspecified,508
North America,Nonconformity,Chromium III|air|urban air close to ground,509
North America,Acceptable conformity,Chromium III|soil|agricultural,510
North America,Nonconformity,Chromium III|soil|forestry,511
North America,Nonconformity,Chromium III|soil|industrial,512
North America,Nonconformity,Chromium III|soil|unspecified,513
North America,Marginally acceptable conformity,Chromium III|water|ground-,514
North America,Acceptable conformity,Chromium III|water|ocean,515
North America,Nonconformity,Chromium III|water|surface water,516
North America,Nonconformity,Chromium III|water|unspecified,517
North America,Marginally acceptable conformity,"Chromium VI|air|low population density, long-term",518
North America,Acceptable conformity,Chromium VI|air|non-urban air or from high stacks,519
North America,Nonconformity,Chromium VI|air|unspecified,520
North America,Nonconformity,Chromium VI|air|urban air close to ground,521
North America,Nonconformity,Chromium VI|soil|unspecified,522
North America,Nonconformity,Chromium VI|water|ground-,523
North America,Nonconformity,"Chromium VI|water|ground-, long-term",524
North America,Nonconformity,Chromium VI|water|surface water,525
North America,Nonconformity,Chromium VI|water|unspecified,526
North America,Marginally acceptable conformity,Chromium-51|air|non-urban air or from high stacks,503
North America,Acceptable conformity,Chromium-51|water|surface water,504
North America,Nonconformity,Chrysene|air|non-urban air or from high stacks,528
North America,Nonconformity,Chrysene|air|unspecified,529
North America,Nonconformity,Chrysotile|natural resource|in ground,530
North America,Marginally acceptable conformity,Cinidon-ethyl|soil|agricultural,531
North America,Acceptable conformity,"Clay, bentonite|natural resource|in ground",532
North America,Nonconformity,Clethodim|air|non-urban air or from high stacks,533
North America,Nonconformity,Clethodim|soil|agricultural,534
North America,Nonconformity,Clethodim|soil|forestry,535
North America,Nonconformity,Clethodim|water|unspecified,536
North America,Nonconformity,Clodinafop-propargyl|air|non-urban air or from high stacks,537
North America,Nonconformity,Clodinafop-propargyl|soil|agricultural,538
North America,Nonconformity,Clodinafop-propargyl|water|surface water,539
North America,Nonconformity,Clomazone|soil|agricultural,540
North America,Nonconformity,Clopyralid|air|non-urban air or from high stacks,541
North America,Marginally acceptable conformity,Clopyralid|soil|agricultural,542
North America,Nonconformity,Cloquintocet-mexyl|air|non-urban air or from high stacks,543
North America,Nonconformity,Cloquintocet-mexyl|soil|agricultural,544
North America,Nonconformity,Cloquintocet-mexyl|water|surface water,545
North America,Marginally acceptable conformity,Cloransulam-methyl|soil|agricultural,546
North America,Nonconformity,Clothianidin|soil|agricultural,547
North America,Nonconformity,"Coal, brown|natural resource|in ground",548
North America,Acceptable conformity,"Coal, hard|natural resource|in ground",549
North America,Nonconformity,"Cobalt II|air|low population density, long-term",555
North America,Nonconformity,Cobalt II|air|non-urban air or from high stacks,556
North America,Nonconformity,Cobalt II|air|unspecified,557
North America,Nonconformity,Cobalt II|air|urban air close to ground,558
North America,Nonconformity,Cobalt II|soil|agricultural,559
North America,Marginally acceptable conformity,Cobalt II|soil|industrial,560
North America,Nonconformity,Cobalt II|soil|unspecified,561
North America,Nonconformity,Cobalt II|water|ground-,562
North America,Marginally acceptable conformity,"Cobalt II|water|ground-, long-term",563
North America,Acceptable conformity,Cobalt II|water|ocean,564
North America,Nonconformity,Cobalt II|water|surface water,565
North America,Nonconformity,Cobalt II|water|unspecified,566
North America,Acceptable conformity,Cobalt-57|water|surface water,550
North America,Acceptable conformity,Cobalt-58|air|non-urban air or from high stacks,551
North America,Acceptable conformity,Cobalt-58|water|surface water,552
North America,Acceptable conformity,Cobalt-60|air|non-urban air or from high stacks,553
North America,Acceptable conformity,Cobalt-60|water|surface water,554
North America,Marginally acceptable conformity,Copper|natural resource|in ground,590
North America,Marginally acceptable conformity,"Copper ion|air|low population density, long-term",572
North America,Nonconformity,Copper ion|air|lower stratosphere + upper troposphere,573
North America,Nonconformity,Copper ion|air|non-urban air or from high stacks,574
North America,Acceptable conformity,Copper ion|air|unspecified,575
North America,Acceptable conformity,Copper ion|air|urban air close to ground,576
North America,Nonconformity,Copper ion|soil|agricultural,577
North America,Nonconformity,Copper ion|soil|industrial,578
North America,Nonconformity,Copper ion|soil|unspecified,579
North America,Nonconformity,Copper ion|water|ground-,580
North America,Nonconformity,"Copper ion|water|ground-, long-term",581
North America,Nonconformity,Copper ion|water|ocean,582
North America,Nonconformity,Copper ion|water|surface water,583
North America,Nonconformity,Copper ion|water|unspecified,584
North America,Nonconformity,Copper oxide|soil|agricultural,585
North America,Nonconformity,Copper oxychloride|air|non-urban air or from high stacks,586
North America,Nonconformity,Copper oxychloride|soil|agricultural,587
North America,Nonconformity,Copper oxychloride|soil|forestry,588
North America,Nonconformity,Copper oxychloride|water|unspecified,589
North America,Acceptable conformity,Cu-HDO|water|unspecified,591
North America,Nonconformity,Cumene|air|non-urban air or from high stacks,592
North America,Nonconformity,Cumene|air|unspecified,593
North America,Nonconformity,Cumene|water|unspecified,594
North America,Nonconformity,Cupric chloride dihydrate|soil|agricultural,595
North America,Nonconformity,Cupric hydroxide|soil|agricultural,596
North America,Nonconformity,Cyanide|air|non-urban air or from high stacks,597
North America,Nonconformity,Cyanide|air|unspecified,598
North America,Nonconformity,Cyanide|air|urban air close to ground,599
North America,Acceptable conformity,Cyanide|water|ocean,600
North America,Nonconformity,Cyanide|water|surface water,601
North America,Marginally acceptable conformity,Cyanide|water|unspecified,602
North America,Marginally acceptable conformity,Cyanoacetic acid|air|urban air close to ground,603
North America,Nonconformity,Cyazofamid|soil|agricultural,604
North America,Nonconformity,Cyclohexane|air|urban air close to ground,605
North America,Acceptable conformity,Cyclohexane|water|unspecified,606
North America,Marginally acceptable conformity,Cyhalothrin|soil|agricultural,607
North America,Nonconformity,Cymoxanil|soil|agricultural,608
North America,Nonconformity,Cypermethrin|air|non-urban air or from high stacks,609
North America,Acceptable conformity,Cypermethrin|soil|agricultural,610
North America,Nonconformity,Cypermethrin|soil|forestry,611
North America,Nonconformity,Cypermethrin|water|ground-,612
North America,Nonconformity,Cypermethrin|water|unspecified,613
North America,Nonconformity,Cyproconazole|air|non-urban air or from high stacks,614
North America,Acceptable conformity,Cyproconazole|soil|agricultural,615
North America,Marginally acceptable conformity,Cyproconazole|soil|forestry,616
North America,Acceptable conformity,Cyproconazole|water|ground-,617
North America,Nonconformity,Cyproconazole|water|unspecified,618
North America,Marginally acceptable conformity,Cyprodinil|soil|agricultural,619
North America,Acceptable conformity,"DOC, Dissolved Organic Carbon|water|ground-",707
North America,Acceptable conformity,"DOC, Dissolved Organic Carbon|water|ground-, long-term",708
North America,Nonconformity,"DOC, Dissolved Organic Carbon|water|ocean",709
North America,Nonconformity,"DOC, Dissolved Organic Carbon|water|surface water",710
North America,Nonconformity,"DOC, Dissolved Organic Carbon|water|unspecified",711
North America,Acceptable conformity,Decanoic acid|water|unspecified,620
North America,Marginally acceptable conformity,Deltamethrin|soil|agricultural,621
North America,Nonconformity,Desmedipham|soil|agricultural,622
North America,Nonconformity,Diafenthiuron|soil|agricultural,623
North America,Acceptable conformity,Diatomite|natural resource|in ground,624
North America,Nonconformity,Diazinon|soil|agricultural,625
North America,Nonconformity,"Dibenz(a,h)anthracene|air|non-urban air or from high stacks",626
North America,Nonconformity,"Dibenz(a,h)anthracene|air|unspecified",627
North America,Nonconformity,"Dibenz(a,h)anthracene|water|surface water",628
North America,Marginally acceptable conformity,Dibutyltin|water|ocean,629
North America,Marginally acceptable conformity,Dicamba|soil|agricultural,630
North America,Nonconformity,Dicamba|water|surface water,631
North America,Nonconformity,Dichlorodifluoromethane|air|urban air close to ground,632
North America,Marginally acceptable conformity,Dichlorofluoromethane|air|urban air close to ground,633
North America,Marginally acceptable conformity,Dichloromethane|air|non-urban air or from high stacks,634
North America,Marginally acceptable conformity,Dichloromethane|air|unspecified,635
North America,Nonconformity,Dichloromethane|air|urban air close to ground,636
North America,Marginally acceptable conformity,Dichloromethane|water|surface water,637
North America,Nonconformity,Dichlorprop|air|non-urban air or from high stacks,639
North America,Nonconformity,Dichlorprop|soil|agricultural,640
North America,Nonconformity,Dichlorprop|water|ground-,641
North America,Nonconformity,Dichlorprop|water|surface water,642
North America,Nonconformity,Dichlorprop-P|soil|agricultural,638
North America,Nonconformity,Dichlorvos|soil|agricultural,643
North America,Acceptable conformity,Dichromate|water|unspecified,644
North America,Nonconformity,Diclofop|soil|agricultural,646
North America,Nonconformity,Diclofop-methyl|soil|agricultural,645
North America,Nonconformity,Diethanolamine|water|unspecified,647
North America,Marginally acceptable conformity,Diethyl ether|air|urban air close to ground,648
North America,Nonconformity,Diethylamine|air|urban air close to ground,649
North America,Nonconformity,Diethylamine|water|surface water,650
North America,Acceptable conformity,Diethylene glycol|air|urban air close to ground,651
North America,Nonconformity,Difenoconazole|air|non-urban air or from high stacks,652
North America,Nonconformity,Difenoconazole|soil|agricultural,653
North America,Nonconformity,Difenoconazole|soil|forestry,654
North America,Nonconformity,Difenoconazole|water|ground-,655
North America,Nonconformity,Difenoconazole|water|unspecified,656
North America,Nonconformity,Diflubenzuron|air|non-urban air or from high stacks,657
North America,Nonconformity,Diflubenzuron|soil|agricultural,658
North America,Nonconformity,Diflubenzuron|soil|forestry,659
North America,Nonconformity,Diflubenzuron|water|ground-,660
North America,Nonconformity,Diflubenzuron|water|unspecified,661
North America,Nonconformity,Diflufenican|soil|agricultural,662
North America,Nonconformity,Diflufenzopyr-sodium|soil|agricultural,663
North America,Nonconformity,Difluoromethane|air|unspecified,664
North America,Marginally acceptable conformity,Diisobutyl ketone|water|surface water,665
North America,Nonconformity,Dimethachlor|soil|agricultural,666
North America,Nonconformity,Dimethenamid-P|soil|agricultural,667
North America,Nonconformity,Dimethenamide|soil|agricultural,668
North America,Nonconformity,Dimethenamide|water|surface water,669
North America,Nonconformity,Dimethoate|soil|agricultural,670
North America,Nonconformity,Dimethomorph|soil|agricultural,671
North America,Nonconformity,Dimethyl carbonate|air|unspecified,672
North America,Nonconformity,Dimethyl ether|air|unspecified,673
North America,Acceptable conformity,Dimethyl malonate|air|urban air close to ground,674
North America,Marginally acceptable conformity,Dimethylamine|air|unspecified,675
North America,Nonconformity,Dimethylamine|air|urban air close to ground,676
North America,Nonconformity,Dimethylamine|water|surface water,677
North America,Acceptable conformity,"Dinitrogen monoxide|air|low population density, long-term",678
North America,Nonconformity,Dinitrogen monoxide|air|non-urban air or from high stacks,679
North America,Nonconformity,Dinitrogen monoxide|air|unspecified,680
North America,Acceptable conformity,Dinitrogen monoxide|air|urban air close to ground,681
North America,Acceptable conformity,"Dioxins, measured as 2,3,7,8-tetrachlorodibenzo-p-dioxin|air|low population density, long-term",682
North America,Nonconformity,"Dioxins, measured as 2,3,7,8-tetrachlorodibenzo-p-dioxin|air|non-urban air or from high stacks",683
North America,Nonconformity,"Dioxins, measured as 2,3,7,8-tetrachlorodibenzo-p-dioxin|air|unspecified",684
North America,Acceptable conformity,"Dioxins, measured as 2,3,7,8-tetrachlorodibenzo-p-dioxin|air|urban air close to ground",685
North America,Nonconformity,"Dioxins, measured as 2,3,7,8-tetrachlorodibenzo-p-dioxin|soil|industrial",686
North America,Acceptable conformity,"Dioxins, measured as 2,3,7,8-tetrachlorodibenzo-p-dioxin|soil|unspecified",687
North America,Nonconformity,"Dioxins, measured as 2,3,7,8-tetrachlorodibenzo-p-dioxin|water|unspecified",688
North America,Acceptable conformity,Diphenyltin|water|ocean,689
North America,Nonconformity,Dipropyl amine|air|urban air close to ground,690
North America,Nonconformity,Dipropyl amine|water|surface water,691
North America,Nonconformity,Diquat|soil|agricultural,697
North America,Nonconformity,Diquat dibromide|air|non-urban air or from high stacks,692
North America,Nonconformity,Diquat dibromide|soil|agricultural,693
North America,Nonconformity,Diquat dibromide|soil|forestry,694
North America,Nonconformity,Diquat dibromide|water|ground-,695
North America,Nonconformity,Diquat dibromide|water|unspecified,696
North America,Acceptable conformity,"Discarded fish, demersal, to ocean|water|ocean",698
North America,Acceptable conformity,"Discarded fish, pelagic, to ocean|water|ocean",699
North America,Acceptable conformity,Dissolved solids|water|ground-,700
North America,Nonconformity,Dissolved solids|water|surface water,701
North America,Nonconformity,Dithianon|soil|agricultural,702
North America,Nonconformity,Diuron|air|non-urban air or from high stacks,703
North America,Marginally acceptable conformity,Diuron|soil|agricultural,704
North America,Nonconformity,Diuron|soil|forestry,705
North America,Nonconformity,Diuron|water|unspecified,706
North America,Nonconformity,Dodecanol|water|unspecified,712
North America,Nonconformity,Dolomite|natural resource|in ground,713
North America,Marginally acceptable conformity,Dysprosium|natural resource|in ground,714
North America,Nonconformity,"EDTA, Ethylenediaminetetraacetic Acid|water|unspecified",715
North America,Nonconformity,EPTC|soil|agricultural,733
North America,Nonconformity,Emamectin benzoate|soil|agricultural,716
North America,Nonconformity,Emamectin benzoate|soil|forestry,717
North America,Nonconformity,Emamectin benzoate|water|ground-,718
North America,Nonconformity,Emamectin benzoate|water|unspecified,719
North America,Acceptable conformity,Endosulfan|soil|agricultural,720
North America,Nonconformity,Endothall|soil|agricultural,721
North America,Marginally acceptable conformity,"Energy, geothermal, converted|natural resource|in ground",722
North America,Acceptable conformity,"Energy, gross calorific value, in biomass|natural resource|biotic",724
North America,Nonconformity,"Energy, gross calorific value, in biomass, primary forest|natural resource|biotic",723
North America,Nonconformity,"Energy, kinetic (in wind), converted|natural resource|in air",725
North America,Nonconformity,"Energy, potential (in hydropower reservoir), converted|natural resource|in water",726
North America,Nonconformity,"Energy, solar, converted|natural resource|in air",727
North America,Marginally acceptable conformity,Epoxiconazole|air|non-urban air or from high stacks,728
North America,Nonconformity,Epoxiconazole|soil|agricultural,729
North America,Acceptable conformity,Epoxiconazole|soil|forestry,730
North America,Marginally acceptable conformity,Epoxiconazole|water|ground-,731
North America,Acceptable conformity,Epoxiconazole|water|unspecified,732
North America,Acceptable conformity,Erbium|natural resource|in ground,734
North America,Acceptable conformity,Esfenvalerate|soil|agricultural,735
North America,Nonconformity,Ethalfluralin|soil|agricultural,736
North America,Nonconformity,Ethane|air|non-urban air or from high stacks,737
North America,Nonconformity,Ethane|air|unspecified,738
North America,Nonconformity,Ethane|air|urban air close to ground,739
North America,Nonconformity,Ethanol|air|non-urban air or from high stacks,740
North America,Nonconformity,Ethanol|air|unspecified,741
North America,Acceptable conformity,Ethanol|air|urban air close to ground,742
North America,Marginally acceptable conformity,Ethanol|water|surface water,743
North America,Acceptable conformity,Ethanol|water|unspecified,744
North America,Nonconformity,Ethephon|air|non-urban air or from high stacks,745
North America,Nonconformity,Ethephon|soil|agricultural,746
North America,Nonconformity,Ethephon|water|ground-,747
North America,Nonconformity,Ethephon|water|surface water,748
North America,Nonconformity,Ethofumesate|soil|agricultural,749
North America,Nonconformity,Ethoprop|soil|agricultural,750
North America,Nonconformity,Ethyl acetate|air|urban air close to ground,751
North America,Nonconformity,Ethyl acetate|water|surface water,752
North America,Nonconformity,Ethyl benzene|air|non-urban air or from high stacks,753
North America,Marginally acceptable conformity,Ethyl benzene|air|unspecified,754
North America,Nonconformity,Ethyl benzene|air|urban air close to ground,755
North America,Nonconformity,Ethyl benzene|water|ocean,756
North America,Marginally acceptable conformity,Ethyl benzene|water|surface water,757
North America,Acceptable conformity,Ethyl cellulose|air|urban air close to ground,758
North America,Nonconformity,Ethylamine|air|urban air close to ground,759
North America,Acceptable conformity,Ethylamine|water|surface water,760
North America,Nonconformity,Ethylene|air|non-urban air or from high stacks,774
North America,Nonconformity,Ethylene|air|urban air close to ground,775
North America,Nonconformity,Ethylene|water|surface water,776
North America,Nonconformity,Ethylene carbonate|water|unspecified,761
North America,Nonconformity,Ethylene diamine|air|urban air close to ground,762
North America,Nonconformity,Ethylene diamine|water|surface water,763
North America,Marginally acceptable conformity,Ethylene dichloride|air|non-urban air or from high stacks,764
North America,Nonconformity,Ethylene dichloride|air|unspecified,765
North America,Nonconformity,Ethylene dichloride|air|urban air close to ground,766
North America,Nonconformity,Ethylene dichloride|water|surface water,767
North America,Nonconformity,Ethylene dichloride|water|unspecified,768
North America,Acceptable conformity,Ethylene oxide|air|unspecified,769
North America,Acceptable conformity,Ethylene oxide|air|urban air close to ground,770
North America,Nonconformity,Ethylene oxide|water|ground-,771
North America,Nonconformity,Ethylene oxide|water|surface water,772
North America,Nonconformity,Ethylene oxide|water|unspecified,773
North America,Nonconformity,Europium|natural resource|in ground,777
North America,Nonconformity,Famoxadone|soil|agricultural,778
North America,Nonconformity,Feldspar|natural resource|in ground,779
North America,Nonconformity,Fenbuconazole|soil|agricultural,780
North America,Acceptable conformity,Fenoxaprop|soil|agricultural,783
North America,Nonconformity,Fenoxaprop ethyl ester|soil|agricultural,782
North America,Nonconformity,Fenoxaprop-P ethyl ester|soil|agricultural,781
North America,Nonconformity,Fenpiclonil|soil|agricultural,784
North America,Nonconformity,Fenpropidin|soil|agricultural,785
North America,Nonconformity,Fenpropimorph|soil|agricultural,786
North America,Nonconformity,Fentin hydroxide|soil|agricultural,787
North America,Marginally acceptable conformity,Fipronil|air|non-urban air or from high stacks,788
North America,Marginally acceptable conformity,Fipronil|soil|agricultural,789
North America,Nonconformity,Fipronil|soil|forestry,790
North America,Nonconformity,Fipronil|water|ground-,791
North America,Nonconformity,Fipronil|water|unspecified,792
North America,Acceptable conformity,"Fish, demersal, in ocean|natural resource|biotic",793
North America,Marginally acceptable conformity,"Fish, pelagic, in ocean|natural resource|biotic",794
North America,Nonconformity,Flonicamid|soil|agricultural,795
North America,Nonconformity,Florasulam|soil|agricultural,796
North America,Nonconformity,Fluazifop-P-butyl|soil|agricultural,797
North America,Nonconformity,Fluazinam|air|non-urban air or from high stacks,798
North America,Nonconformity,Fluazinam|soil|agricultural,799
North America,Marginally acceptable conformity,Fluazinam|soil|forestry,800
North America,Nonconformity,Fluazinam|water|ground-,801
North America,Nonconformity,Fluazinam|water|unspecified,802
North America,Nonconformity,Flucarbazone sodium salt|soil|agricultural,803
North America,Acceptable conformity,Fludioxonil|air|non-urban air or from high stacks,804
North America,Nonconformity,Fludioxonil|soil|agricultural,805
North America,Marginally acceptable conformity,Fludioxonil|soil|forestry,806
North America,Nonconformity,Fludioxonil|water|ground-,807
North America,Marginally acceptable conformity,Fludioxonil|water|unspecified,808
North America,Nonconformity,Flufenacet|soil|agricultural,809
North America,Nonconformity,Flumetsulam|soil|agricultural,810
North America,Marginally acceptable conformity,Flumiclorac-pentyl|soil|agricultural,811
North America,Nonconformity,Flumioxazin|air|non-urban air or from high stacks,812
North America,Marginally acceptable conformity,Flumioxazin|soil|agricultural,813
North America,Nonconformity,Flumioxazin|soil|forestry,814
North America,Nonconformity,Flumioxazin|water|ground-,815
North America,Nonconformity,Flumioxazin|water|unspecified,816
North America,Nonconformity,Fluopyram|soil|agricultural,817
North America,Nonconformity,Fluoranthene|air|non-urban air or from high stacks,818
North America,Nonconformity,Fluoranthene|air|unspecified,819
North America,Nonconformity,Fluoranthene|water|surface water,820
North America,Nonconformity,Fluorene|air|non-urban air or from high stacks,821
North America,Nonconformity,Fluorene|air|unspecified,822
North America,Nonconformity,Fluorene|water|surface water,823
North America,Acceptable conformity,Fluoride|soil|industrial,824
North America,Nonconformity,Fluoride|soil|unspecified,825
North America,Marginally acceptable conformity,Fluoride|water|ground-,826
North America,Marginally acceptable conformity,"Fluoride|water|ground-, long-term",827
North America,Marginally acceptable conformity,Fluoride|water|ocean,828
North America,Nonconformity,Fluoride|water|surface water,829
North America,Nonconformity,Fluoride|water|unspecified,830
North America,Marginally acceptable conformity,"Fluorine|air|low population density, long-term",831
North America,Nonconformity,Fluorine|air|non-urban air or from high stacks,832
North America,Nonconformity,Fluorine|air|unspecified,833
North America,Nonconformity,Fluorine|air|urban air close to ground,834
North America,Nonconformity,Fluorine|natural resource|in ground,835
North America,Nonconformity,Fluorine|water|surface water,836
North America,Nonconformity,Fluorspar|natural resource|in ground,837
North America,Nonconformity,Fluosilicic acid|air|urban air close to ground,838
North America,Nonconformity,Fluosilicic acid|water|surface water,839
North America,Nonconformity,Fluosilicic acid|water|unspecified,840
North America,Nonconformity,Flupyrsulfuron-methyl|soil|agricultural,841
North America,Nonconformity,Fluquinconazole|air|non-urban air or from high stacks,842
North America,Marginally acceptable conformity,Fluquinconazole|soil|agricultural,843
North America,Nonconformity,Fluquinconazole|water|surface water,844
North America,Acceptable conformity,Flurochloridone|soil|agricultural,845
North America,Nonconformity,Fluroxypyr|air|non-urban air or from high stacks,846
North America,Nonconformity,Fluroxypyr|soil|agricultural,847
North America,Nonconformity,Fluroxypyr|water|surface water,848
North America,Marginally acceptable conformity,Flurtamone|soil|agricultural,849
North America,Nonconformity,Flusilazole|soil|agricultural,850
North America,Marginally acceptable conformity,Fluthiacet-methyl|soil|agricultural,851
North America,Nonconformity,Flutolanil|soil|agricultural,852
North America,Nonconformity,Fluxapyroxad|soil|agricultural,853
North America,Nonconformity,Fluxapyroxad|soil|forestry,854
North America,Nonconformity,Fluxapyroxad|water|ground-,855
North America,Nonconformity,Fluxapyroxad|water|unspecified,856
North America,Nonconformity,Fomesafen|soil|agricultural,857
North America,Nonconformity,Foramsulfuron|soil|agricultural,858
North America,Nonconformity,Formaldehyde|air|non-urban air or from high stacks,859
North America,Marginally acceptable conformity,Formaldehyde|air|unspecified,860
North America,Acceptable conformity,Formaldehyde|air|urban air close to ground,861
North America,Nonconformity,Formaldehyde|water|surface water,862
North America,Marginally acceptable conformity,Formaldehyde|water|unspecified,863
North America,Nonconformity,Formamide|air|unspecified,864
North America,Acceptable conformity,Formamide|air|urban air close to ground,865
North America,Acceptable conformity,Formamide|water|surface water,866
North America,Marginally acceptable conformity,Formate|water|surface water,867
North America,Marginally acceptable conformity,Formic acid|air|non-urban air or from high stacks,868
North America,Marginally acceptable conformity,Formic acid|air|urban air close to ground,869
North America,Marginally acceptable conformity,Formic acid|water|surface water,870
North America,Nonconformity,"Fungicides, unspecified|air|non-urban air or from high stacks",871
North America,Marginally acceptable conformity,"Fungicides, unspecified|soil|agricultural",872
North America,Marginally acceptable conformity,"Fungicides, unspecified|water|ocean",873
North America,Nonconformity,"Fungicides, unspecified|water|surface water",874
North America,Acceptable conformity,Furan|air|non-urban air or from high stacks,875
North America,Nonconformity,Gadolinium|natural resource|in ground,876
North America,Nonconformity,Gallium|natural resource|in ground,877
North America,Nonconformity,Gamma-cyhalothrin|soil|agricultural,878
North America,Nonconformity,Gangue|natural resource|in ground,879
North America,Nonconformity,"Gas, mine, off-gas, process, coal mining|natural resource|in ground",880
North America,Nonconformity,"Gas, natural|natural resource|in ground",881
North America,Nonconformity,Gibberellic acid|air|non-urban air or from high stacks,882
North America,Nonconformity,Gibberellic acid|soil|agricultural,883
North America,Nonconformity,Gibberellic acid|soil|forestry,884
North America,Nonconformity,Gibberellic acid|water|unspecified,885
North America,Acceptable conformity,Glufosinate|soil|agricultural,887
North America,Marginally acceptable conformity,Glufosinate ammonium|soil|agricultural,886
North America,Nonconformity,Glutaraldehyde|water|ocean,888
North America,Nonconformity,Glyphosate|air|non-urban air or from high stacks,889
North America,Nonconformity,Glyphosate|soil|agricultural,890
North America,Nonconformity,Glyphosate|soil|forestry,891
North America,Nonconformity,Glyphosate|soil|industrial,892
North America,Acceptable conformity,Glyphosate|water|ground-,893
North America,Marginally acceptable conformity,Glyphosate|water|surface water,894
North America,Marginally acceptable conformity,Glyphosate|water|unspecified,895
North America,Nonconformity,Gold|natural resource|in ground,896
North America,Acceptable conformity,Granite|natural resource|in ground,897
North America,Acceptable conformity,Graphite|natural resource|in ground,898
North America,Nonconformity,Gypsum|natural resource|in ground,899
North America,Nonconformity,Hafnium|natural resource|in ground,900
North America,Nonconformity,Halosulfuron-methyl|soil|agricultural,901
North America,Nonconformity,Haloxyfop-ethoxyethyl|air|non-urban air or from high stacks,902
North America,Nonconformity,Haloxyfop-ethoxyethyl|water|ground-,903
North America,Nonconformity,Haloxyfop-ethoxyethyl|water|unspecified,904
North America,Nonconformity,Hazardous waste disposed|inventory indicator|waste,905
North America,Nonconformity,"Heat, waste|air|non-urban air or from high stacks",906
North America,Marginally acceptable conformity,"Heat, waste|air|unspecified",907
North America,Nonconformity,"Heat, waste|air|urban air close to ground",908
North America,Nonconformity,"Heat, waste|soil|agricultural",909
North America,Acceptable conformity,"Heat, waste|soil|industrial",910
North America,Nonconformity,"Heat, waste|water|ground-, long-term",911
North America,Acceptable conformity,"Heat, waste|water|surface water",912
North America,Marginally acceptable conformity,"Heat, waste|water|unspecified",913
North America,Nonconformity,Helium|air|non-urban air or from high stacks,914
North America,Nonconformity,Helium|air|unspecified,915
North America,Nonconformity,Heptane|air|unspecified,916
North America,Marginally acceptable conformity,Heptane|air|urban air close to ground,917
North America,Nonconformity,"Herbicides, unspecified|air|non-urban air or from high stacks",918
North America,Acceptable conformity,"Herbicides, unspecified|soil|agricultural",919
North America,Nonconformity,"Herbicides, unspecified|water|surface water",920
North America,Nonconformity,Hexachlorobenzene|air|non-urban air or from high stacks,921
North America,Nonconformity,Hexachlorobenzene|air|unspecified,922
North America,Acceptable conformity,Hexachlorobenzene|air|urban air close to ground,923
North America,Nonconformity,Hexachlorobenzene|water|unspecified,924
North America,Nonconformity,Hexafluoroethane|air|unspecified,925
North America,Marginally acceptable conformity,Hexafluoroethane|air|urban air close to ground,926
North America,Nonconformity,Hexane|air|non-urban air or from high stacks,927
North America,Marginally acceptable conformity,Hexane|air|unspecified,928
North America,Nonconformity,Hexane|air|urban air close to ground,929
North America,Nonconformity,Holmium|natural resource|in ground,930
North America,Nonconformity,"Hydrocarbons, aliphatic, alkanes, cyclic|air|non-urban air or from high stacks",931
North America,Nonconformity,"Hydrocarbons, aliphatic, alkanes, cyclic|air|unspecified",932
North America,Marginally acceptable conformity,"Hydrocarbons, aliphatic, alkanes, cyclic|air|urban air close to ground",933
North America,Nonconformity,"Hydrocarbons, aliphatic, alkanes, unspecified|air|non-urban air or from high stacks",934
North America,Nonconformity,"Hydrocarbons, aliphatic, alkanes, unspecified|air|unspecified",935
North America,Nonconformity,"Hydrocarbons, aliphatic, alkanes, unspecified|air|urban air close to ground",936
North America,Marginally acceptable conformity,"Hydrocarbons, aliphatic, alkanes, unspecified|water|ocean",937
North America,Marginally acceptable conformity,"Hydrocarbons, aliphatic, alkanes, unspecified|water|surface water",938
North America,Marginally acceptable conformity,"Hydrocarbons, aliphatic, unsaturated|air|non-urban air or from high stacks",939
North America,Acceptable conformity,"Hydrocarbons, aliphatic, unsaturated|air|unspecified",940
North America,Nonconformity,"Hydrocarbons, aliphatic, unsaturated|air|urban air close to ground",941
North America,Acceptable conformity,"Hydrocarbons, aliphatic, unsaturated|water|ocean",942
North America,Acceptable conformity,"Hydrocarbons, aliphatic, unsaturated|water|surface water",943
North America,Nonconformity,"Hydrocarbons, aliphatic, unsaturated|water|unspecified",944
North America,Nonconformity,"Hydrocarbons, aromatic|air|non-urban air or from high stacks",945
North America,Nonconformity,"Hydrocarbons, aromatic|air|unspecified",946
North America,Marginally acceptable conformity,"Hydrocarbons, aromatic|air|urban air close to ground",947
North America,Acceptable conformity,"Hydrocarbons, aromatic|water|ocean",948
North America,Marginally acceptable conformity,"Hydrocarbons, aromatic|water|surface water",949
North America,Marginally acceptable conformity,"Hydrocarbons, chlorinated|air|non-urban air or from high stacks",950
North America,Nonconformity,"Hydrocarbons, chlorinated|air|unspecified",951
North America,Marginally acceptable conformity,"Hydrocarbons, chlorinated|air|urban air close to ground",952
North America,Nonconformity,"Hydrocarbons, unspecified|soil|unspecified",953
North America,Nonconformity,"Hydrocarbons, unspecified|water|ocean",954
North America,Acceptable conformity,"Hydrocarbons, unspecified|water|surface water",955
North America,Nonconformity,"Hydrocarbons, unspecified|water|unspecified",956
North America,Nonconformity,"Hydrochloric acid|air|low population density, long-term",957
North America,Nonconformity,Hydrochloric acid|air|non-urban air or from high stacks,958
North America,Nonconformity,Hydrochloric acid|air|unspecified,959
North America,Nonconformity,Hydrochloric acid|air|urban air close to ground,960
North America,Nonconformity,Hydrochloric acid|water|unspecified,961
North America,Nonconformity,Hydrogen|air|urban air close to ground,974
North America,Marginally acceptable conformity,Hydrogen|water|surface water,975
North America,Marginally acceptable conformity,"Hydrogen fluoride|air|low population density, long-term",962
North America,Marginally acceptable conformity,Hydrogen fluoride|air|non-urban air or from high stacks,963
North America,Nonconformity,Hydrogen fluoride|air|unspecified,964
North America,Nonconformity,Hydrogen fluoride|air|urban air close to ground,965
North America,Nonconformity,Hydrogen peroxide|air|urban air close to ground,966
North America,Nonconformity,Hydrogen peroxide|water|unspecified,967
North America,Marginally acceptable conformity,Hydrogen sulfide|air|non-urban air or from high stacks,968
North America,Nonconformity,Hydrogen sulfide|air|unspecified,969
North America,Nonconformity,Hydrogen sulfide|air|urban air close to ground,970
North America,Nonconformity,Hydrogen sulfide|water|ground-,971
North America,Nonconformity,"Hydrogen sulfide|water|ground-, long-term",972
North America,Nonconformity,Hydrogen sulfide|water|surface water,973
North America,Nonconformity,Hydroxide|water|surface water,976
North America,Nonconformity,Hydroxide|water|unspecified,977
North America,Nonconformity,Hypochlorite|water|ocean,978
North America,Marginally acceptable conformity,Hypochlorite|water|surface water,979
North America,Nonconformity,Imazamox|soil|agricultural,980
North America,Nonconformity,Imazapyr|soil|agricultural,981
North America,Nonconformity,Imazethapyr|air|non-urban air or from high stacks,982
North America,Acceptable conformity,Imazethapyr|soil|agricultural,983
North America,Nonconformity,Imazethapyr|soil|forestry,984
North America,Nonconformity,Imazethapyr|water|unspecified,985
North America,Marginally acceptable conformity,Imidacloprid|air|non-urban air or from high stacks,986
North America,Acceptable conformity,Imidacloprid|soil|agricultural,987
North America,Nonconformity,Imidacloprid|soil|forestry,988
North America,Nonconformity,Imidacloprid|water|ground-,989
North America,Nonconformity,Imidacloprid|water|unspecified,990
North America,Nonconformity,"Indeno(1,2,3-cd)pyrene|air|non-urban air or from high stacks",991
North America,Nonconformity,"Indeno(1,2,3-cd)pyrene|air|unspecified",992
North America,Nonconformity,"Indeno(1,2,3-cd)pyrene|water|surface water",993
North America,Nonconformity,Indium|natural resource|in ground,994
North America,Nonconformity,Indoxacarb|air|non-urban air or from high stacks,995
North America,Marginally acceptable conformity,Indoxacarb|soil|agricultural,996
North America,Nonconformity,Indoxacarb|soil|forestry,997
North America,Nonconformity,Iodide|soil|industrial,998
North America,Marginally acceptable conformity,Iodide|water|ground-,999
North America,Marginally acceptable conformity,"Iodide|water|ground-, long-term",1000
North America,Acceptable conformity,Iodide|water|ocean,1001
North America,Acceptable conformity,Iodide|water|surface water,1002
North America,Nonconformity,"Iodine|air|low population density, long-term",1008
North America,Nonconformity,Iodine|air|non-urban air or from high stacks,1009
North America,Nonconformity,Iodine|air|unspecified,1010
North America,Nonconformity,Iodine|air|urban air close to ground,1011
North America,Marginally acceptable conformity,Iodine|natural resource|in water,1012
North America,Nonconformity,Iodine|water|surface water,1013
North America,Acceptable conformity,Iodine-129|air|non-urban air or from high stacks,1003
North America,Nonconformity,Iodine-131|air|non-urban air or from high stacks,1004
North America,Nonconformity,Iodine-131|water|surface water,1005
North America,Acceptable conformity,Iodine-133|air|non-urban air or from high stacks,1006
North America,Acceptable conformity,Iodine-133|water|surface water,1007
North America,Nonconformity,Iodosulfuron|soil|agricultural,1015
North America,Nonconformity,Iodosulfuron-methyl-sodium|soil|agricultural,1014
North America,Nonconformity,Ioxynil|soil|agricultural,1016
North America,Nonconformity,Iprodione|soil|agricultural,1017
North America,Nonconformity,Iron|natural resource|in ground,1031
North America,Nonconformity,"Iron ion|air|low population density, long-term",1019
North America,Nonconformity,Iron ion|air|non-urban air or from high stacks,1020
North America,Nonconformity,Iron ion|air|unspecified,1021
North America,Nonconformity,Iron ion|air|urban air close to ground,1022
North America,Marginally acceptable conformity,Iron ion|soil|agricultural,1023
North America,Nonconformity,Iron ion|soil|industrial,1024
North America,Marginally acceptable conformity,Iron ion|soil|unspecified,1025
North America,Nonconformity,Iron ion|water|ground-,1026
North America,Nonconformity,"Iron ion|water|ground-, long-term",1027
North America,Marginally acceptable conformity,Iron ion|water|ocean,1028
North America,Nonconformity,Iron ion|water|surface water,1029
North America,Nonconformity,Iron ion|water|unspecified,1030
North America,Nonconformity,Iron-59|water|surface water,1018
North America,Marginally acceptable conformity,Isobutanol|air|urban air close to ground,1032
North America,Acceptable conformity,Isobutanol|water|surface water,1033
North America,Nonconformity,Isocyanic acid|air|urban air close to ground,1034
North America,Nonconformity,Isohexane|air|urban air close to ground,1035
North America,Nonconformity,Isohexane|water|surface water,1036
North America,Acceptable conformity,Isoprene|air|non-urban air or from high stacks,1037
North America,Nonconformity,Isopropanol|air|non-urban air or from high stacks,1038
North America,Nonconformity,Isopropanol|air|urban air close to ground,1039
North America,Nonconformity,Isopropanol|water|surface water,1040
North America,Marginally acceptable conformity,Isopropanol|water|unspecified,1041
North America,Acceptable conformity,Isopropylamine|air|urban air close to ground,1042
North America,Nonconformity,Isopropylamine|water|surface water,1043
North America,Nonconformity,Isoproturon|soil|agricultural,1044
North America,Nonconformity,Kaolinite|natural resource|in ground,1045
North America,Acceptable conformity,Ketene|air|unspecified,1046
North America,Nonconformity,Kieserite|natural resource|in ground,1047
North America,Marginally acceptable conformity,Kresoxim-methyl|soil|agricultural,1048
North America,Acceptable conformity,Krypton|natural resource|in air,1054
North America,Nonconformity,Krypton-85|air|non-urban air or from high stacks,1049
North America,Acceptable conformity,Krypton-85m|air|non-urban air or from high stacks,1050
North America,Acceptable conformity,Krypton-87|air|non-urban air or from high stacks,1051
North America,Nonconformity,Krypton-88|air|non-urban air or from high stacks,1052
North America,Acceptable conformity,Krypton-89|air|non-urban air or from high stacks,1053
North America,Nonconformity,Lactic acid|air|urban air close to ground,1055
North America,Marginally acceptable conformity,Lactic acid|water|surface water,1056
North America,Nonconformity,Lactofen|soil|agricultural,1057
North America,Nonconformity,Lambda-cyhalothrin|air|non-urban air or from high stacks,1058
North America,Acceptable conformity,Lambda-cyhalothrin|soil|agricultural,1059
North America,Nonconformity,Lambda-cyhalothrin|soil|forestry,1060
North America,Nonconformity,Lambda-cyhalothrin|water|ground-,1061
North America,Nonconformity,Lambda-cyhalothrin|water|surface water,1062
North America,Marginally acceptable conformity,Lambda-cyhalothrin|water|unspecified,1063
North America,Nonconformity,Lanthanum|natural resource|in ground,1066
North America,Nonconformity,Lanthanum-140|air|non-urban air or from high stacks,1064
North America,Acceptable conformity,Lanthanum-140|water|surface water,1065
North America,Nonconformity,Laterite|natural resource|in ground,1067
North America,Nonconformity,Lauric acid|air|unspecified,1068
North America,Marginally acceptable conformity,Lauric acid|water|unspecified,1069
North America,Marginally acceptable conformity,Lead|natural resource|in ground,1090
North America,Nonconformity,"Lead II|air|low population density, long-term",1076
North America,Nonconformity,Lead II|air|lower stratosphere + upper troposphere,1077
North America,Nonconformity,Lead II|air|non-urban air or from high stacks,1078
North America,Acceptable conformity,Lead II|air|unspecified,1079
North America,Nonconformity,Lead II|air|urban air close to ground,1080
North America,Nonconformity,Lead II|soil|agricultural,1081
North America,Nonconformity,Lead II|soil|forestry,1082
North America,Marginally acceptable conformity,Lead II|soil|industrial,1083
North America,Acceptable conformity,Lead II|soil|unspecified,1084
North America,Nonconformity,Lead II|water|ground-,1085
North America,Nonconformity,"Lead II|water|ground-, long-term",1086
North America,Acceptable conformity,Lead II|water|ocean,1087
North America,Nonconformity,Lead II|water|surface water,1088
North America,Nonconformity,Lead II|water|unspecified,1089
North America,Marginally acceptable conformity,Lead-210|air|non-urban air or from high stacks,1070
North America,Marginally acceptable conformity,Lead-210|air|unspecified,1071
North America,Nonconformity,Lead-210|air|urban air close to ground,1072
North America,Acceptable conformity,Lead-210|water|ground-,1073
North America,Nonconformity,Lead-210|water|ocean,1074
North America,Nonconformity,Lead-210|water|surface water,1075
North America,Nonconformity,Lenacil|soil|agricultural,1091
North America,Nonconformity,Linuron|soil|agricultural,1092
North America,Nonconformity,Lithium|natural resource|in ground,1098
North America,Nonconformity,Lithium I|air|urban air close to ground,1093
North America,Nonconformity,Lithium I|soil|unspecified,1094
North America,Nonconformity,Lithium I|water|ground-,1095
North America,Marginally acceptable conformity,Lithium I|water|ocean,1096
North America,Acceptable conformity,Lithium I|water|surface water,1097
North America,Acceptable conformity,Lufenuron|soil|agricultural,1099
North America,Acceptable conformity,Lufenuron|soil|forestry,1100
North America,Acceptable conformity,Lutetium|natural resource|in ground,1101
North America,Nonconformity,MCPA|air|non-urban air or from high stacks,1143
North America,Nonconformity,MCPA|soil|agricultural,1144
North America,Marginally acceptable conformity,MCPA|water|ground-,1145
North America,Nonconformity,MCPA|water|surface water,1146
North America,Nonconformity,MCPB|air|non-urban air or from high stacks,1147
North America,Acceptable conformity,MCPB|soil|agricultural,1148
North America,Nonconformity,MCPB|water|ground-,1149
North America,Nonconformity,MCPB|water|surface water,1150
North America,Nonconformity,Magnesite|natural resource|in ground,1106
North America,Marginally acceptable conformity,"Magnesium|air|low population density, long-term",1107
North America,Acceptable conformity,Magnesium|air|non-urban air or from high stacks,1108
North America,Acceptable conformity,Magnesium|air|unspecified,1109
North America,Marginally acceptable conformity,Magnesium|air|urban air close to ground,1110
North America,Nonconformity,Magnesium|natural resource|in ground,1111
North America,Nonconformity,Magnesium|soil|agricultural,1112
North America,Marginally acceptable conformity,Magnesium|soil|industrial,1113
North America,Marginally acceptable conformity,Magnesium|soil|unspecified,1114
North America,Nonconformity,Magnesium|water|ground-,1115
North America,Acceptable conformity,"Magnesium|water|ground-, long-term",1116
North America,Marginally acceptable conformity,Magnesium|water|ocean,1117
North America,Nonconformity,Magnesium|water|surface water,1118
North America,Marginally acceptable conformity,Malathion|soil|agricultural,1119
North America,Nonconformity,Maleic anhydride|water|unspecified,1120
North America,Nonconformity,Mancozeb|air|non-urban air or from high stacks,1121
North America,Acceptable conformity,Mancozeb|soil|agricultural,1122
North America,Nonconformity,Mancozeb|soil|forestry,1123
North America,Nonconformity,Mancozeb|water|ground-,1124
North America,Marginally acceptable conformity,Mancozeb|water|unspecified,1125
North America,Nonconformity,Mandipropamid|soil|agricultural,1126
North America,Nonconformity,Maneb|soil|agricultural,1127
North America,Nonconformity,Manganese|natural resource|in ground,1142
North America,Nonconformity,"Manganese II|air|low population density, long-term",1130
North America,Nonconformity,Manganese II|air|non-urban air or from high stacks,1131
North America,Nonconformity,Manganese II|air|unspecified,1132
North America,Acceptable conformity,Manganese II|air|urban air close to ground,1133
North America,Nonconformity,Manganese II|soil|agricultural,1134
North America,Nonconformity,Manganese II|soil|industrial,1135
North America,Nonconformity,Manganese II|soil|unspecified,1136
North America,Marginally acceptable conformity,Manganese II|water|ground-,1137
North America,Acceptable conformity,"Manganese II|water|ground-, long-term",1138
North America,Marginally acceptable conformity,Manganese II|water|ocean,1139
North America,Acceptable conformity,Manganese II|water|surface water,1140
North America,Marginally acceptable conformity,Manganese II|water|unspecified,1141
North America,Nonconformity,Manganese-54|air|non-urban air or from high stacks,1128
North America,Marginally acceptable conformity,Manganese-54|water|surface water,1129
North America,Nonconformity,Mecoprop|soil|agricultural,1152
North America,Acceptable conformity,Mecoprop-P|soil|agricultural,1151
North America,Marginally acceptable conformity,Mefenpyr|soil|agricultural,1154
North America,Marginally acceptable conformity,Mefenpyr-diethyl|soil|agricultural,1153
North America,Nonconformity,Mefentrifluconazole|soil|agricultural,1155
North America,Nonconformity,Mepiquat chloride|soil|agricultural,1156
North America,Marginally acceptable conformity,Mercury|natural resource|in ground,1170
North America,Marginally acceptable conformity,"Mercury II|air|low population density, long-term",1157
North America,Nonconformity,Mercury II|air|lower stratosphere + upper troposphere,1158
North America,Nonconformity,Mercury II|air|non-urban air or from high stacks,1159
North America,Nonconformity,Mercury II|air|unspecified,1160
North America,Marginally acceptable conformity,Mercury II|air|urban air close to ground,1161
North America,Nonconformity,Mercury II|soil|agricultural,1162
North America,Acceptable conformity,Mercury II|soil|industrial,1163
North America,Nonconformity,Mercury II|soil|unspecified,1164
North America,Nonconformity,Mercury II|water|ground-,1165
North America,Marginally acceptable conformity,"Mercury II|water|ground-, long-term",1166
North America,Nonconformity,Mercury II|water|ocean,1167
North America,Nonconformity,Mercury II|water|surface water,1168
North America,Nonconformity,Mercury II|water|unspecified,1169
North America,Nonconformity,Mesosulfuron-methyl (prop)|soil|agricultural,1171
North America,Nonconformity,Mesotrione|air|non-urban air or from high stacks,1172
North America,Nonconformity,Mesotrione|soil|agricultural,1173
North America,Nonconformity,Mesotrione|soil|forestry,1174
North America,Nonconformity,Mesotrione|water|unspecified,1175
North America,Acceptable conformity,Metalaxil|soil|agricultural,1176
North America,Acceptable conformity,Metalaxyl-M|air|non-urban air or from high stacks,1177
North America,Marginally acceptable conformity,Metalaxyl-M|soil|agricultural,1178
North America,Nonconformity,Metalaxyl-M|soil|forestry,1179
North America,Nonconformity,Metalaxyl-M|water|ground-,1180
North America,Marginally acceptable conformity,Metalaxyl-M|water|unspecified,1181
North America,Nonconformity,Metam-sodium|soil|agricultural,1182
North America,Nonconformity,Metamitron|soil|agricultural,1183
North America,Nonconformity,Metazachlor|soil|agricultural,1184
North America,Marginally acceptable conformity,Metconazole|soil|agricultural,1185
North America,Nonconformity,"Methane, bromo-, Halon 1001|air|unspecified",1186
North America,Acceptable conformity,"Methane, bromo-, Halon 1001|air|urban air close to ground",1187
North America,Marginally acceptable conformity,"Methane, bromochlorodifluoro-, Halon 1211|air|non-urban air or from high stacks",1188
North America,Marginally acceptable conformity,"Methane, bromotrifluoro-, Halon 1301|air|non-urban air or from high stacks",1189
North America,Nonconformity,"Methane, bromotrifluoro-, Halon 1301|air|urban air close to ground",1190
North America,Nonconformity,"Methane, fossil|air|non-urban air or from high stacks",1191
North America,Nonconformity,"Methane, fossil|air|unspecified",1192
North America,Nonconformity,"Methane, fossil|air|urban air close to ground",1193
North America,Nonconformity,"Methane, from soil or biomass stock|air|non-urban air or from high stacks",1194
North America,Nonconformity,"Methane, non-fossil|air|non-urban air or from high stacks",1195
North America,Nonconformity,"Methane, non-fossil|air|unspecified",1196
North America,Acceptable conformity,"Methane, non-fossil|air|urban air close to ground",1197
North America,Marginally acceptable conformity,Methanesulfonic acid|air|urban air close to ground,1198
North America,Nonconformity,Methanol|air|non-urban air or from high stacks,1199
North America,Acceptable conformity,Methanol|air|unspecified,1200
North America,Nonconformity,Methanol|air|urban air close to ground,1201
North America,Nonconformity,Methanol|water|surface water,1202
North America,Nonconformity,Methanol|water|unspecified,1203
North America,Marginally acceptable conformity,Methomyl|air|non-urban air or from high stacks,1204
North America,Acceptable conformity,Methomyl|soil|agricultural,1205
North America,Marginally acceptable conformity,Methomyl|soil|forestry,1206
North America,Nonconformity,Methomyl|water|ground-,1207
North America,Nonconformity,Methomyl|water|surface water,1208
North America,Nonconformity,Methomyl|water|unspecified,1209
North America,Nonconformity,Methoxyfenozide|air|non-urban air or from high stacks,1210
North America,Nonconformity,Methoxyfenozide|soil|agricultural,1211
North America,Nonconformity,Methoxyfenozide|soil|forestry,1212
North America,Nonconformity,Methoxyfenozide|water|ground-,1213
North America,Nonconformity,Methoxyfenozide|water|unspecified,1214
North America,Nonconformity,Methyl acetate|air|unspecified,1215
North America,Acceptable conformity,Methyl acetate|air|urban air close to ground,1216
North America,Marginally acceptable conformity,Methyl acetate|water|surface water,1217
North America,Acceptable conformity,Methyl acrylate|air|urban air close to ground,1218
North America,Acceptable conformity,Methyl acrylate|water|surface water,1219
North America,Marginally acceptable conformity,Methyl ethyl ketone|air|non-urban air or from high stacks,1220
North America,Nonconformity,Methyl ethyl ketone|air|urban air close to ground,1221
North America,Nonconformity,Methyl formate|air|unspecified,1222
North America,Marginally acceptable conformity,Methyl formate|air|urban air close to ground,1223
North America,Nonconformity,Methyl formate|water|surface water,1224
North America,Nonconformity,Methyl lactate|air|urban air close to ground,1225
North America,Nonconformity,Methylamine|air|unspecified,1226
North America,Marginally acceptable conformity,Methylamine|air|urban air close to ground,1227
North America,Marginally acceptable conformity,Methylamine|water|surface water,1228
North America,Nonconformity,Methylamine|water|unspecified,1229
North America,Nonconformity,Methylchloride|air|non-urban air or from high stacks,1230
North America,Nonconformity,Methylchloride|air|unspecified,1231
North America,Nonconformity,Metolachlor|air|non-urban air or from high stacks,1232
North America,Marginally acceptable conformity,Metolachlor|soil|agricultural,1233
North America,Nonconformity,Metolachlor|soil|forestry,1234
North America,Nonconformity,Metolachlor|water|ground-,1235
North America,Acceptable conformity,Metolachlor|water|surface water,1236
North America,Nonconformity,Metosulam|soil|agricultural,1237
North America,Marginally acceptable conformity,Metribuzin|soil|agricultural,1238
North America,Nonconformity,Metsulfuron-methyl|air|non-urban air or from high stacks,1239
North America,Nonconformity,Metsulfuron-methyl|air|unspecified,1240
North America,Nonconformity,Metsulfuron-methyl|soil|agricultural,1241
North America,Nonconformity,Metsulfuron-methyl|soil|forestry,1242
North America,Nonconformity,Metsulfuron-methyl|water|ground-,1243
North America,Nonconformity,Metsulfuron-methyl|water|surface water,1244
North America,Nonconformity,Metsulfuron-methyl|water|unspecified,1245
North America,Marginally acceptable conformity,Mineral oil|soil|agricultural,1246
North America,Nonconformity,Molinate|soil|agricultural,1247
North America,Marginally acceptable conformity,Molybdenum|natural resource|in ground,1261
North America,Nonconformity,"Molybdenum VI|air|low population density, long-term",1249
North America,Acceptable conformity,Molybdenum VI|air|non-urban air or from high stacks,1250
North America,Marginally acceptable conformity,Molybdenum VI|air|unspecified,1251
North America,Nonconformity,Molybdenum VI|air|urban air close to ground,1252
North America,Nonconformity,Molybdenum VI|soil|agricultural,1253
North America,Acceptable conformity,Molybdenum VI|soil|industrial,1254
North America,Nonconformity,Molybdenum VI|soil|unspecified,1255
North America,Nonconformity,Molybdenum VI|water|ground-,1256
North America,Acceptable conformity,"Molybdenum VI|water|ground-, long-term",1257
North America,Marginally acceptable conformity,Molybdenum VI|water|ocean,1258
North America,Nonconformity,Molybdenum VI|water|surface water,1259
North America,Marginally acceptable conformity,Molybdenum VI|water|unspecified,1260
North America,Marginally acceptable conformity,Molybdenum-99|water|surface water,1248
North America,Acceptable conformity,Monobutyltin (III)|water|ocean,1262
North America,Nonconformity,Monochlorobenzene|water|surface water,1263
North America,Nonconformity,Monochloroethane|air|unspecified,1264
North America,Marginally acceptable conformity,Monocrotophos|soil|agricultural,1265
North America,Acceptable conformity,Monoethanolamine|air|urban air close to ground,1266
North America,Nonconformity,Monoethanolamine|water|unspecified,1267
North America,Nonconformity,Monopotassium phosphite|soil|agricultural,1268
North America,Nonconformity,Myclobutanil|soil|agricultural,1269
North America,Nonconformity,"N,N-Dimethylformamide|water|unspecified",1270
North America,Nonconformity,"NMVOC, non-methane volatile organic compounds|air|lower stratosphere + upper troposphere",1335
North America,Acceptable conformity,"NMVOC, non-methane volatile organic compounds|air|non-urban air or from high stacks",1336
North America,Nonconformity,"NMVOC, non-methane volatile organic compounds|air|unspecified",1337
North America,Nonconformity,"NMVOC, non-methane volatile organic compounds|air|urban air close to ground",1338
North America,Nonconformity,Naphthalene|air|non-urban air or from high stacks,1271
North America,Nonconformity,Naphthalene|air|unspecified,1272
North America,Nonconformity,Naphthalene|water|surface water,1273
North America,Nonconformity,Napropamide|soil|agricultural,1274
North America,Nonconformity,Neodymium|natural resource|in ground,1275
North America,Nonconformity,"Nickel II|air|low population density, long-term",1276
North America,Nonconformity,Nickel II|air|lower stratosphere + upper troposphere,1277
North America,Acceptable conformity,Nickel II|air|non-urban air or from high stacks,1278
North America,Marginally acceptable conformity,Nickel II|air|unspecified,1279
North America,Nonconformity,Nickel II|air|urban air close to ground,1280
North America,Nonconformity,Nickel II|soil|agricultural,1281
North America,Nonconformity,Nickel II|soil|forestry,1282
North America,Nonconformity,Nickel II|soil|industrial,1283
North America,Acceptable conformity,Nickel II|soil|unspecified,1284
North America,Acceptable conformity,Nickel II|water|ground-,1285
North America,Acceptable conformity,"Nickel II|water|ground-, long-term",1286
North America,Nonconformity,Nickel II|water|ocean,1287
North America,Acceptable conformity,Nickel II|water|surface water,1288
North America,Nonconformity,Nickel II|water|unspecified,1289
North America,Nonconformity,Nicosulfuron|soil|forestry,1290
North America,Acceptable conformity,Niobium|natural resource|in ground,1293
North America,Marginally acceptable conformity,Niobium-95|air|non-urban air or from high stacks,1291
North America,Marginally acceptable conformity,Niobium-95|water|surface water,1292
North America,Acceptable conformity,"Nitrate|air|low population density, long-term",1294
North America,Nonconformity,Nitrate|air|non-urban air or from high stacks,1295
North America,Acceptable conformity,Nitrate|air|unspecified,1296
North America,Nonconformity,Nitrate|air|urban air close to ground,1297
North America,Acceptable conformity,Nitrate|soil|unspecified,1298
North America,Acceptable conformity,Nitrate|water|ground-,1299
North America,Acceptable conformity,"Nitrate|water|ground-, long-term",1300
North America,Nonconformity,Nitrate|water|ocean,1301
North America,Nonconformity,Nitrate|water|surface water,1302
North America,Nonconformity,Nitrate|water|unspecified,1303
North America,Marginally acceptable conformity,Nitric acid|air|unspecified,1304
North America,Nonconformity,Nitric acid|air|urban air close to ground,1305
North America,Marginally acceptable conformity,Nitric acid|soil|industrial,1306
North America,Acceptable conformity,Nitric oxide|air|unspecified,1307
North America,Acceptable conformity,Nitrite|water|ground-,1308
North America,Nonconformity,"Nitrite|water|ground-, long-term",1309
North America,Nonconformity,Nitrite|water|ocean,1310
North America,Nonconformity,Nitrite|water|surface water,1311
North America,Nonconformity,Nitrite|water|unspecified,1312
North America,Nonconformity,Nitrobenzene|air|urban air close to ground,1313
North America,Nonconformity,Nitrobenzene|water|surface water,1314
North America,Nonconformity,Nitrobenzene|water|unspecified,1315
North America,Nonconformity,Nitrogen|air|non-urban air or from high stacks,1327
North America,Acceptable conformity,Nitrogen|air|unspecified,1328
North America,Nonconformity,Nitrogen|natural resource|in air,1329
North America,Nonconformity,Nitrogen|soil|industrial,1330
North America,Nonconformity,Nitrogen|soil|unspecified,1331
North America,Nonconformity,Nitrogen|water|ocean,1332
North America,Nonconformity,Nitrogen|water|surface water,1333
North America,Marginally acceptable conformity,Nitrogen|water|unspecified,1334
North America,Nonconformity,Nitrogen dioxide|water|surface water,1316
North America,Close conformity,Nitrogen fluoride|air|urban air close to ground,1317
North America,Marginally acceptable conformity,"Nitrogen oxides|air|low population density, long-term",1318
North America,Nonconformity,Nitrogen oxides|air|lower stratosphere + upper troposphere,1319
North America,Acceptable conformity,Nitrogen oxides|air|non-urban air or from high stacks,1320
North America,Nonconformity,Nitrogen oxides|air|unspecified,1321
North America,Marginally acceptable conformity,Nitrogen oxides|air|urban air close to ground,1322
North America,Nonconformity,"Nitrogen, organic bound|water|ground-",1323
North America,Nonconformity,"Nitrogen, organic bound|water|ground-, long-term",1324
North America,Nonconformity,"Nitrogen, organic bound|water|surface water",1325
North America,Nonconformity,"Nitrogen, organic bound|water|unspecified",1326
North America,Acceptable conformity,"Noble gases, radioactive, unspecified|air|non-urban air or from high stacks",1339
North America,Nonconformity,Non-hazardous waste disposed|inventory indicator|waste,1340
North America,Nonconformity,Novaluron|soil|agricultural,1341
North America,Acceptable conformity,"Occupation, annual crop|natural resource|land",1354
North America,Nonconformity,"Occupation, annual crop, irrigated|natural resource|land",1350
North America,Nonconformity,"Occupation, annual crop, irrigated, intensive|natural resource|land",1349
North America,Nonconformity,"Occupation, annual crop, non-irrigated|natural resource|land",1353
North America,Acceptable conformity,"Occupation, annual crop, non-irrigated, extensive|natural resource|land",1351
North America,Marginally acceptable conformity,"Occupation, annual crop, non-irrigated, intensive|natural resource|land",1352
North America,Marginally acceptable conformity,"Occupation, arable land, unspecified use|natural resource|land",1355
North America,Nonconformity,"Occupation, bare area (non-use)|natural resource|land",1356
North America,Nonconformity,"Occupation, construction site|natural resource|land",1357
North America,Nonconformity,"Occupation, cropland fallow (non-use)|natural resource|land",1358
North America,Nonconformity,"Occupation, dump site|natural resource|land",1359
North America,Nonconformity,"Occupation, forest, extensive|natural resource|land",1360
North America,Nonconformity,"Occupation, forest, intensive|natural resource|land",1361
North America,Acceptable conformity,"Occupation, grassland, natural (non-use)|natural resource|land",1362
North America,Acceptable conformity,"Occupation, grassland, natural, for livestock grazing|natural resource|land",1363
North America,Acceptable conformity,"Occupation, industrial area|natural resource|land",1364
North America,Nonconformity,"Occupation, inland waterbody, unspecified|natural resource|land",1365
North America,Marginally acceptable conformity,"Occupation, lake, artificial|natural resource|land",1366
North America,Acceptable conformity,"Occupation, mineral extraction site|natural resource|land",1367
North America,Acceptable conformity,"Occupation, pasture, man made|natural resource|land",1370
North America,Acceptable conformity,"Occupation, pasture, man made, extensive|natural resource|land",1368
North America,Nonconformity,"Occupation, pasture, man made, intensive|natural resource|land",1369
North America,Nonconformity,"Occupation, permanent crop|natural resource|land",1374
North America,Acceptable conformity,"Occupation, permanent crop, irrigated|natural resource|land",1372
North America,Nonconformity,"Occupation, permanent crop, irrigated, intensive|natural resource|land",1371
North America,Nonconformity,"Occupation, permanent crop, non-irrigated|natural resource|land",1373
North America,Marginally acceptable conformity,"Occupation, river, artificial|natural resource|land",1375
North America,Acceptable conformity,"Occupation, seabed, drilling and mining|natural resource|land",1376
North America,Acceptable conformity,"Occupation, seabed, infrastructure|natural resource|land",1377
North America,Acceptable conformity,"Occupation, traffic area, rail network|natural resource|land",1378
North America,Acceptable conformity,"Occupation, traffic area, rail/road embankment|natural resource|land",1379
North America,Marginally acceptable conformity,"Occupation, traffic area, road network|natural resource|land",1380
North America,Marginally acceptable conformity,"Occupation, unspecified|natural resource|land",1382
North America,Nonconformity,"Occupation, unspecified, natural (non-use)|natural resource|land",1381
North America,Nonconformity,"Occupation, urban, discontinuously built|natural resource|land",1383
North America,Acceptable conformity,Octaethylene glycol monododecyl ether|air|unspecified,1384
North America,Nonconformity,"Oil, crude|natural resource|in ground",1385
North America,Nonconformity,"Oils, non-fossil|soil|forestry",1386
North America,Nonconformity,"Oils, non-fossil|soil|industrial",1387
North America,Marginally acceptable conformity,"Oils, non-fossil|soil|unspecified",1388
North America,Marginally acceptable conformity,"Oils, non-fossil|water|ocean",1389
North America,Marginally acceptable conformity,"Oils, non-fossil|water|surface water",1390
North America,Nonconformity,"Oils, unspecified|soil|industrial",1391
North America,Acceptable conformity,"Oils, unspecified|soil|unspecified",1392
North America,Nonconformity,"Oils, unspecified|water|ocean",1393
North America,Acceptable conformity,"Oils, unspecified|water|surface water",1394
North America,Nonconformity,"Oils, unspecified|water|unspecified",1395
North America,Marginally acceptable conformity,Olivine|natural resource|in ground,1396
North America,Nonconformity,Orbencarb|soil|agricultural,1397
North America,Nonconformity,Organic carbon|air|urban air close to ground,1399
North America,Nonconformity,Organic carbon|soil|unspecified,1400
North America,Nonconformity,Organic carbon|water|ground-,1401
North America,Acceptable conformity,"Organic carbon, placed in landfill|inventory indicator|waste",1398
North America,Nonconformity,Oxamyl|soil|agricultural,1402
North America,Nonconformity,Oxyfluorfen|air|non-urban air or from high stacks,1403
North America,Nonconformity,Oxyfluorfen|soil|agricultural,1404
North America,Nonconformity,Oxyfluorfen|water|surface water,1405
North America,Acceptable conformity,Oxygen|air|unspecified,1406
North America,Nonconformity,Oxygen|natural resource|in air,1407
North America,Marginally acceptable conformity,Oxygen|water|surface water,1408
North America,Nonconformity,Ozone|air|unspecified,1409
North America,Nonconformity,Ozone|air|urban air close to ground,1410
North America,Nonconformity,"PAH, polycyclic aromatic hydrocarbons|air|non-urban air or from high stacks",1411
North America,Nonconformity,"PAH, polycyclic aromatic hydrocarbons|air|unspecified",1412
North America,Nonconformity,"PAH, polycyclic aromatic hydrocarbons|air|urban air close to ground",1413
North America,Marginally acceptable conformity,"PAH, polycyclic aromatic hydrocarbons|soil|unspecified",1414
North America,Marginally acceptable conformity,"PAH, polycyclic aromatic hydrocarbons|water|ground-",1415
North America,Nonconformity,"PAH, polycyclic aromatic hydrocarbons|water|ocean",1416
North America,Nonconformity,"PAH, polycyclic aromatic hydrocarbons|water|surface water",1417
North America,Nonconformity,"PAH, polycyclic aromatic hydrocarbons|water|unspecified",1418
North America,Nonconformity,Palladium|natural resource|in ground,1420
North America,Nonconformity,Palladium II|air|unspecified,1419
North America,Nonconformity,Paraffins|air|non-urban air or from high stacks,1421
North America,Marginally acceptable conformity,Paraquat|soil|agricultural,1422
North America,Marginally acceptable conformity,Parathion|soil|agricultural,1423
North America,Nonconformity,"Particulate Matter, < 2.5 um|air|low population density, long-term",1424
North America,Nonconformity,"Particulate Matter, < 2.5 um|air|lower stratosphere + upper troposphere",1425
North America,Acceptable conformity,"Particulate Matter, < 2.5 um|air|non-urban air or from high stacks",1426
North America,Marginally acceptable conformity,"Particulate Matter, < 2.5 um|air|unspecified",1427
North America,Acceptable conformity,"Particulate Matter, < 2.5 um|air|urban air close to ground",1428
North America,Acceptable conformity,"Particulate Matter, > 10 um|air|low population density, long-term",1429
North America,Marginally acceptable conformity,"Particulate Matter, > 10 um|air|non-urban air or from high stacks",1430
North America,Acceptable conformity,"Particulate Matter, > 10 um|air|unspecified",1431
North America,Marginally acceptable conformity,"Particulate Matter, > 10 um|air|urban air close to ground",1432
North America,Marginally acceptable conformity,"Particulate Matter, > 2.5 um and < 10um|air|low population density, long-term",1433
North America,Nonconformity,"Particulate Matter, > 2.5 um and < 10um|air|non-urban air or from high stacks",1434
North America,Acceptable conformity,"Particulate Matter, > 2.5 um and < 10um|air|unspecified",1435
North America,Marginally acceptable conformity,"Particulate Matter, > 2.5 um and < 10um|air|urban air close to ground",1436
North America,Nonconformity,Peat|natural resource|biotic,1437
North America,Nonconformity,Pendimethalin|air|non-urban air or from high stacks,1438
North America,Nonconformity,Pendimethalin|soil|agricultural,1439
North America,Nonconformity,Pentachlorobenzene|air|non-urban air or from high stacks,1440
North America,Nonconformity,Pentachlorobenzene|air|unspecified,1441
North America,Marginally acceptable conformity,Pentachlorobenzene|air|urban air close to ground,1442
North America,Nonconformity,Pentachlorobenzene|water|unspecified,1443
North America,Nonconformity,Pentachlorophenol|air|non-urban air or from high stacks,1444
North America,Marginally acceptable conformity,Pentachlorophenol|air|unspecified,1445
North America,Marginally acceptable conformity,Pentachlorophenol|air|urban air close to ground,1446
North America,Nonconformity,Pentachlorophenol|soil|unspecified,1447
North America,Acceptable conformity,Pentafluoroethane|air|non-urban air or from high stacks,1448
North America,Acceptable conformity,Pentane|air|non-urban air or from high stacks,1449
North America,Acceptable conformity,Pentane|air|unspecified,1450
North America,Nonconformity,Pentane|air|urban air close to ground,1451
North America,Nonconformity,Peracetic acid|water|unspecified,1452
North America,Nonconformity,Perlite|natural resource|in ground,1453
North America,Nonconformity,Permethrin|soil|agricultural,1454
North America,Marginally acceptable conformity,"Pesticides, unspecified|soil|agricultural",1455
North America,Nonconformity,"Pesticides, unspecified|soil|forestry",1456
North America,Nonconformity,"Pesticides, unspecified|water|ground-",1457
North America,Marginally acceptable conformity,"Pesticides, unspecified|water|unspecified",1458
North America,Nonconformity,Phenanthrene|air|non-urban air or from high stacks,1459
North America,Nonconformity,Phenanthrene|air|unspecified,1460
North America,Nonconformity,Phenanthrene|water|surface water,1461
North America,Nonconformity,Phenmedipham|soil|agricultural,1462
North America,Nonconformity,Phenol|air|non-urban air or from high stacks,1463
North America,Nonconformity,Phenol|air|unspecified,1464
North America,Acceptable conformity,Phenol|air|urban air close to ground,1465
North America,Acceptable conformity,Phenol|water|ocean,1466
North America,Marginally acceptable conformity,Phenol|water|surface water,1467
North America,Acceptable conformity,Phenol|water|unspecified,1468
North America,Acceptable conformity,Phenyltin|water|ocean,1469
North America,Nonconformity,Phorate|soil|agricultural,1470
North America,Nonconformity,Phosmet|soil|agricultural,1471
North America,Nonconformity,Phosphate|water|ground-,1472
North America,Marginally acceptable conformity,"Phosphate|water|ground-, long-term",1473
North America,Acceptable conformity,Phosphate|water|ocean,1474
North America,Nonconformity,Phosphate|water|surface water,1475
North America,Nonconformity,Phosphate|water|unspecified,1476
North America,Marginally acceptable conformity,Phosphine|air|urban air close to ground,1477
North America,Nonconformity,Phosphoric acid|air|non-urban air or from high stacks,1478
North America,Acceptable conformity,Phosphoric acid|air|urban air close to ground,1479
North America,Nonconformity,Phosphorous acid|soil|agricultural,1480
North America,Acceptable conformity,"Phosphorus|air|low population density, long-term",1484
North America,Acceptable conformity,Phosphorus|air|non-urban air or from high stacks,1485
North America,Nonconformity,Phosphorus|air|unspecified,1486
North America,Marginally acceptable conformity,Phosphorus|air|urban air close to ground,1487
North America,Nonconformity,Phosphorus|natural resource|in ground,1488
North America,Nonconformity,Phosphorus|soil|agricultural,1489
North America,Marginally acceptable conformity,Phosphorus|soil|industrial,1490
North America,Acceptable conformity,Phosphorus|soil|unspecified,1491
North America,Nonconformity,Phosphorus|water|ground-,1492
North America,Marginally acceptable conformity,Phosphorus|water|ocean,1493
North America,Nonconformity,Phosphorus|water|surface water,1494
North America,Nonconformity,Phosphorus|water|unspecified,1495
North America,Nonconformity,Phosphorus oxychloride|water|unspecified,1481
North America,Acceptable conformity,Phosphorus trichloride|air|unspecified,1482
North America,Marginally acceptable conformity,Phosphorus trichloride|air|urban air close to ground,1483
North America,Nonconformity,Picloram|soil|agricultural,1496
North America,Marginally acceptable conformity,Picoxystrobin|soil|agricultural,1497
North America,Nonconformity,Picoxystrobin|soil|forestry,1498
North America,Nonconformity,Piperonyl butoxide|soil|agricultural,1499
North America,Nonconformity,Pirimicarb|soil|agricultural,1500
North America,Nonconformity,Platinum|air|non-urban air or from high stacks,1501
North America,Nonconformity,Platinum|air|unspecified,1502
North America,Acceptable conformity,Platinum|air|urban air close to ground,1503
North America,Marginally acceptable conformity,Platinum|natural resource|in ground,1504
North America,Nonconformity,Plutonium-238|air|non-urban air or from high stacks,1505
North America,Marginally acceptable conformity,Plutonium-alpha|air|non-urban air or from high stacks,1506
North America,Nonconformity,Polonium-210|air|non-urban air or from high stacks,1507
North America,Marginally acceptable conformity,Polonium-210|air|unspecified,1508
North America,Nonconformity,Polonium-210|air|urban air close to ground,1509
North America,Acceptable conformity,Polonium-210|water|ground-,1510
North America,Marginally acceptable conformity,Polonium-210|water|ocean,1511
North America,Nonconformity,Polonium-210|water|surface water,1512
North America,Nonconformity,Polychlorinated biphenyls|air|non-urban air or from high stacks,1513
North America,Nonconformity,Polychlorinated biphenyls|air|unspecified,1514
North America,Nonconformity,Polychlorinated biphenyls|air|urban air close to ground,1515
North America,Nonconformity,Polychlorinated biphenyls|water|unspecified,1516
North America,Nonconformity,Potassium|natural resource|in ground,1535
North America,Marginally acceptable conformity,"Potassium I|air|low population density, long-term",1523
North America,Marginally acceptable conformity,Potassium I|air|non-urban air or from high stacks,1524
North America,Nonconformity,Potassium I|air|unspecified,1525
North America,Nonconformity,Potassium I|air|urban air close to ground,1526
North America,Nonconformity,Potassium I|soil|agricultural,1527
North America,Nonconformity,Potassium I|soil|industrial,1528
North America,Nonconformity,Potassium I|soil|unspecified,1529
North America,Nonconformity,Potassium I|water|ground-,1530
North America,Nonconformity,"Potassium I|water|ground-, long-term",1531
North America,Marginally acceptable conformity,Potassium I|water|ocean,1532
North America,Nonconformity,Potassium I|water|surface water,1533
North America,Nonconformity,Potassium I|water|unspecified,1534
North America,Marginally acceptable conformity,Potassium-40|air|non-urban air or from high stacks,1517
North America,Marginally acceptable conformity,Potassium-40|air|unspecified,1518
North America,Nonconformity,Potassium-40|air|urban air close to ground,1519
North America,Marginally acceptable conformity,Potassium-40|water|ground-,1520
North America,Acceptable conformity,Potassium-40|water|ocean,1521
North America,Marginally acceptable conformity,Potassium-40|water|surface water,1522
North America,Nonconformity,Praseodymium|natural resource|in ground,1536
North America,Nonconformity,Prochloraz|soil|agricultural,1537
North America,Nonconformity,Procymidone|soil|agricultural,1538
North America,Nonconformity,Profenofos|soil|agricultural,1539
North America,Nonconformity,Prohexadione calcium|soil|agricultural,1540
North America,Nonconformity,Propamocarb|soil|agricultural,1542
North America,Nonconformity,Propamocarb HCl|soil|agricultural,1541
North America,Marginally acceptable conformity,Propanal|air|non-urban air or from high stacks,1543
North America,Marginally acceptable conformity,Propanal|air|unspecified,1544
North America,Acceptable conformity,Propanal|air|urban air close to ground,1545
North America,Acceptable conformity,Propanal|water|surface water,1546
North America,Marginally acceptable conformity,Propane|air|non-urban air or from high stacks,1547
North America,Marginally acceptable conformity,Propane|air|unspecified,1548
North America,Acceptable conformity,Propane|air|urban air close to ground,1549
North America,Acceptable conformity,Propanol|air|non-urban air or from high stacks,1550
North America,Marginally acceptable conformity,Propanol|air|urban air close to ground,1551
North America,Marginally acceptable conformity,Propanol|water|surface water,1552
North America,Nonconformity,Propargite|soil|agricultural,1553
North America,Nonconformity,Propiconazole|air|non-urban air or from high stacks,1554
North America,Nonconformity,Propiconazole|soil|agricultural,1555
North America,Nonconformity,Propiconazole|soil|forestry,1556
North America,Nonconformity,Propiconazole|water|ground-,1557
North America,Nonconformity,Propiconazole|water|surface water,1558
North America,Nonconformity,Propiconazole|water|unspecified,1559
North America,Acceptable conformity,Propionic acid|air|non-urban air or from high stacks,1560
North America,Marginally acceptable conformity,Propionic acid|air|unspecified,1561
North America,Marginally acceptable conformity,Propionic acid|air|urban air close to ground,1562
North America,Nonconformity,Propionic acid|water|surface water,1563
North America,Nonconformity,Propoxycarbazone-sodium (prop)|soil|agricultural,1564
North America,Marginally acceptable conformity,Propyl amine|air|urban air close to ground,1565
North America,Marginally acceptable conformity,Propyl amine|water|surface water,1566
North America,Nonconformity,Propylene|air|non-urban air or from high stacks,1570
North America,Nonconformity,Propylene|air|unspecified,1571
North America,Nonconformity,Propylene|air|urban air close to ground,1572
North America,Nonconformity,Propylene|water|surface water,1573
North America,Marginally acceptable conformity,Propylene oxide|air|unspecified,1567
North America,Acceptable conformity,Propylene oxide|air|urban air close to ground,1568
North America,Acceptable conformity,Propylene oxide|water|surface water,1569
North America,Nonconformity,Prosulfuron|soil|agricultural,1574
North America,Nonconformity,Protactinium-234|air|non-urban air or from high stacks,1575
North America,Nonconformity,Protactinium-234|water|surface water,1576
North America,Nonconformity,Prothioconazole|air|non-urban air or from high stacks,1577
North America,Nonconformity,Prothioconazole|soil|agricultural,1578
North America,Nonconformity,Prothioconazole|soil|forestry,1579
North America,Nonconformity,Prothioconazole|water|ground-,1580
North America,Nonconformity,Prothioconazole|water|surface water,1581
North America,Nonconformity,Prothioconazole|water|unspecified,1582
North America,Nonconformity,Pydiflumetofen|soil|agricultural,1583
North America,Nonconformity,Pymetrozine|soil|agricultural,1584
North America,Nonconformity,Pyraclostrobin|air|non-urban air or from high stacks,1585
North America,Nonconformity,Pyraclostrobin|soil|agricultural,1586
North America,Nonconformity,Pyraclostrobin|soil|forestry,1587
North America,Nonconformity,Pyraclostrobin|water|ground-,1588
North America,Marginally acceptable conformity,Pyraclostrobin|water|surface water,1589
North America,Nonconformity,Pyraclostrobin|water|unspecified,1590
North America,Nonconformity,Pyraflufen-ethyl|soil|agricultural,1591
North America,Nonconformity,Pyrene|air|non-urban air or from high stacks,1592
North America,Nonconformity,Pyrene|air|unspecified,1593
North America,Nonconformity,Pyrene|water|surface water,1594
North America,Nonconformity,Pyrethrum|soil|agricultural,1595
North America,Nonconformity,Pyrimethanil|soil|agricultural,1596
North America,Nonconformity,Pyriproxyfen|air|non-urban air or from high stacks,1597
North America,Nonconformity,Pyriproxyfen|soil|agricultural,1598
North America,Nonconformity,Pyriproxyfen|soil|forestry,1599
North America,Nonconformity,Pyriproxyfen|water|ground-,1600
North America,Nonconformity,Pyriproxyfen|water|unspecified,1601
North America,Marginally acceptable conformity,Pyroxasulfone|soil|agricultural,1602
North America,Nonconformity,Quinclorac|soil|agricultural,1603
North America,Acceptable conformity,Quinmerac|soil|agricultural,1604
North America,Nonconformity,Quinoxyfen|soil|agricultural,1605
North America,Nonconformity,Quintozene|soil|agricultural,1606
North America,Nonconformity,Quizalofop-P|soil|agricultural,1612
North America,Nonconformity,Quizalofop-ethyl|soil|agricultural,1607
North America,Marginally acceptable conformity,Quizalofop-p-ethyl|air|non-urban air or from high stacks,1608
North America,Acceptable conformity,Quizalofop-p-ethyl|soil|agricultural,1609
North America,Acceptable conformity,Quizalofop-p-ethyl|soil|forestry,1610
North America,Nonconformity,Quizalofop-p-ethyl|water|unspecified,1611
North America,Marginally acceptable conformity,"Radioactive species, Nuclides, unspecified|water|ocean",1614
North America,Nonconformity,"Radioactive species, Nuclides, unspecified|water|surface water",1615
North America,Nonconformity,"Radioactive species, alpha emitters|water|surface water",1613
North America,Nonconformity,"Radioactive species, other beta emitters|air|non-urban air or from high stacks",1616
North America,Acceptable conformity,"Radioactive species, other beta emitters|air|unspecified",1617
North America,Nonconformity,"Radioactive species, other beta emitters|air|urban air close to ground",1618
North America,Marginally acceptable conformity,Radium-224|water|ocean,1619
North America,Marginally acceptable conformity,Radium-224|water|surface water,1620
North America,Acceptable conformity,Radium-226|air|non-urban air or from high stacks,1621
North America,Marginally acceptable conformity,Radium-226|air|unspecified,1622
North America,Nonconformity,Radium-226|air|urban air close to ground,1623
North America,Acceptable conformity,Radium-226|water|ground-,1624
North America,Marginally acceptable conformity,Radium-226|water|ocean,1625
North America,Marginally acceptable conformity,Radium-226|water|surface water,1626
North America,Nonconformity,Radium-226|water|unspecified,1627
North America,Acceptable conformity,Radium-228|air|non-urban air or from high stacks,1628
North America,Nonconformity,Radium-228|air|unspecified,1629
North America,Nonconformity,Radium-228|air|urban air close to ground,1630
North America,Marginally acceptable conformity,Radium-228|water|ocean,1631
North America,Nonconformity,Radium-228|water|surface water,1632
North America,Acceptable conformity,Radon-220|air|non-urban air or from high stacks,1633
North America,Marginally acceptable conformity,Radon-220|air|unspecified,1634
North America,Nonconformity,Radon-220|air|urban air close to ground,1635
North America,Nonconformity,"Radon-222|air|low population density, long-term",1636
North America,Acceptable conformity,Radon-222|air|non-urban air or from high stacks,1637
North America,Nonconformity,Radon-222|air|unspecified,1638
North America,Acceptable conformity,Radon-222|air|urban air close to ground,1639
North America,Nonconformity,Rhenium|natural resource|in ground,1640
North America,Marginally acceptable conformity,Rhodium|natural resource|in ground,1642
North America,Nonconformity,Rhodium III|air|unspecified,1641
North America,Nonconformity,Rimsulfuron|soil|agricultural,1643
North America,Marginally acceptable conformity,Rubidium|water|ocean,1644
North America,Nonconformity,Rubidium|water|surface water,1645
North America,Acceptable conformity,Ruthenium-103|air|non-urban air or from high stacks,1646
North America,Acceptable conformity,Ruthenium-103|water|surface water,1647
North America,Acceptable conformity,S-Metolachlor|soil|agricultural,1648
North America,Nonconformity,Saflufenacil|soil|agricultural,1649
North America,Nonconformity,Samarium|natural resource|in ground,1650
North America,Nonconformity,"Sand, unspecified|natural resource|in ground",1651
North America,Nonconformity,"Scandium|air|low population density, long-term",1652
North America,Nonconformity,Scandium|air|non-urban air or from high stacks,1653
North America,Nonconformity,Scandium|air|unspecified,1654
North America,Nonconformity,Scandium|air|urban air close to ground,1655
North America,Nonconformity,Scandium|natural resource|in ground,1656
North America,Nonconformity,Scandium|soil|agricultural,1657
North America,Nonconformity,Scandium|soil|industrial,1658
North America,Nonconformity,Scandium|soil|unspecified,1659
North America,Nonconformity,Scandium|water|ground-,1660
North America,Nonconformity,"Scandium|water|ground-, long-term",1661
North America,Nonconformity,Scandium|water|surface water,1662
North America,Nonconformity,Selenium|natural resource|in ground,1675
North America,Nonconformity,"Selenium IV|air|low population density, long-term",1663
North America,Nonconformity,Selenium IV|air|lower stratosphere + upper troposphere,1664
North America,Marginally acceptable conformity,Selenium IV|air|non-urban air or from high stacks,1665
North America,Nonconformity,Selenium IV|air|unspecified,1666
North America,Nonconformity,Selenium IV|air|urban air close to ground,1667
North America,Nonconformity,Selenium IV|soil|agricultural,1668
North America,Marginally acceptable conformity,Selenium IV|soil|industrial,1669
North America,Acceptable conformity,Selenium IV|soil|unspecified,1670
North America,Marginally acceptable conformity,Selenium IV|water|ground-,1671
North America,Acceptable conformity,"Selenium IV|water|ground-, long-term",1672
North America,Nonconformity,Selenium IV|water|surface water,1673
North America,Marginally acceptable conformity,Selenium IV|water|unspecified,1674
North America,Nonconformity,Sethoxydim|soil|agricultural,1676
North America,Nonconformity,Shale|natural resource|in ground,1677
North America,Nonconformity,"Silicon|air|low population density, long-term",1679
North America,Nonconformity,Silicon|air|non-urban air or from high stacks,1680
North America,Acceptable conformity,Silicon|air|unspecified,1681
North America,Nonconformity,Silicon|air|urban air close to ground,1682
North America,Nonconformity,Silicon|natural resource|in ground,1683
North America,Nonconformity,Silicon|soil|agricultural,1684
North America,Acceptable conformity,Silicon|soil|industrial,1685
North America,Marginally acceptable conformity,Silicon|soil|unspecified,1686
North America,Nonconformity,Silicon|water|ground-,1687
North America,Acceptable conformity,"Silicon|water|ground-, long-term",1688
North America,Marginally acceptable conformity,Silicon|water|ocean,1689
North America,Marginally acceptable conformity,Silicon|water|surface water,1690
North America,Acceptable conformity,Silicon tetrafluoride|air|non-urban air or from high stacks,1678
North America,Nonconformity,Silthiofam|soil|agricultural,1691
North America,Nonconformity,Silver|natural resource|in ground,1705
North America,Acceptable conformity,"Silver I|air|low population density, long-term",1694
North America,Nonconformity,Silver I|air|unspecified,1695
North America,Nonconformity,Silver I|air|urban air close to ground,1696
North America,Nonconformity,Silver I|soil|agricultural,1697
North America,Nonconformity,Silver I|soil|industrial,1698
North America,Nonconformity,Silver I|soil|unspecified,1699
North America,Nonconformity,Silver I|water|ground-,1700
North America,Nonconformity,"Silver I|water|ground-, long-term",1701
North America,Marginally acceptable conformity,Silver I|water|ocean,1702
North America,Nonconformity,Silver I|water|surface water,1703
North America,Marginally acceptable conformity,Silver I|water|unspecified,1704
North America,Acceptable conformity,Silver-110|air|non-urban air or from high stacks,1692
North America,Marginally acceptable conformity,Silver-110|water|surface water,1693
North America,Nonconformity,Simazine|air|non-urban air or from high stacks,1706
North America,Nonconformity,Simazine|soil|agricultural,1707
North America,Nonconformity,Simazine|soil|forestry,1708
North America,Nonconformity,Simazine|water|ground-,1709
North America,Nonconformity,Simazine|water|unspecified,1710
North America,Nonconformity,Sodium|natural resource|in ground,1734
North America,Acceptable conformity,"Sodium I|air|low population density, long-term",1718
North America,Nonconformity,Sodium I|air|non-urban air or from high stacks,1719
North America,Marginally acceptable conformity,Sodium I|air|unspecified,1720
North America,Acceptable conformity,Sodium I|air|urban air close to ground,1721
North America,Nonconformity,Sodium I|soil|agricultural,1722
North America,Acceptable conformity,Sodium I|soil|industrial,1723
North America,Marginally acceptable conformity,Sodium I|soil|unspecified,1724
North America,Nonconformity,Sodium I|water|ground-,1725
North America,Marginally acceptable conformity,"Sodium I|water|ground-, long-term",1726
North America,Acceptable conformity,Sodium I|water|ocean,1727
North America,Nonconformity,Sodium I|water|surface water,1728
North America,Nonconformity,Sodium I|water|unspecified,1729
North America,Nonconformity,Sodium chlorate|air|urban air close to ground,1712
North America,Nonconformity,Sodium chloride|natural resource|in ground,1713
North America,Nonconformity,Sodium dichromate|air|urban air close to ground,1714
North America,Nonconformity,Sodium formate|air|urban air close to ground,1715
North America,Nonconformity,Sodium formate|water|surface water,1716
North America,Acceptable conformity,Sodium hydroxide|air|urban air close to ground,1717
North America,Nonconformity,Sodium methoxide|water|unspecified,1730
North America,Acceptable conformity,Sodium nitrate|natural resource|in ground,1731
North America,Acceptable conformity,Sodium sulfate|natural resource|in ground,1732
North America,Acceptable conformity,Sodium tetrahydridoborate|air|urban air close to ground,1733
North America,Acceptable conformity,Sodium-24|water|surface water,1711
North America,Acceptable conformity,"Solids, inorganic|water|ground-",1735
North America,Acceptable conformity,"Solids, inorganic|water|ocean",1736
North America,Nonconformity,"Solids, inorganic|water|surface water",1737
North America,Nonconformity,"Solids, inorganic|water|unspecified",1738
North America,Nonconformity,Spinosad|soil|agricultural,1739
North America,Nonconformity,Spiromesifen|soil|agricultural,1740
North America,Nonconformity,Spirotetramat|soil|agricultural,1741
North America,Marginally acceptable conformity,Spiroxamine|soil|agricultural,1742
North America,Acceptable conformity,Spodumene|natural resource|in ground,1743
North America,Marginally acceptable conformity,Steatite|natural resource|in ground,1744
North America,Nonconformity,Strontium|natural resource|in ground,1759
North America,Nonconformity,"Strontium II|air|low population density, long-term",1748
North America,Acceptable conformity,Strontium II|air|non-urban air or from high stacks,1749
North America,Nonconformity,Strontium II|air|unspecified,1750
North America,Nonconformity,Strontium II|air|urban air close to ground,1751
North America,Nonconformity,Strontium II|soil|agricultural,1752
North America,Acceptable conformity,Strontium II|soil|industrial,1753
North America,Nonconformity,Strontium II|soil|unspecified,1754
North America,Acceptable conformity,Strontium II|water|ground-,1755
North America,Nonconformity,"Strontium II|water|ground-, long-term",1756
North America,Acceptable conformity,Strontium II|water|ocean,1757
North America,Acceptable conformity,Strontium II|water|surface water,1758
North America,Acceptable conformity,Strontium-89|water|surface water,1745
North America,Nonconformity,Strontium-90|water|ocean,1746
North America,Nonconformity,Strontium-90|water|surface water,1747
North America,Nonconformity,Styrene|air|non-urban air or from high stacks,1760
North America,Marginally acceptable conformity,Styrene|air|unspecified,1761
North America,Marginally acceptable conformity,Styrene|air|urban air close to ground,1762
North America,Nonconformity,Sulfadiazine|water|unspecified,1763
North America,Marginally acceptable conformity,"Sulfate|air|low population density, long-term",1764
North America,Nonconformity,Sulfate|air|non-urban air or from high stacks,1765
North America,Acceptable conformity,Sulfate|air|unspecified,1766
North America,Nonconformity,Sulfate|air|urban air close to ground,1767
North America,Marginally acceptable conformity,Sulfate|soil|unspecified,1768
North America,Nonconformity,Sulfate|water|ground-,1769
North America,Acceptable conformity,"Sulfate|water|ground-, long-term",1770
North America,Nonconformity,Sulfate|water|ocean,1771
North America,Marginally acceptable conformity,Sulfate|water|surface water,1772
North America,Nonconformity,Sulfate|water|unspecified,1773
North America,Nonconformity,Sulfentrazone|air|non-urban air or from high stacks,1774
North America,Nonconformity,Sulfentrazone|soil|agricultural,1775
North America,Nonconformity,Sulfentrazone|soil|forestry,1776
North America,Nonconformity,Sulfentrazone|water|ground-,1777
North America,Nonconformity,Sulfentrazone|water|unspecified,1778
North America,Acceptable conformity,Sulfide|water|ocean,1779
North America,Marginally acceptable conformity,Sulfide|water|surface water,1780
North America,Nonconformity,Sulfide|water|unspecified,1781
North America,Acceptable conformity,Sulfite|water|surface water,1782
North America,Nonconformity,Sulfite|water|unspecified,1783
North America,Nonconformity,Sulfosate|soil|agricultural,1784
North America,Nonconformity,Sulfosulfuron|soil|agricultural,1785
North America,Nonconformity,Sulfur|natural resource|in ground,1797
North America,Marginally acceptable conformity,Sulfur|soil|agricultural,1798
North America,Marginally acceptable conformity,Sulfur|soil|industrial,1799
North America,Marginally acceptable conformity,Sulfur|soil|unspecified,1800
North America,Acceptable conformity,Sulfur|water|ground-,1801
North America,Acceptable conformity,Sulfur|water|ocean,1802
North America,Marginally acceptable conformity,Sulfur|water|surface water,1803
North America,Nonconformity,Sulfur|water|unspecified,1804
North America,Nonconformity,Sulfur dichloride|air|unspecified,1786
North America,Nonconformity,Sulfur dichloride|water|unspecified,1787
North America,Nonconformity,Sulfur dioxide|air|lower stratosphere + upper troposphere,1788
North America,Marginally acceptable conformity,Sulfur dioxide|air|non-urban air or from high stacks,1789
North America,Nonconformity,Sulfur dioxide|air|unspecified,1790
North America,Nonconformity,Sulfur dioxide|air|urban air close to ground,1791
North America,Nonconformity,Sulfur hexafluoride|air|unspecified,1792
North America,Marginally acceptable conformity,Sulfur hexafluoride|air|urban air close to ground,1793
North America,Nonconformity,Sulfur oxides|air|unspecified,1794
North America,Nonconformity,Sulfur trioxide|air|unspecified,1795
North America,Nonconformity,Sulfur trioxide|air|urban air close to ground,1796
North America,Marginally acceptable conformity,Sulfuric acid|air|non-urban air or from high stacks,1805
North America,Nonconformity,Sulfuric acid|air|unspecified,1806
North America,Nonconformity,Sulfuric acid|air|urban air close to ground,1807
North America,Nonconformity,Sulfuric acid|soil|agricultural,1808
North America,Nonconformity,Sulfuric acid|water|surface water,1809
North America,Nonconformity,"Suspended solids, unspecified|water|ocean",1810
North America,Acceptable conformity,"Suspended solids, unspecified|water|surface water",1811
North America,Nonconformity,"Suspended solids, unspecified|water|unspecified",1812
North America,Acceptable conformity,Sylvite|natural resource|in ground,1813
North America,Nonconformity,TCMTB|soil|agricultural,1823
North America,Acceptable conformity,"TOC, Total Organic Carbon|water|ground-",1946
North America,Acceptable conformity,"TOC, Total Organic Carbon|water|ground-, long-term",1947
North America,Nonconformity,"TOC, Total Organic Carbon|water|ocean",1948
North America,Nonconformity,"TOC, Total Organic Carbon|water|surface water",1949
North America,Nonconformity,"TOC, Total Organic Carbon|water|unspecified",1950
North America,Nonconformity,Talc|natural resource|in ground,1820
North America,Marginally acceptable conformity,Tantalum|natural resource|in ground,1821
North America,Acceptable conformity,Tebuconazole|air|non-urban air or from high stacks,1824
North America,Nonconformity,Tebuconazole|soil|forestry,1825
North America,Nonconformity,Tebuconazole|water|ground-,1826
North America,Nonconformity,Tebuconazole|water|surface water,1827
North America,Acceptable conformity,Tebuconazole|water|unspecified,1828
North America,Nonconformity,Tebutam|soil|agricultural,1829
North America,Nonconformity,Tebuthiuron|air|non-urban air or from high stacks,1830
North America,Nonconformity,Tebuthiuron|soil|agricultural,1831
North America,Nonconformity,Tebuthiuron|soil|forestry,1832
North America,Nonconformity,Tebuthiuron|water|ground-,1833
North America,Nonconformity,Tebuthiuron|water|unspecified,1834
North America,Acceptable conformity,Technetium-99m|water|surface water,1835
North America,Nonconformity,Teflubenzuron|air|non-urban air or from high stacks,1836
North America,Acceptable conformity,Teflubenzuron|soil|agricultural,1837
North America,Acceptable conformity,Teflubenzuron|soil|forestry,1838
North America,Nonconformity,Teflubenzuron|water|unspecified,1839
North America,Nonconformity,Tefluthrin|air|non-urban air or from high stacks,1840
North America,Nonconformity,Tefluthrin|water|ground-,1841
North America,Nonconformity,Tefluthrin|water|surface water,1842
North America,Nonconformity,Tellurium|air|unspecified,1845
North America,Acceptable conformity,Tellurium|natural resource|in ground,1846
North America,Acceptable conformity,Tellurium-123m|water|surface water,1843
North America,Acceptable conformity,Tellurium-132|water|surface water,1844
North America,Nonconformity,Tembotrione|soil|forestry,1847
North America,Acceptable conformity,Terbium|natural resource|in ground,1848
North America,Nonconformity,Terbufos|soil|agricultural,1849
North America,Nonconformity,Terbuthylazin|soil|agricultural,1850
North America,Acceptable conformity,Terpenes|air|non-urban air or from high stacks,1851
North America,Nonconformity,Tetrachloroethylene|air|non-urban air or from high stacks,1852
North America,Nonconformity,Tetrachloroethylene|air|unspecified,1853
North America,Nonconformity,Tetrachloroethylene|air|urban air close to ground,1854
North America,Nonconformity,Tetrachloroethylene|water|unspecified,1855
North America,Nonconformity,Tetraconazole|soil|agricultural,1856
North America,Nonconformity,Tetrafluoromethane|air|unspecified,1857
North America,Nonconformity,Tetrafluoromethane|air|urban air close to ground,1858
North America,Acceptable conformity,Tetramethyl ammonium hydroxide|air|urban air close to ground,1859
North America,Marginally acceptable conformity,"Thallium I|air|low population density, long-term",1860
North America,Nonconformity,Thallium I|air|non-urban air or from high stacks,1861
North America,Nonconformity,Thallium I|air|urban air close to ground,1862
North America,Nonconformity,Thallium I|soil|agricultural,1863
North America,Nonconformity,Thallium I|soil|industrial,1864
North America,Marginally acceptable conformity,Thallium I|soil|unspecified,1865
North America,Nonconformity,Thallium I|water|ground-,1866
North America,Nonconformity,"Thallium I|water|ground-, long-term",1867
North America,Marginally acceptable conformity,Thallium I|water|ocean,1868
North America,Nonconformity,Thallium I|water|surface water,1869
North America,Nonconformity,Thiabendazole|air|non-urban air or from high stacks,1870
North America,Nonconformity,Thiabendazole|soil|agricultural,1871
North America,Nonconformity,Thiabendazole|soil|forestry,1872
North America,Nonconformity,Thiabendazole|water|ground-,1873
North America,Nonconformity,Thiabendazole|water|unspecified,1874
North America,Nonconformity,Thiamethoxam|air|non-urban air or from high stacks,1875
North America,Nonconformity,Thiamethoxam|soil|agricultural,1876
North America,Nonconformity,Thiamethoxam|soil|forestry,1877
North America,Nonconformity,Thiamethoxam|water|ground-,1878
North America,Nonconformity,Thiamethoxam|water|unspecified,1879
North America,Nonconformity,Thiencarbazone-methyl|soil|agricultural,1880
North America,Marginally acceptable conformity,Thifensulfuron-methyl|soil|agricultural,1881
North America,Nonconformity,Thiobencarb|soil|agricultural,1882
North America,Nonconformity,Thiocyanate|water|ocean,1883
North America,Nonconformity,Thiodicarb|air|non-urban air or from high stacks,1884
North America,Nonconformity,Thiodicarb|soil|agricultural,1885
North America,Nonconformity,Thiodicarb|soil|forestry,1886
North America,Nonconformity,Thiodicarb|water|ground-,1887
North America,Acceptable conformity,Thiodicarb|water|unspecified,1888
North America,Nonconformity,Thionyl chloride|air|unspecified,1889
North America,Nonconformity,Thiophanate-methyl|air|non-urban air or from high stacks,1890
North America,Nonconformity,Thiophanate-methyl|soil|agricultural,1891
North America,Acceptable conformity,Thiophanate-methyl|soil|forestry,1892
North America,Nonconformity,Thiophanate-methyl|water|ground-,1893
North America,Marginally acceptable conformity,Thiophanate-methyl|water|unspecified,1894
North America,Nonconformity,Thiram|air|non-urban air or from high stacks,1895
North America,Nonconformity,Thiram|soil|agricultural,1896
North America,Nonconformity,Thiram|soil|forestry,1897
North America,Nonconformity,Thiram|water|ground-,1898
North America,Nonconformity,Thiram|water|unspecified,1899
North America,Nonconformity,Thorium|air|non-urban air or from high stacks,1916
North America,Nonconformity,Thorium|air|unspecified,1917
North America,Nonconformity,Thorium|air|urban air close to ground,1918
North America,Acceptable conformity,Thorium-228|air|non-urban air or from high stacks,1900
North America,Marginally acceptable conformity,Thorium-228|air|unspecified,1901
North America,Nonconformity,Thorium-228|air|urban air close to ground,1902
North America,Marginally acceptable conformity,Thorium-228|water|ground-,1903
North America,Marginally acceptable conformity,Thorium-228|water|ocean,1904
North America,Acceptable conformity,Thorium-228|water|surface water,1905
North America,Nonconformity,Thorium-230|air|non-urban air or from high stacks,1906
North America,Marginally acceptable conformity,Thorium-230|water|surface water,1907
North America,Nonconformity,Thorium-232|air|non-urban air or from high stacks,1908
North America,Marginally acceptable conformity,Thorium-232|air|unspecified,1909
North America,Nonconformity,Thorium-232|air|urban air close to ground,1910
North America,Acceptable conformity,Thorium-232|water|ocean,1911
North America,Nonconformity,Thorium-232|water|surface water,1912
North America,Nonconformity,Thorium-232|water|unspecified,1913
North America,Nonconformity,Thorium-234|air|non-urban air or from high stacks,1914
North America,Nonconformity,Thorium-234|water|surface water,1915
North America,Acceptable conformity,Thulium|natural resource|in ground,1919
North America,Nonconformity,Tin|natural resource|in ground,1932
North America,Marginally acceptable conformity,"Tin ion|air|low population density, long-term",1920
North America,Nonconformity,Tin ion|air|non-urban air or from high stacks,1921
North America,Marginally acceptable conformity,Tin ion|air|unspecified,1922
North America,Nonconformity,Tin ion|air|urban air close to ground,1923
North America,Nonconformity,Tin ion|soil|agricultural,1924
North America,Acceptable conformity,Tin ion|soil|industrial,1925
North America,Acceptable conformity,Tin ion|soil|unspecified,1926
North America,Marginally acceptable conformity,Tin ion|water|ground-,1927
North America,Nonconformity,"Tin ion|water|ground-, long-term",1928
North America,Acceptable conformity,Tin ion|water|ocean,1929
North America,Nonconformity,Tin ion|water|surface water,1930
North America,Marginally acceptable conformity,Tin ion|water|unspecified,1931
North America,Nonconformity,Titanium|natural resource|in ground,1945
North America,Nonconformity,"Titanium ion|air|low population density, long-term",1933
North America,Nonconformity,Titanium ion|air|non-urban air or from high stacks,1934
North America,Nonconformity,Titanium ion|air|unspecified,1935
North America,Nonconformity,Titanium ion|air|urban air close to ground,1936
North America,Nonconformity,Titanium ion|soil|agricultural,1937
North America,Nonconformity,Titanium ion|soil|industrial,1938
North America,Marginally acceptable conformity,Titanium ion|soil|unspecified,1939
North America,Close conformity,Titanium ion|water|ground-,1940
North America,Nonconformity,"Titanium ion|water|ground-, long-term",1941
North America,Marginally acceptable conformity,Titanium ion|water|ocean,1942
North America,Nonconformity,Titanium ion|water|surface water,1943
North America,Nonconformity,Titanium ion|water|unspecified,1944
North America,Marginally acceptable conformity,Toluene|air|non-urban air or from high stacks,1951
North America,Acceptable conformity,Toluene|air|unspecified,1952
North America,Acceptable conformity,Toluene|air|urban air close to ground,1953
North America,Acceptable conformity,Toluene|water|ocean,1954
North America,Acceptable conformity,Toluene|water|surface water,1955
North America,Nonconformity,Toluene|water|unspecified,1956
North America,Nonconformity,Topramezone|soil|agricultural,1957
North America,Nonconformity,Tralkoxydim|soil|agricultural,1958
North America,Marginally acceptable conformity,"Transformation, from annual crop|natural resource|land",1964
North America,Nonconformity,"Transformation, from annual crop, irrigated|natural resource|land",1960
North America,Nonconformity,"Transformation, from annual crop, irrigated, intensive|natural resource|land",1959
North America,Nonconformity,"Transformation, from annual crop, non-irrigated|natural resource|land",1963
North America,Acceptable conformity,"Transformation, from annual crop, non-irrigated, extensive|natural resource|land",1961
North America,Nonconformity,"Transformation, from annual crop, non-irrigated, intensive|natural resource|land",1962
North America,Acceptable conformity,"Transformation, from arable land, unspecified use|natural resource|land",1965
North America,Nonconformity,"Transformation, from cropland fallow (non-use)|natural resource|land",1966
North America,Nonconformity,"Transformation, from dump site|natural resource|land",1970
North America,Acceptable conformity,"Transformation, from dump site, inert material landfill|natural resource|land",1967
North America,Acceptable conformity,"Transformation, from dump site, residual material landfill|natural resource|land",1968
North America,Acceptable conformity,"Transformation, from dump site, sanitary landfill|natural resource|land",1969
North America,Acceptable conformity,"Transformation, from forest, extensive|natural resource|land",1971
North America,Nonconformity,"Transformation, from forest, intensive|natural resource|land",1972
North America,Marginally acceptable conformity,"Transformation, from forest, primary (non-use)|natural resource|land",1973
North America,Marginally acceptable conformity,"Transformation, from forest, secondary (non-use)|natural resource|land",1974
North America,Marginally acceptable conformity,"Transformation, from forest, unspecified|natural resource|land",1975
North America,Nonconformity,"Transformation, from grassland, natural (non-use)|natural resource|land",1976
North America,Marginally acceptable conformity,"Transformation, from grassland, natural, for livestock grazing|natural resource|land",1977
North America,Nonconformity,"Transformation, from heterogeneous, agricultural|natural resource|land",1978
North America,Marginally acceptable conformity,"Transformation, from industrial area|natural resource|land",1979
North America,Nonconformity,"Transformation, from mineral extraction site|natural resource|land",1980
North America,Nonconformity,"Transformation, from pasture, man made|natural resource|land",1983
North America,Acceptable conformity,"Transformation, from pasture, man made, extensive|natural resource|land",1981
North America,Acceptable conformity,"Transformation, from pasture, man made, intensive|natural resource|land",1982
North America,Acceptable conformity,"Transformation, from permanent crop|natural resource|land",1987
North America,Nonconformity,"Transformation, from permanent crop, irrigated|natural resource|land",1985
North America,Nonconformity,"Transformation, from permanent crop, irrigated, intensive|natural resource|land",1984
North America,Nonconformity,"Transformation, from permanent crop, non-irrigated|natural resource|land",1986
North America,Acceptable conformity,"Transformation, from river, natural (non-use)|natural resource|land",1988
North America,Nonconformity,"Transformation, from seabed, infrastructure|natural resource|land",1989
North America,Acceptable conformity,"Transformation, from seabed, unspecified|natural resource|land",1990
North America,Acceptable conformity,"Transformation, from shrub land, sclerophyllous|natural resource|land",1991
North America,Nonconformity,"Transformation, from traffic area, rail/road embankment|natural resource|land",1992
North America,Nonconformity,"Transformation, from traffic area, road network|natural resource|land",1993
North America,Nonconformity,"Transformation, from unspecified|natural resource|land",1995
North America,Nonconformity,"Transformation, from unspecified, natural (non-use)|natural resource|land",1994
North America,Nonconformity,"Transformation, from wetland, inland (non-use)|natural resource|land",1996
North America,Acceptable conformity,"Transformation, to annual crop|natural resource|land",2002
North America,Nonconformity,"Transformation, to annual crop, irrigated|natural resource|land",1998
North America,Nonconformity,"Transformation, to annual crop, irrigated, intensive|natural resource|land",1997
North America,Nonconformity,"Transformation, to annual crop, non-irrigated|natural resource|land",2001
North America,Acceptable conformity,"Transformation, to annual crop, non-irrigated, extensive|natural resource|land",1999
North America,Acceptable conformity,"Transformation, to annual crop, non-irrigated, intensive|natural resource|land",2000
North America,Acceptable conformity,"Transformation, to arable land, unspecified use|natural resource|land",2003
North America,Nonconformity,"Transformation, to cropland fallow (non-use)|natural resource|land",2004
North America,Nonconformity,"Transformation, to dump site|natural resource|land",2008
North America,Acceptable conformity,"Transformation, to dump site, inert material landfill|natural resource|land",2005
North America,Nonconformity,"Transformation, to dump site, residual material landfill|natural resource|land",2006
North America,Acceptable conformity,"Transformation, to dump site, sanitary landfill|natural resource|land",2007
North America,Nonconformity,"Transformation, to forest, extensive|natural resource|land",2009
North America,Nonconformity,"Transformation, to forest, intensive|natural resource|land",2010
North America,Acceptable conformity,"Transformation, to forest, secondary (non-use)|natural resource|land",2011
North America,Nonconformity,"Transformation, to forest, unspecified|natural resource|land",2012
North America,Acceptable conformity,"Transformation, to grassland, natural (non-use)|natural resource|land",2013
North America,Acceptable conformity,"Transformation, to grassland, natural, for livestock grazing|natural resource|land",2014
North America,Acceptable conformity,"Transformation, to heterogeneous, agricultural|natural resource|land",2015
North America,Nonconformity,"Transformation, to industrial area|natural resource|land",2016
North America,Nonconformity,"Transformation, to inland waterbody, unspecified|natural resource|land",2017
North America,Acceptable conformity,"Transformation, to lake, artificial|natural resource|land",2018
North America,Marginally acceptable conformity,"Transformation, to mineral extraction site|natural resource|land",2019
North America,Nonconformity,"Transformation, to pasture, man made|natural resource|land",2022
North America,Acceptable conformity,"Transformation, to pasture, man made, extensive|natural resource|land",2020
North America,Acceptable conformity,"Transformation, to pasture, man made, intensive|natural resource|land",2021
North America,Nonconformity,"Transformation, to permanent crop|natural resource|land",2026
North America,Nonconformity,"Transformation, to permanent crop, irrigated|natural resource|land",2024
North America,Nonconformity,"Transformation, to permanent crop, irrigated, intensive|natural resource|land",2023
North America,Nonconformity,"Transformation, to permanent crop, non-irrigated|natural resource|land",2025
North America,Marginally acceptable conformity,"Transformation, to river, artificial|natural resource|land",2027
North America,Acceptable conformity,"Transformation, to seabed, drilling and mining|natural resource|land",2028
North America,Marginally acceptable conformity,"Transformation, to seabed, infrastructure|natural resource|land",2029
North America,Nonconformity,"Transformation, to seabed, unspecified|natural resource|land",2030
North America,Marginally acceptable conformity,"Transformation, to traffic area, rail network|natural resource|land",2031
North America,Acceptable conformity,"Transformation, to traffic area, rail/road embankment|natural resource|land",2032
North America,Marginally acceptable conformity,"Transformation, to traffic area, road network|natural resource|land",2033
North America,Nonconformity,"Transformation, to unspecified|natural resource|land",2035
North America,Nonconformity,"Transformation, to unspecified, natural (non-use)|natural resource|land",2034
North America,Nonconformity,"Transformation, to urban, discontinuously built|natural resource|land",2036
North America,Acceptable conformity,"Transformation, to wetland, inland (non-use)|natural resource|land",2037
North America,Nonconformity,Triadimenol|soil|agricultural,2038
North America,Nonconformity,Triallate|soil|agricultural,2039
North America,Nonconformity,Triasulfuron|soil|agricultural,2040
North America,Nonconformity,Tribenuron|soil|agricultural,2042
North America,Nonconformity,Tribenuron-methyl|soil|agricultural,2041
North America,Acceptable conformity,Tributyltin compounds|water|ocean,2043
North America,Marginally acceptable conformity,Tributyltin compounds|water|unspecified,2044
North America,Nonconformity,Trichlorfon|soil|agricultural,2045
North America,Nonconformity,Trichloroethylene|air|unspecified,2046
North America,Nonconformity,Trichlorofluoromethane|air|urban air close to ground,2047
North America,Nonconformity,Triclopyr|soil|agricultural,2048
North America,Nonconformity,Triethylene glycol|water|unspecified,2049
North America,Nonconformity,Trifloxystrobin|air|non-urban air or from high stacks,2050
North America,Nonconformity,Trifloxystrobin|soil|agricultural,2051
North America,Nonconformity,Trifloxystrobin|soil|forestry,2052
North America,Nonconformity,Trifloxystrobin|water|ground-,2053
North America,Nonconformity,Trifloxystrobin|water|surface water,2054
North America,Nonconformity,Trifloxystrobin|water|unspecified,2055
North America,Nonconformity,Triflumuron|air|non-urban air or from high stacks,2056
North America,Nonconformity,Triflumuron|soil|agricultural,2057
North America,Nonconformity,Triflumuron|soil|forestry,2058
North America,Nonconformity,Triflumuron|water|ground-,2059
North America,Nonconformity,Triflumuron|water|unspecified,2060
North America,Marginally acceptable conformity,Trifluoromethane|air|non-urban air or from high stacks,2061
North America,Nonconformity,Trifluoromethane|air|urban air close to ground,2062
North America,Nonconformity,Trifluralin|air|non-urban air or from high stacks,2063
North America,Nonconformity,Trifluralin|soil|agricultural,2064
North America,Marginally acceptable conformity,Trimethyl borate|air|urban air close to ground,2065
North America,Marginally acceptable conformity,Trimethylamine|air|urban air close to ground,2066
North America,Nonconformity,Trimethylamine|water|surface water,2067
North America,Acceptable conformity,Trimethylchlorosilane|air|urban air close to ground,2068
North America,Nonconformity,Trinexapac-ethyl|soil|agricultural,2069
North America,Acceptable conformity,Trioctyltin|water|ocean,2070
North America,Acceptable conformity,Triphenyltin|water|ocean,2071
North America,Acceptable conformity,Tritium|air|non-urban air or from high stacks,2072
North America,Nonconformity,Tritium|water|ocean,2073
North America,Acceptable conformity,Tritium|water|surface water,2074
North America,Marginally acceptable conformity,"Tungsten|air|low population density, long-term",2075
North America,Marginally acceptable conformity,Tungsten|air|non-urban air or from high stacks,2076
North America,Nonconformity,Tungsten|soil|agricultural,2077
North America,Nonconformity,Tungsten|soil|industrial,2078
North America,Nonconformity,Tungsten|water|ground-,2079
North America,Nonconformity,"Tungsten|water|ground-, long-term",2080
North America,Nonconformity,Tungsten|water|surface water,2081
North America,Marginally acceptable conformity,Ulexite|natural resource|in ground,2082
North America,Nonconformity,Uranium|air|non-urban air or from high stacks,2096
North America,Nonconformity,Uranium|air|unspecified,2097
North America,Nonconformity,Uranium|air|urban air close to ground,2098
North America,Nonconformity,Uranium|natural resource|in ground,2099
North America,Nonconformity,Uranium alpha|air|non-urban air or from high stacks,2094
North America,Marginally acceptable conformity,Uranium alpha|water|surface water,2095
North America,Nonconformity,Uranium-234|air|non-urban air or from high stacks,2083
North America,Acceptable conformity,Uranium-234|water|surface water,2084
North America,Nonconformity,Uranium-235|air|non-urban air or from high stacks,2085
North America,Marginally acceptable conformity,Uranium-235|water|surface water,2086
North America,Acceptable conformity,Uranium-238|air|non-urban air or from high stacks,2087
North America,Marginally acceptable conformity,Uranium-238|air|unspecified,2088
North America,Nonconformity,Uranium-238|air|urban air close to ground,2089
North America,Acceptable conformity,Uranium-238|water|ground-,2090
North America,Marginally acceptable conformity,Uranium-238|water|ocean,2091
North America,Acceptable conformity,Uranium-238|water|surface water,2092
North America,Nonconformity,Uranium-238|water|unspecified,2093
North America,Nonconformity,Urea|water|surface water,2100
North America,Nonconformity,Urea|water|unspecified,2101
North America,Nonconformity,"VOC, volatile organic compounds|air|unspecified",2120
North America,Nonconformity,"VOC, volatile organic compounds|water|ocean",2121
North America,Marginally acceptable conformity,"VOC, volatile organic compounds|water|surface water",2122
North America,Nonconformity,"VOC, volatile organic compounds|water|unspecified",2123
North America,Nonconformity,Vanadium|natural resource|in ground,2114
North America,Nonconformity,"Vanadium V|air|low population density, long-term",2102
North America,Acceptable conformity,Vanadium V|air|non-urban air or from high stacks,2103
North America,Marginally acceptable conformity,Vanadium V|air|unspecified,2104
North America,Acceptable conformity,Vanadium V|air|urban air close to ground,2105
North America,Acceptable conformity,Vanadium V|soil|agricultural,2106
North America,Marginally acceptable conformity,Vanadium V|soil|industrial,2107
North America,Marginally acceptable conformity,Vanadium V|soil|unspecified,2108
North America,Nonconformity,Vanadium V|water|ground-,2109
North America,Nonconformity,"Vanadium V|water|ground-, long-term",2110
North America,Acceptable conformity,Vanadium V|water|ocean,2111
North America,Nonconformity,Vanadium V|water|surface water,2112
North America,Marginally acceptable conformity,Vanadium V|water|unspecified,2113
North America,Nonconformity,Vinclozolin|soil|agricultural,2115
North America,Nonconformity,Vinyl chloride|air|unspecified,2116
North America,Marginally acceptable conformity,Vinyl chloride|air|urban air close to ground,2117
North America,Nonconformity,Vinyl chloride|water|surface water,2118
North America,Nonconformity,Vinyl chloride|water|unspecified,2119
North America,Marginally acceptable conformity,"Volume occupied, final repository for low-active radioactive waste|natural resource|in ground",2124
North America,Acceptable conformity,"Volume occupied, final repository for radioactive waste|natural resource|in ground",2125
North America,Acceptable conformity,"Volume occupied, reservoir|natural resource|in water",2126
North America,Acceptable conformity,"Volume occupied, underground deposit|natural resource|in ground",2127
North America,Nonconformity,"Waste mass, total, placed in landfill|inventory indicator|waste",2128
North America,Nonconformity,Water|air|lower stratosphere + upper troposphere,2140
North America,Acceptable conformity,Water|air|non-urban air or from high stacks,2141
North America,Nonconformity,Water|air|unspecified,2142
North America,Nonconformity,Water|air|urban air close to ground,2143
North America,Marginally acceptable conformity,Water|water|ground-,2144
North America,Marginally acceptable conformity,Water|water|ocean,2145
North America,Acceptable conformity,Water|water|unspecified,2146
North America,Nonconformity,"Water, cooling, unspecified natural origin|natural resource|in water",2129
North America,Marginally acceptable conformity,"Water, in air|natural resource|in air",2130
North America,Nonconformity,"Water, lake|natural resource|in water",2131
North America,Nonconformity,"Water, river|natural resource|in water",2132
North America,Marginally acceptable conformity,"Water, salt, ocean|natural resource|in water",2133
North America,Nonconformity,"Water, salt, sole|natural resource|in water",2134
North America,Acceptable conformity,"Water, turbine use, unspecified natural origin|natural resource|in water",2135
North America,Marginally acceptable conformity,"Water, unspecified natural origin|natural resource|fossil well",2136
North America,Nonconformity,"Water, unspecified natural origin|natural resource|in ground",2137
North America,Marginally acceptable conformity,"Water, unspecified natural origin|natural resource|in water",2138
North America,Marginally acceptable conformity,"Water, well, in ground|natural resource|in water",2139
North America,Marginally acceptable conformity,"Wood, hard, standing|natural resource|biotic",2147
North America,Nonconformity,"Wood, soft, standing|natural resource|biotic",2148
North America,Marginally acceptable conformity,"Wood, unspecified, standing|natural resource|biotic",2149
North America,Acceptable conformity,Xenon|natural resource|in air,2157
North America,Acceptable conformity,Xenon-131m|air|non-urban air or from high stacks,2150
North America,Marginally acceptable conformity,Xenon-133|air|non-urban air or from high stacks,2151
North America,Marginally acceptable conformity,Xenon-133m|air|non-urban air or from high stacks,2152
North America,Acceptable conformity,Xenon-135|air|non-urban air or from high stacks,2153
North America,Acceptable conformity,Xenon-135m|air|non-urban air or from high stacks,2154
North America,Acceptable conformity,Xenon-137|air|non-urban air or from high stacks,2155
North America,Acceptable conformity,Xenon-138|air|non-urban air or from high stacks,2156
North America,Acceptable conformity,"Xylenes, unspecified|air|non-urban air or from high stacks",2158
North America,Nonconformity,"Xylenes, unspecified|air|unspecified",2159
North America,Marginally acceptable conformity,"Xylenes, unspecified|air|urban air close to ground",2160
North America,Marginally acceptable conformity,"Xylenes, unspecified|water|ocean",2161
North America,Marginally acceptable conformity,"Xylenes, unspecified|water|surface water",2162
North America,Marginally acceptable conformity,"Xylenes, unspecified|water|unspecified",2163
North America,Nonconformity,Ytterbium|natural resource|in ground,2164
North America,Acceptable conformity,Yttrium|natural resource|in ground,2165
North America,Nonconformity,Zeta-cypermethrin|soil|agricultural,2166
North America,Marginally acceptable conformity,Zinc|natural resource|in ground,2182
North America,Acceptable conformity,"Zinc II|air|low population density, long-term",2169
North America,Nonconformity,Zinc II|air|lower stratosphere + upper troposphere,2170
North America,Marginally acceptable conformity,Zinc II|air|non-urban air or from high stacks,2171
North America,Marginally acceptable conformity,Zinc II|air|unspecified,2172
North America,Close conformity,Zinc II|air|urban air close to ground,2173
North America,Acceptable conformity,Zinc II|soil|agricultural,2174
North America,Nonconformity,Zinc II|soil|industrial,2175
North America,Marginally acceptable conformity,Zinc II|soil|unspecified,2176
North America,Marginally acceptable conformity,Zinc II|water|ground-,2177
North America,Nonconformity,"Zinc II|water|ground-, long-term",2178
North America,Nonconformity,Zinc II|water|ocean,2179
North America,Nonconformity,Zinc II|water|surface water,2180
North America,Nonconformity,Zinc II|water|unspecified,2181
North America,Nonconformity,Zinc-65|air|non-urban air or from high stacks,2167
North America,Marginally acceptable conformity,Zinc-65|water|surface water,2168
North America,Nonconformity,Zineb|soil|agricultural,2183
North America,Nonconformity,Zirconium|air|non-urban air or from high stacks,2186
North America,Nonconformity,Zirconium|natural resource|in ground,2187
North America,Acceptable conformity,Zirconium-95|air|non-urban air or from high stacks,2184
North America,Marginally acceptable conformity,Zirconium-95|water|surface water,2185
North America,Nonconformity,Zoxamide|soil|agricultural,2188
North America,Nonconformity,m-Xylene|air|non-urban air or from high stacks,1102
North America,Acceptable conformity,m-Xylene|air|unspecified,1103
North America,Acceptable conformity,m-Xylene|air|urban air close to ground,1104
North America,Acceptable conformity,m-Xylene|water|surface water,1105
North America,Nonconformity,o-Chlorotoluene|air|urban air close to ground,1342
North America,Nonconformity,o-Chlorotoluene|water|surface water,1343
North America,Nonconformity,o-Dichlorobenzene|air|urban air close to ground,1344
North America,Nonconformity,o-Dichlorobenzene|water|surface water,1345
North America,Marginally acceptable conformity,o-Nitrotoluene|air|urban air close to ground,1346
North America,Marginally acceptable conformity,o-Xylene|air|unspecified,1347
North America,Nonconformity,o-Xylene|air|urban air close to ground,1348
North America,Acceptable conformity,t-Butyl amine|air|urban air close to ground,1814
North America,Acceptable conformity,t-Butyl amine|water|surface water,1815
North America,Nonconformity,t-Butyl methyl ether|air|unspecified,1816
North America,Acceptable conformity,t-Butyl methyl ether|air|urban air close to ground,1817
North America,Nonconformity,t-Butyl methyl ether|water|surface water,1818
North America,Nonconformity,t-Butyl methyl ether|water|unspecified,1819
North America,Acceptable conformity,tau-Fluvalinate|soil|agricultural,1822
South America,Acceptable conformity,"1,1,1,2-Tetrafluoroethane|air|non-urban air or from high stacks",12
South America,Nonconformity,"1,1,1,2-Tetrafluoroethane|air|unspecified",13
South America,Acceptable conformity,"1,1,1,2-Tetrafluoroethane|air|urban air close to ground",14
South America,Acceptable conformity,"1,1,1-Trichloroethane|air|non-urban air or from high stacks",7
South America,Acceptable conformity,"1,1,1-Trichloroethane|air|unspecified",8
South America,Close conformity,"1,1,1-Trichloroethane|water|surface water",9
South America,Acceptable conformity,"1,1,1-Trichloroethane|water|unspecified",10
South America,Marginally acceptable conformity,"1,1,1-Trifluoroethane|air|non-urban air or from high stacks",11
South America,Acceptable conformity,"1,1,2-Trichloro-1,2,2-trifluoroethane|air|non-urban air or from high stacks",15
South America,Acceptable conformity,"1,1,2-Trichloro-1,2,2-trifluoroethane|air|unspecified",16
South America,Acceptable conformity,"1,1,2-Trichloro-1,2,2-trifluoroethane|air|urban air close to ground",17
South America,Nonconformity,"1,1-Difluoroethane|air|non-urban air or from high stacks",5
South America,Nonconformity,"1,1-Difluoroethane|air|urban air close to ground",6
South America,Marginally acceptable conformity,"1,3-Dichloropropene|soil|agricultural",18
South America,Marginally acceptable conformity,"1,4-Butanediol|air|urban air close to ground",19
South America,Marginally acceptable conformity,"1,4-Butanediol|water|surface water",20
South America,Acceptable conformity,1-Pentanol|air|urban air close to ground,1
South America,Acceptable conformity,1-Pentanol|water|surface water,2
South America,Acceptable conformity,1-Pentene|air|urban air close to ground,3
South America,Acceptable conformity,1-Pentene|water|surface water,4
South America,Acceptable conformity,"2,2,4-Trimethylpentane|air|unspecified",29
South America,Marginally acceptable conformity,"2,4-D|air|non-urban air or from high stacks",38
South America,Nonconformity,"2,4-D|soil|agricultural",39
South America,Marginally acceptable conformity,"2,4-D|soil|forestry",40
South America,Marginally acceptable conformity,"2,4-D|water|ground-",41
South America,Marginally acceptable conformity,"2,4-D|water|unspecified",42
South America,Acceptable conformity,"2,4-D dimethylamine salt|air|non-urban air or from high stacks",30
South America,Nonconformity,"2,4-D dimethylamine salt|soil|agricultural",31
South America,Acceptable conformity,"2,4-D dimethylamine salt|water|ground-",32
South America,Close conformity,"2,4-D dimethylamine salt|water|surface water",33
South America,Acceptable conformity,"2,4-D ester|air|non-urban air or from high stacks",34
South America,Acceptable conformity,"2,4-D ester|soil|agricultural",35
South America,Acceptable conformity,"2,4-D ester|water|ground-",36
South America,Acceptable conformity,"2,4-D ester|water|surface water",37
South America,Acceptable conformity,"2,4-DB|air|non-urban air or from high stacks",43
South America,Marginally acceptable conformity,"2,4-DB|soil|agricultural",44
South America,Nonconformity,"2,4-DB|water|ground-",45
South America,Nonconformity,"2,4-DB|water|surface water",46
South America,Acceptable conformity,"2,4-Dichlorophenol|air|unspecified",47
South America,Marginally acceptable conformity,"2,4-Dichlorophenol|air|urban air close to ground",48
South America,Acceptable conformity,2-Aminopropanol|air|urban air close to ground,21
South America,Acceptable conformity,2-Aminopropanol|water|surface water,22
South America,Acceptable conformity,"2-Chloro-1,1,1,2-tetrafluoroethane|air|unspecified",23
South America,Acceptable conformity,2-Chlorophenol|water|unspecified,24
South America,Acceptable conformity,2-Methyl-2-butanol|water|unspecified,25
South America,Acceptable conformity,2-Methyl-2-butene|air|urban air close to ground,26
South America,Acceptable conformity,2-Methyl-2-butene|water|unspecified,27
South America,Marginally acceptable conformity,2-Nitrobenzoic acid|air|urban air close to ground,28
South America,Marginally acceptable conformity,4-Methyl-2-pentanol|water|surface water,49
South America,Nonconformity,4-Methyl-2-pentanone|air|non-urban air or from high stacks,50
South America,Acceptable conformity,4-Methyl-2-pentanone|air|urban air close to ground,51
South America,Acceptable conformity,4-Methyl-2-pentanone|water|surface water,52
South America,Acceptable conformity,"AOX, Adsorbable Organic Halides|water|ocean",179
South America,Marginally acceptable conformity,"AOX, Adsorbable Organic Halides|water|surface water",180
South America,Acceptable conformity,"AOX, Adsorbable Organic Halides|water|unspecified",181
South America,Marginally acceptable conformity,Abamectin|air|non-urban air or from high stacks,53
South America,Marginally acceptable conformity,Abamectin|soil|agricultural,54
South America,Marginally acceptable conformity,Abamectin|soil|forestry,55
South America,Acceptable conformity,Abamectin|water|ground-,56
South America,Nonconformity,Abamectin|water|unspecified,57
South America,Nonconformity,Acenaphthene|air|non-urban air or from high stacks,58
South America,Acceptable conformity,Acenaphthene|air|unspecified,59
South America,Marginally acceptable conformity,Acenaphthene|water|ocean,60
South America,Marginally acceptable conformity,Acenaphthene|water|surface water,61
South America,Nonconformity,Acenaphthylene|air|non-urban air or from high stacks,62
South America,Nonconformity,Acenaphthylene|air|unspecified,63
South America,Marginally acceptable conformity,Acenaphthylene|water|ocean,64
South America,Nonconformity,Acenaphthylene|water|surface water,65
South America,Acceptable conformity,Acephate|air|non-urban air or from high stacks,66
South America,Marginally acceptable conformity,Acephate|soil|agricultural,67
South America,Acceptable conformity,Acephate|soil|forestry,68
South America,Nonconformity,Acephate|water|ground-,69
South America,Acceptable conformity,Acephate|water|unspecified,70
South America,Acceptable conformity,Acetaldehyde|air|non-urban air or from high stacks,71
South America,Acceptable conformity,Acetaldehyde|air|unspecified,72
South America,Marginally acceptable conformity,Acetaldehyde|air|urban air close to ground,73
South America,Nonconformity,Acetaldehyde|water|surface water,74
South America,Marginally acceptable conformity,Acetaldehyde|water|unspecified,75
South America,Nonconformity,Acetamiprid|air|non-urban air or from high stacks,76
South America,Marginally acceptable conformity,Acetamiprid|soil|agricultural,77
South America,Marginally acceptable conformity,Acetamiprid|soil|forestry,78
South America,Marginally acceptable conformity,Acetamiprid|water|ground-,79
South America,Acceptable conformity,Acetamiprid|water|unspecified,80
South America,Acceptable conformity,Acetic acid|air|non-urban air or from high stacks,81
South America,Acceptable conformity,Acetic acid|air|unspecified,82
South America,Nonconformity,Acetic acid|air|urban air close to ground,83
South America,Acceptable conformity,Acetic acid|water|surface water,84
South America,Acceptable conformity,Acetic acid|water|unspecified,85
South America,Nonconformity,Acetic anhydride|water|unspecified,86
South America,Marginally acceptable conformity,Acetochlor|soil|agricultural,87
South America,Marginally acceptable conformity,Acetone|air|non-urban air or from high stacks,88
South America,Nonconformity,Acetone|air|unspecified,89
South America,Acceptable conformity,Acetone|air|urban air close to ground,90
South America,Marginally acceptable conformity,Acetone|water|surface water,91
South America,Nonconformity,Acetone|water|unspecified,92
South America,Acceptable conformity,Acetonitrile|air|non-urban air or from high stacks,93
South America,Acceptable conformity,Acetonitrile|water|surface water,94
South America,Acceptable conformity,Acetyl chloride|water|surface water,95
South America,Marginally acceptable conformity,Acetylene|air|non-urban air or from high stacks,96
South America,Nonconformity,Acetylene|air|unspecified,97
South America,Acceptable conformity,Acetylene|air|urban air close to ground,98
South America,Marginally acceptable conformity,"Acidity, unspecified|water|surface water",99
South America,Nonconformity,Acifluorfen|soil|agricultural,100
South America,Acceptable conformity,Aclonifen|soil|agricultural,101
South America,Acceptable conformity,Acrinathrin|soil|agricultural,102
South America,Acceptable conformity,Acrolein|air|non-urban air or from high stacks,103
South America,Marginally acceptable conformity,Acrolein|air|unspecified,104
South America,Acceptable conformity,Acrolein|air|urban air close to ground,105
South America,Acceptable conformity,Acrylate|water|surface water,106
South America,Marginally acceptable conformity,Acrylic acid|air|urban air close to ground,107
South America,Marginally acceptable conformity,"Actinides, radioactive, unspecified|air|non-urban air or from high stacks",108
South America,Marginally acceptable conformity,"Actinides, radioactive, unspecified|water|ocean",109
South America,Acceptable conformity,"Aerosols, radioactive, unspecified|air|non-urban air or from high stacks",110
South America,Nonconformity,Alachlor|soil|agricultural,111
South America,Acceptable conformity,"Aldehydes, unspecified|air|non-urban air or from high stacks",112
South America,Nonconformity,"Aldehydes, unspecified|air|unspecified",113
South America,Marginally acceptable conformity,"Aldehydes, unspecified|air|urban air close to ground",114
South America,Marginally acceptable conformity,Aldicarb|soil|agricultural,115
South America,Acceptable conformity,Aldrin|soil|agricultural,116
South America,Marginally acceptable conformity,Alkylbenzene (c10-c15)|air|non-urban air or from high stacks,117
South America,Nonconformity,Alkylbenzene (c10-c15)|soil|agricultural,118
South America,Marginally acceptable conformity,Alkylbenzene (c10-c15)|soil|forestry,119
South America,Acceptable conformity,Allyl chloride|water|unspecified,120
South America,Acceptable conformity,Alpha-cypermethrin|air|non-urban air or from high stacks,121
South America,Acceptable conformity,Alpha-cypermethrin|soil|agricultural,122
South America,Marginally acceptable conformity,Alpha-cypermethrin|soil|forestry,123
South America,Acceptable conformity,Alpha-cypermethrin|water|unspecified,124
South America,Nonconformity,Aluminium|natural resource|in ground,138
South America,Acceptable conformity,"Aluminium III|air|low population density, long-term",126
South America,Nonconformity,Aluminium III|air|non-urban air or from high stacks,127
South America,Nonconformity,Aluminium III|air|unspecified,128
South America,Marginally acceptable conformity,Aluminium III|air|urban air close to ground,129
South America,Acceptable conformity,Aluminium III|soil|agricultural,130
South America,Nonconformity,Aluminium III|soil|industrial,131
South America,Marginally acceptable conformity,Aluminium III|soil|unspecified,132
South America,Marginally acceptable conformity,Aluminium III|water|ground-,133
South America,Acceptable conformity,"Aluminium III|water|ground-, long-term",134
South America,Acceptable conformity,Aluminium III|water|ocean,135
South America,Acceptable conformity,Aluminium III|water|surface water,136
South America,Nonconformity,Aluminium III|water|unspecified,137
South America,Nonconformity,Aluminium hydroxide|water|unspecified,125
South America,Marginally acceptable conformity,Ametryn|soil|agricultural,139
South America,Nonconformity,Amidosulfuron|soil|agricultural,140
South America,Marginally acceptable conformity,"Ammonia|air|low population density, long-term",141
South America,Nonconformity,Ammonia|air|non-urban air or from high stacks,142
South America,Acceptable conformity,Ammonia|air|unspecified,143
South America,Marginally acceptable conformity,Ammonia|air|urban air close to ground,144
South America,Nonconformity,Ammonia|soil|industrial,145
South America,Nonconformity,Ammonium|water|ground-,148
South America,Acceptable conformity,"Ammonium|water|ground-, long-term",149
South America,Acceptable conformity,Ammonium|water|ocean,150
South America,Acceptable conformity,Ammonium|water|surface water,151
South America,Marginally acceptable conformity,Ammonium|water|unspecified,152
South America,Marginally acceptable conformity,Ammonium carbonate|air|urban air close to ground,146
South America,Acceptable conformity,Ammonium sulfate|water|unspecified,147
South America,Nonconformity,Anhydrite|natural resource|in ground,153
South America,Acceptable conformity,Aniline|air|urban air close to ground,154
South America,Acceptable conformity,Aniline|water|surface water,155
South America,Acceptable conformity,Aniline|water|unspecified,156
South America,Nonconformity,Anthracene|air|non-urban air or from high stacks,157
South America,Acceptable conformity,Anthracene|air|unspecified,158
South America,Acceptable conformity,Anthracene|water|surface water,159
South America,Acceptable conformity,Anthranilic acid|air|urban air close to ground,160
South America,Acceptable conformity,Anthraquinone|soil|agricultural,161
South America,Nonconformity,"Antimony ion|air|low population density, long-term",167
South America,Acceptable conformity,Antimony ion|air|non-urban air or from high stacks,168
South America,Acceptable conformity,Antimony ion|air|unspecified,169
South America,Nonconformity,Antimony ion|air|urban air close to ground,170
South America,Nonconformity,Antimony ion|soil|agricultural,171
South America,Acceptable conformity,Antimony ion|soil|industrial,172
South America,Marginally acceptable conformity,Antimony ion|soil|unspecified,173
South America,Acceptable conformity,Antimony ion|water|ground-,174
South America,Nonconformity,"Antimony ion|water|ground-, long-term",175
South America,Acceptable conformity,Antimony ion|water|ocean,176
South America,Nonconformity,Antimony ion|water|surface water,177
South America,Marginally acceptable conformity,Antimony ion|water|unspecified,178
South America,Acceptable conformity,Antimony-122|water|surface water,162
South America,Marginally acceptable conformity,Antimony-124|air|non-urban air or from high stacks,163
South America,Marginally acceptable conformity,Antimony-124|water|surface water,164
South America,Acceptable conformity,Antimony-125|air|non-urban air or from high stacks,165
South America,Marginally acceptable conformity,Antimony-125|water|surface water,166
South America,Nonconformity,Argon|air|unspecified,183
South America,Acceptable conformity,Argon|natural resource|in air,184
South America,Acceptable conformity,Argon-41|air|non-urban air or from high stacks,182
South America,Marginally acceptable conformity,"Arsenic ion|air|low population density, long-term",185
South America,Marginally acceptable conformity,Arsenic ion|air|non-urban air or from high stacks,186
South America,Nonconformity,Arsenic ion|air|unspecified,187
South America,Marginally acceptable conformity,Arsenic ion|air|urban air close to ground,188
South America,Acceptable conformity,Arsenic ion|soil|agricultural,189
South America,Marginally acceptable conformity,Arsenic ion|soil|industrial,190
South America,Nonconformity,Arsenic ion|soil|unspecified,191
South America,Acceptable conformity,Arsenic ion|water|ground-,192
South America,Marginally acceptable conformity,"Arsenic ion|water|ground-, long-term",193
South America,Acceptable conformity,Arsenic ion|water|ocean,194
South America,Acceptable conformity,Arsenic ion|water|surface water,195
South America,Nonconformity,Arsenic ion|water|unspecified,196
South America,Acceptable conformity,Arsine|air|urban air close to ground,197
South America,Acceptable conformity,Asulam|soil|agricultural,198
South America,Nonconformity,Atrazine|air|non-urban air or from high stacks,199
South America,Acceptable conformity,Atrazine|soil|agricultural,200
South America,Marginally acceptable conformity,Atrazine|soil|forestry,201
South America,Nonconformity,Atrazine|water|ground-,202
South America,Marginally acceptable conformity,Atrazine|water|unspecified,203
South America,Marginally acceptable conformity,Azadirachtin|soil|agricultural,204
South America,Marginally acceptable conformity,Azinphos-methyl|soil|agricultural,205
South America,Acceptable conformity,Azoxystrobin|air|non-urban air or from high stacks,206
South America,Acceptable conformity,Azoxystrobin|soil|agricultural,207
South America,Acceptable conformity,Azoxystrobin|soil|forestry,208
South America,Nonconformity,Azoxystrobin|water|ground-,209
South America,Marginally acceptable conformity,Azoxystrobin|water|unspecified,210
South America,Nonconformity,"BOD5, Biological Oxygen Demand|water|ground-",289
South America,Nonconformity,"BOD5, Biological Oxygen Demand|water|ground-, long-term",290
South America,Acceptable conformity,"BOD5, Biological Oxygen Demand|water|ocean",291
South America,Nonconformity,"BOD5, Biological Oxygen Demand|water|surface water",292
South America,Nonconformity,"BOD5, Biological Oxygen Demand|water|unspecified",293
South America,Acceptable conformity,Barite|water|ocean,211
South America,Acceptable conformity,Barium|natural resource|in ground,226
South America,Marginally acceptable conformity,"Barium II|air|low population density, long-term",214
South America,Nonconformity,Barium II|air|non-urban air or from high stacks,215
South America,Marginally acceptable conformity,Barium II|air|unspecified,216
South America,Acceptable conformity,Barium II|air|urban air close to ground,217
South America,Nonconformity,Barium II|soil|agricultural,218
South America,Acceptable conformity,Barium II|soil|industrial,219
South America,Nonconformity,Barium II|soil|unspecified,220
South America,Acceptable conformity,Barium II|water|ground-,221
South America,Acceptable conformity,"Barium II|water|ground-, long-term",222
South America,Acceptable conformity,Barium II|water|ocean,223
South America,Marginally acceptable conformity,Barium II|water|surface water,224
South America,Marginally acceptable conformity,Barium II|water|unspecified,225
South America,Marginally acceptable conformity,Barium-140|air|non-urban air or from high stacks,212
South America,Marginally acceptable conformity,Barium-140|water|surface water,213
South America,Marginally acceptable conformity,Basalt|natural resource|in ground,227
South America,Marginally acceptable conformity,Benomyl|soil|agricultural,228
South America,Acceptable conformity,Bensulfuron methyl ester|soil|agricultural,229
South America,Acceptable conformity,Bentazone|air|non-urban air or from high stacks,230
South America,Acceptable conformity,Bentazone|soil|agricultural,231
South America,Acceptable conformity,Bentazone|water|ground-,232
South America,Acceptable conformity,Bentazone|water|surface water,233
South America,Nonconformity,Benz(a)anthracene|air|non-urban air or from high stacks,234
South America,Nonconformity,Benz(a)anthracene|air|unspecified,235
South America,Acceptable conformity,Benz(a)anthracene|water|surface water,236
South America,Nonconformity,Benzal chloride|air|urban air close to ground,237
South America,Marginally acceptable conformity,Benzaldehyde|air|non-urban air or from high stacks,238
South America,Marginally acceptable conformity,Benzaldehyde|air|unspecified,239
South America,Nonconformity,Benzaldehyde|air|urban air close to ground,240
South America,Marginally acceptable conformity,Benzene|air|non-urban air or from high stacks,241
South America,Nonconformity,Benzene|air|unspecified,242
South America,Acceptable conformity,Benzene|air|urban air close to ground,243
South America,Acceptable conformity,Benzene|water|ocean,244
South America,Nonconformity,Benzene|water|surface water,245
South America,Acceptable conformity,Benzene|water|unspecified,246
South America,Nonconformity,Benzo(a)pyrene|air|unspecified,247
South America,Acceptable conformity,Benzo(a)pyrene|air|urban air close to ground,248
South America,Marginally acceptable conformity,Benzo(a)pyrene|water|surface water,249
South America,Nonconformity,Benzo(b)fluoranthene|air|non-urban air or from high stacks,250
South America,Nonconformity,Benzo(b)fluoranthene|air|unspecified,251
South America,Acceptable conformity,Benzo(b)fluoranthene|water|surface water,252
South America,Nonconformity,Benzo(ghi)perylene|air|non-urban air or from high stacks,253
South America,Nonconformity,Benzo(ghi)perylene|air|unspecified,254
South America,Acceptable conformity,Benzo(ghi)perylene|water|surface water,255
South America,Nonconformity,Benzo(k)fluoranthene|air|non-urban air or from high stacks,256
South America,Nonconformity,Benzo(k)fluoranthene|air|unspecified,257
South America,Acceptable conformity,Benzo(k)fluoranthene|water|surface water,258
South America,Nonconformity,Benzovindiflupyr|soil|agricultural,259
South America,Acceptable conformity,Benzovindiflupyr|soil|forestry,260
South America,Nonconformity,Benzovindiflupyr|water|unspecified,261
South America,Marginally acceptable conformity,Benzyl alcohol|water|surface water,262
South America,Acceptable conformity,"Beryllium II|air|low population density, long-term",263
South America,Acceptable conformity,Beryllium II|air|non-urban air or from high stacks,264
South America,Nonconformity,Beryllium II|air|unspecified,265
South America,Acceptable conformity,Beryllium II|air|urban air close to ground,266
South America,Nonconformity,Beryllium II|soil|agricultural,267
South America,Acceptable conformity,Beryllium II|soil|industrial,268
South America,Acceptable conformity,Beryllium II|soil|unspecified,269
South America,Marginally acceptable conformity,Beryllium II|water|ground-,270
South America,Marginally acceptable conformity,"Beryllium II|water|ground-, long-term",271
South America,Acceptable conformity,Beryllium II|water|surface water,272
South America,Acceptable conformity,Beryllium II|water|unspecified,273
South America,Marginally acceptable conformity,Beta-cyfluthrin|air|non-urban air or from high stacks,274
South America,Marginally acceptable conformity,Beta-cyfluthrin|soil|agricultural,275
South America,Marginally acceptable conformity,Beta-cyfluthrin|soil|forestry,276
South America,Marginally acceptable conformity,Beta-cyfluthrin|water|ground-,277
South America,Marginally acceptable conformity,Beta-cyfluthrin|water|unspecified,278
South America,Marginally acceptable conformity,Bicarbonate|water|ocean,279
South America,Marginally acceptable conformity,Bicyclopyrone|soil|agricultural,280
South America,Acceptable conformity,Bifenazate|soil|agricultural,281
South America,Acceptable conformity,Bifenox|soil|agricultural,282
South America,Acceptable conformity,Bifenthrin|air|non-urban air or from high stacks,283
South America,Nonconformity,Bifenthrin|soil|agricultural,284
South America,Marginally acceptable conformity,Bifenthrin|soil|forestry,285
South America,Marginally acceptable conformity,Bifenthrin|water|ground-,286
South America,Nonconformity,Bifenthrin|water|unspecified,287
South America,Marginally acceptable conformity,Bitertanol|soil|agricultural,288
South America,Acceptable conformity,Borate|water|surface water,294
South America,Acceptable conformity,Borate|water|unspecified,295
South America,Acceptable conformity,Borax|natural resource|in ground,296
South America,Acceptable conformity,Boric acid|air|urban air close to ground,297
South America,Acceptable conformity,"Boron|air|low population density, long-term",299
South America,Acceptable conformity,Boron|air|non-urban air or from high stacks,300
South America,Close conformity,Boron|air|unspecified,301
South America,Acceptable conformity,Boron|air|urban air close to ground,302
South America,Acceptable conformity,Boron|natural resource|in ground,303
South America,Marginally acceptable conformity,Boron|soil|agricultural,304
South America,Nonconformity,Boron|soil|industrial,305
South America,Acceptable conformity,Boron|soil|unspecified,306
South America,Nonconformity,Boron|water|ground-,307
South America,Acceptable conformity,"Boron|water|ground-, long-term",308
South America,Acceptable conformity,Boron|water|ocean,309
South America,Marginally acceptable conformity,Boron|water|surface water,310
South America,Acceptable conformity,Boron|water|unspecified,311
South America,Acceptable conformity,Boron trifluoride|air|urban air close to ground,298
South America,Acceptable conformity,Boscalid|soil|agricultural,312
South America,Acceptable conformity,Bromate|water|surface water,313
South America,Acceptable conformity,Bromate|water|unspecified,314
South America,Marginally acceptable conformity,Bromide|water|surface water,315
South America,Marginally acceptable conformity,"Bromine|air|low population density, long-term",316
South America,Close conformity,Bromine|air|non-urban air or from high stacks,317
South America,Acceptable conformity,Bromine|air|unspecified,318
South America,Acceptable conformity,Bromine|air|urban air close to ground,319
South America,Marginally acceptable conformity,Bromine|natural resource|in water,320
South America,Marginally acceptable conformity,Bromine|soil|industrial,321
South America,Nonconformity,Bromine|soil|unspecified,322
South America,Acceptable conformity,Bromine|water|ground-,323
South America,Marginally acceptable conformity,"Bromine|water|ground-, long-term",324
South America,Acceptable conformity,Bromine|water|ocean,325
South America,Nonconformity,Bromine|water|surface water,326
South America,Acceptable conformity,Bromoxynil|air|non-urban air or from high stacks,327
South America,Acceptable conformity,Bromoxynil|water|ground-,328
South America,Marginally acceptable conformity,Bromoxynil|water|surface water,329
South America,Acceptable conformity,Bromuconazole|soil|agricultural,330
South America,Acceptable conformity,Buprofezin|soil|agricultural,331
South America,Nonconformity,Butadiene|air|non-urban air or from high stacks,332
South America,Acceptable conformity,Butadiene|air|unspecified,333
South America,Acceptable conformity,Butadiene|air|urban air close to ground,334
South America,Nonconformity,Butane|air|non-urban air or from high stacks,335
South America,Acceptable conformity,Butane|air|unspecified,336
South America,Acceptable conformity,Butane|air|urban air close to ground,337
South America,Acceptable conformity,Butanol|air|urban air close to ground,338
South America,Nonconformity,Butanol|water|surface water,339
South America,Acceptable conformity,Butene|air|unspecified,340
South America,Nonconformity,Butene|air|urban air close to ground,341
South America,Marginally acceptable conformity,Butene|water|surface water,342
South America,Marginally acceptable conformity,Butyl acetate|water|surface water,343
South America,Marginally acceptable conformity,Butyrolactone|water|unspecified,344
South America,Nonconformity,"COD, Chemical Oxygen Demand|water|ground-",567
South America,Acceptable conformity,"COD, Chemical Oxygen Demand|water|ground-, long-term",568
South America,Acceptable conformity,"COD, Chemical Oxygen Demand|water|ocean",569
South America,Acceptable conformity,"COD, Chemical Oxygen Demand|water|surface water",570
South America,Marginally acceptable conformity,"COD, Chemical Oxygen Demand|water|unspecified",571
South America,Marginally acceptable conformity,Cadmium|natural resource|in ground,358
South America,Marginally acceptable conformity,"Cadmium II|air|low population density, long-term",345
South America,Nonconformity,Cadmium II|air|lower stratosphere + upper troposphere,346
South America,Close conformity,Cadmium II|air|non-urban air or from high stacks,347
South America,Marginally acceptable conformity,Cadmium II|air|unspecified,348
South America,Nonconformity,Cadmium II|air|urban air close to ground,349
South America,Acceptable conformity,Cadmium II|soil|agricultural,350
South America,Nonconformity,Cadmium II|soil|forestry,351
South America,Nonconformity,Cadmium II|soil|industrial,352
South America,Nonconformity,Cadmium II|soil|unspecified,353
South America,Acceptable conformity,Cadmium II|water|ground-,354
South America,Marginally acceptable conformity,"Cadmium II|water|ground-, long-term",355
South America,Acceptable conformity,Cadmium II|water|ocean,356
South America,Acceptable conformity,Cadmium II|water|surface water,357
South America,Marginally acceptable conformity,Caesium I|water|ocean,365
South America,Acceptable conformity,Caesium I|water|surface water,366
South America,Marginally acceptable conformity,Caesium-134|air|non-urban air or from high stacks,359
South America,Acceptable conformity,Caesium-134|water|surface water,360
South America,Acceptable conformity,Caesium-136|water|surface water,361
South America,Marginally acceptable conformity,Caesium-137|air|non-urban air or from high stacks,362
South America,Nonconformity,Caesium-137|water|ocean,363
South America,Acceptable conformity,Caesium-137|water|surface water,364
South America,Nonconformity,Calcium|natural resource|in ground,379
South America,Nonconformity,"Calcium II|air|low population density, long-term",367
South America,Nonconformity,Calcium II|air|non-urban air or from high stacks,368
South America,Acceptable conformity,Calcium II|air|unspecified,369
South America,Acceptable conformity,Calcium II|air|urban air close to ground,370
South America,Acceptable conformity,Calcium II|soil|agricultural,371
South America,Nonconformity,Calcium II|soil|industrial,372
South America,Acceptable conformity,Calcium II|soil|unspecified,373
South America,Marginally acceptable conformity,Calcium II|water|ground-,374
South America,Acceptable conformity,"Calcium II|water|ground-, long-term",375
South America,Acceptable conformity,Calcium II|water|ocean,376
South America,Acceptable conformity,Calcium II|water|surface water,377
South America,Acceptable conformity,Calcium II|water|unspecified,378
South America,Acceptable conformity,Captan|soil|agricultural,380
South America,Nonconformity,Carbaryl|air|non-urban air or from high stacks,381
South America,Acceptable conformity,Carbaryl|soil|agricultural,382
South America,Nonconformity,Carbaryl|water|ground-,383
South America,Marginally acceptable conformity,Carbendazim|air|non-urban air or from high stacks,384
South America,Nonconformity,Carbendazim|soil|agricultural,385
South America,Marginally acceptable conformity,Carbendazim|soil|forestry,386
South America,Acceptable conformity,Carbendazim|water|ground-,387
South America,Nonconformity,Carbendazim|water|unspecified,388
South America,Nonconformity,Carbetamide|soil|agricultural,389
South America,Nonconformity,Carbofuran|soil|agricultural,390
South America,Marginally acceptable conformity,Carbon|air|urban air close to ground,421
South America,Acceptable conformity,Carbon|soil|agricultural,422
South America,Marginally acceptable conformity,Carbon|soil|industrial,423
South America,Marginally acceptable conformity,Carbon|soil|unspecified,424
South America,Nonconformity,Carbon|water|ground-,425
South America,Nonconformity,"Carbon dioxide, fossil|air|lower stratosphere + upper troposphere",393
South America,Nonconformity,"Carbon dioxide, fossil|air|non-urban air or from high stacks",394
South America,Acceptable conformity,"Carbon dioxide, fossil|air|unspecified",395
South America,Nonconformity,"Carbon dioxide, fossil|air|urban air close to ground",396
South America,Acceptable conformity,"Carbon dioxide, from soil or biomass stock|air|non-urban air or from high stacks",397
South America,Nonconformity,"Carbon dioxide, from soil or biomass stock|air|unspecified",398
South America,Marginally acceptable conformity,"Carbon dioxide, in air|natural resource|in air",399
South America,Acceptable conformity,"Carbon dioxide, non-fossil|air|non-urban air or from high stacks",400
South America,Nonconformity,"Carbon dioxide, non-fossil|air|unspecified",401
South America,Acceptable conformity,"Carbon dioxide, non-fossil|air|urban air close to ground",402
South America,Close conformity,"Carbon dioxide, to soil or biomass stock|soil|agricultural",403
South America,Nonconformity,"Carbon dioxide, to soil or biomass stock|soil|unspecified",404
South America,Acceptable conformity,Carbon disulfide|air|non-urban air or from high stacks,405
South America,Marginally acceptable conformity,Carbon disulfide|air|unspecified,406
South America,Acceptable conformity,Carbon disulfide|air|urban air close to ground,407
South America,Marginally acceptable conformity,Carbon disulfide|water|surface water,408
South America,Nonconformity,"Carbon monoxide, fossil|air|lower stratosphere + upper troposphere",409
South America,Marginally acceptable conformity,"Carbon monoxide, fossil|air|non-urban air or from high stacks",410
South America,Nonconformity,"Carbon monoxide, fossil|air|unspecified",411
South America,Marginally acceptable conformity,"Carbon monoxide, fossil|air|urban air close to ground",412
South America,Acceptable conformity,"Carbon monoxide, from soil or biomass stock|air|non-urban air or from high stacks",413
South America,Acceptable conformity,"Carbon monoxide, non-fossil|air|non-urban air or from high stacks",414
South America,Acceptable conformity,"Carbon monoxide, non-fossil|air|unspecified",415
South America,Close conformity,"Carbon monoxide, non-fossil|air|urban air close to ground",416
South America,Marginally acceptable conformity,Carbon tetrachloride|air|unspecified,417
South America,Acceptable conformity,Carbon tetrachloride|air|urban air close to ground,418
South America,Acceptable conformity,Carbon tetrachloride|water|unspecified,419
South America,Acceptable conformity,"Carbon, organic, in soil or biomass stock|natural resource|in ground",420
South America,Marginally acceptable conformity,Carbon-14|air|non-urban air or from high stacks,391
South America,Acceptable conformity,Carbon-14|water|surface water,392
South America,Acceptable conformity,Carbonate|water|ocean,426
South America,Acceptable conformity,Carbonate|water|surface water,427
South America,Marginally acceptable conformity,Carbonate|water|unspecified,428
South America,Acceptable conformity,Carbonyl sulfide|air|unspecified,429
South America,Acceptable conformity,Carbosulfan|soil|agricultural,430
South America,Marginally acceptable conformity,"Carboxylic acids, unspecified|water|ocean",431
South America,Marginally acceptable conformity,"Carboxylic acids, unspecified|water|surface water",432
South America,Marginally acceptable conformity,"Carboxylic acids, unspecified|water|unspecified",433
South America,Nonconformity,Carfentrazone-ethyl|air|non-urban air or from high stacks,434
South America,Nonconformity,Carfentrazone-ethyl|soil|agricultural,435
South America,Marginally acceptable conformity,Carfentrazone-ethyl|soil|forestry,436
South America,Marginally acceptable conformity,Carfentrazone-ethyl|water|unspecified,437
South America,Nonconformity,Carnallite|natural resource|in water,438
South America,Nonconformity,Cerium|natural resource|in ground,442
South America,Acceptable conformity,Cerium-141|air|non-urban air or from high stacks,439
South America,Acceptable conformity,Cerium-141|water|surface water,440
South America,Marginally acceptable conformity,Cerium-144|water|surface water,441
South America,Acceptable conformity,Chloramine|air|urban air close to ground,443
South America,Acceptable conformity,Chloramine|water|surface water,444
South America,Marginally acceptable conformity,Chlorantraniliprole|air|non-urban air or from high stacks,445
South America,Nonconformity,Chlorantraniliprole|soil|agricultural,446
South America,Nonconformity,Chlorantraniliprole|soil|forestry,447
South America,Nonconformity,Chlorantraniliprole|water|ground-,448
South America,Marginally acceptable conformity,Chlorantraniliprole|water|unspecified,449
South America,Nonconformity,Chlorate|water|surface water,450
South America,Acceptable conformity,Chlorate|water|unspecified,451
South America,Acceptable conformity,Chloridazon|soil|agricultural,452
South America,Acceptable conformity,Chloride|soil|agricultural,453
South America,Acceptable conformity,Chloride|soil|industrial,454
South America,Nonconformity,Chloride|soil|unspecified,455
South America,Close conformity,Chloride|water|ground-,456
South America,Acceptable conformity,"Chloride|water|ground-, long-term",457
South America,Marginally acceptable conformity,Chloride|water|ocean,458
South America,Marginally acceptable conformity,Chloride|water|surface water,459
South America,Nonconformity,Chloride|water|unspecified,460
South America,Marginally acceptable conformity,"Chlorides, unspecified|water|unspecified",461
South America,Marginally acceptable conformity,Chlorimuron-ethyl|air|non-urban air or from high stacks,462
South America,Marginally acceptable conformity,Chlorimuron-ethyl|soil|agricultural,463
South America,Acceptable conformity,Chlorimuron-ethyl|soil|forestry,464
South America,Marginally acceptable conformity,Chlorimuron-ethyl|water|ground-,465
South America,Nonconformity,Chlorimuron-ethyl|water|unspecified,466
South America,Close conformity,"Chlorinated solvents, unspecified|air|non-urban air or from high stacks",467
South America,Nonconformity,"Chlorinated solvents, unspecified|water|surface water",468
South America,Acceptable conformity,"Chlorine|air|low population density, long-term",469
South America,Nonconformity,Chlorine|air|non-urban air or from high stacks,470
South America,Nonconformity,Chlorine|air|unspecified,471
South America,Marginally acceptable conformity,Chlorine|air|urban air close to ground,472
South America,Marginally acceptable conformity,Chlorine|soil|unspecified,473
South America,Marginally acceptable conformity,Chlorine|water|ground-,474
South America,Marginally acceptable conformity,Chlorine|water|surface water,475
South America,Marginally acceptable conformity,Chlorine|water|unspecified,476
South America,Nonconformity,Chlormequat|soil|agricultural,477
South America,Acceptable conformity,Chloroacetic acid|air|urban air close to ground,478
South America,Acceptable conformity,Chloroacetic acid|water|surface water,479
South America,Acceptable conformity,Chloroacetyl chloride|water|surface water,480
South America,Marginally acceptable conformity,Chlorodifluoromethane|air|non-urban air or from high stacks,481
South America,Nonconformity,Chlorodifluoromethane|air|unspecified,482
South America,Marginally acceptable conformity,Chlorodifluoromethane|air|urban air close to ground,483
South America,Acceptable conformity,Chloroform|air|non-urban air or from high stacks,484
South America,Nonconformity,Chloroform|air|unspecified,485
South America,Acceptable conformity,Chloroform|air|urban air close to ground,486
South America,Acceptable conformity,Chloroform|water|surface water,487
South America,Acceptable conformity,Chloroform|water|unspecified,488
South America,Acceptable conformity,Chloropicrin|soil|agricultural,489
South America,Close conformity,Chlorosulfonic acid|air|unspecified,490
South America,Acceptable conformity,Chlorosulfonic acid|air|urban air close to ground,491
South America,Acceptable conformity,Chlorosulfonic acid|water|surface water,492
South America,Acceptable conformity,Chlorothalonil|soil|agricultural,493
South America,Nonconformity,Chlorotoluron|soil|agricultural,494
South America,Marginally acceptable conformity,Chlorpyrifos|air|non-urban air or from high stacks,496
South America,Acceptable conformity,Chlorpyrifos|soil|agricultural,497
South America,Marginally acceptable conformity,Chlorpyrifos|soil|forestry,498
South America,Nonconformity,Chlorpyrifos|water|ground-,499
South America,Nonconformity,Chlorpyrifos|water|unspecified,500
South America,Marginally acceptable conformity,Chlorpyrifos methyl|soil|agricultural,495
South America,Acceptable conformity,Chlorsulfuron|soil|agricultural,501
South America,Marginally acceptable conformity,Choline chloride|soil|agricultural,502
South America,Acceptable conformity,Chromium|natural resource|in ground,527
South America,Marginally acceptable conformity,"Chromium III|air|low population density, long-term",505
South America,Nonconformity,Chromium III|air|lower stratosphere + upper troposphere,506
South America,Acceptable conformity,Chromium III|air|non-urban air or from high stacks,507
South America,Acceptable conformity,Chromium III|air|unspecified,508
South America,Marginally acceptable conformity,Chromium III|air|urban air close to ground,509
South America,Nonconformity,Chromium III|soil|agricultural,510
South America,Acceptable conformity,Chromium III|soil|forestry,511
South America,Acceptable conformity,Chromium III|soil|industrial,512
South America,Nonconformity,Chromium III|soil|unspecified,513
South America,Nonconformity,Chromium III|water|ground-,514
South America,Acceptable conformity,Chromium III|water|ocean,515
South America,Acceptable conformity,Chromium III|water|surface water,516
South America,Nonconformity,Chromium III|water|unspecified,517
South America,Acceptable conformity,"Chromium VI|air|low population density, long-term",518
South America,Close conformity,Chromium VI|air|non-urban air or from high stacks,519
South America,Acceptable conformity,Chromium VI|air|unspecified,520
South America,Marginally acceptable conformity,Chromium VI|air|urban air close to ground,521
South America,Acceptable conformity,Chromium VI|soil|unspecified,522
South America,Acceptable conformity,Chromium VI|water|ground-,523
South America,Nonconformity,"Chromium VI|water|ground-, long-term",524
South America,Marginally acceptable conformity,Chromium VI|water|surface water,525
South America,Nonconformity,Chromium VI|water|unspecified,526
South America,Acceptable conformity,Chromium-51|air|non-urban air or from high stacks,503
South America,Marginally acceptable conformity,Chromium-51|water|surface water,504
South America,Nonconformity,Chrysene|air|non-urban air or from high stacks,528
South America,Marginally acceptable conformity,Chrysene|air|unspecified,529
South America,Nonconformity,Chrysotile|natural resource|in ground,530
South America,Nonconformity,Cinidon-ethyl|soil|agricultural,531
South America,Nonconformity,"Clay, bentonite|natural resource|in ground",532
South America,Marginally acceptable conformity,Clethodim|air|non-urban air or from high stacks,533
South America,Acceptable conformity,Clethodim|soil|agricultural,534
South America,Marginally acceptable conformity,Clethodim|soil|forestry,535
South America,Marginally acceptable conformity,Clethodim|water|unspecified,536
South America,Close conformity,Clodinafop-propargyl|air|non-urban air or from high stacks,537
South America,Acceptable conformity,Clodinafop-propargyl|soil|agricultural,538
South America,Acceptable conformity,Clodinafop-propargyl|water|surface water,539
South America,Acceptable conformity,Clomazone|soil|agricultural,540
South America,Nonconformity,Clopyralid|air|non-urban air or from high stacks,541
South America,Acceptable conformity,Clopyralid|soil|agricultural,542
South America,Acceptable conformity,Cloquintocet-mexyl|air|non-urban air or from high stacks,543
South America,Acceptable conformity,Cloquintocet-mexyl|soil|agricultural,544
South America,Marginally acceptable conformity,Cloquintocet-mexyl|water|surface water,545
South America,Acceptable conformity,Cloransulam-methyl|soil|agricultural,546
South America,Acceptable conformity,Clothianidin|soil|agricultural,547
South America,Acceptable conformity,"Coal, brown|natural resource|in ground",548
South America,Acceptable conformity,"Coal, hard|natural resource|in ground",549
South America,Marginally acceptable conformity,"Cobalt II|air|low population density, long-term",555
South America,Nonconformity,Cobalt II|air|non-urban air or from high stacks,556
South America,Marginally acceptable conformity,Cobalt II|air|unspecified,557
South America,Marginally acceptable conformity,Cobalt II|air|urban air close to ground,558
South America,Acceptable conformity,Cobalt II|soil|agricultural,559
South America,Acceptable conformity,Cobalt II|soil|industrial,560
South America,Acceptable conformity,Cobalt II|soil|unspecified,561
South America,Nonconformity,Cobalt II|water|ground-,562
South America,Close conformity,"Cobalt II|water|ground-, long-term",563
South America,Marginally acceptable conformity,Cobalt II|water|ocean,564
South America,Nonconformity,Cobalt II|water|surface water,565
South America,Acceptable conformity,Cobalt II|water|unspecified,566
South America,Marginally acceptable conformity,Cobalt-57|water|surface water,550
South America,Acceptable conformity,Cobalt-58|air|non-urban air or from high stacks,551
South America,Marginally acceptable conformity,Cobalt-58|water|surface water,552
South America,Acceptable conformity,Cobalt-60|air|non-urban air or from high stacks,553
South America,Marginally acceptable conformity,Cobalt-60|water|surface water,554
South America,Acceptable conformity,Copper|natural resource|in ground,590
South America,Marginally acceptable conformity,"Copper ion|air|low population density, long-term",572
South America,Nonconformity,Copper ion|air|lower stratosphere + upper troposphere,573
South America,Acceptable conformity,Copper ion|air|non-urban air or from high stacks,574
South America,Nonconformity,Copper ion|air|unspecified,575
South America,Acceptable conformity,Copper ion|air|urban air close to ground,576
South America,Acceptable conformity,Copper ion|soil|agricultural,577
South America,Acceptable conformity,Copper ion|soil|industrial,578
South America,Acceptable conformity,Copper ion|soil|unspecified,579
South America,Acceptable conformity,Copper ion|water|ground-,580
South America,Marginally acceptable conformity,"Copper ion|water|ground-, long-term",581
South America,Acceptable conformity,Copper ion|water|ocean,582
South America,Acceptable conformity,Copper ion|water|surface water,583
South America,Nonconformity,Copper ion|water|unspecified,584
South America,Acceptable conformity,Copper oxide|soil|agricultural,585
South America,Nonconformity,Copper oxychloride|air|non-urban air or from high stacks,586
South America,Marginally acceptable conformity,Copper oxychloride|soil|agricultural,587
South America,Nonconformity,Copper oxychloride|soil|forestry,588
South America,Acceptable conformity,Copper oxychloride|water|unspecified,589
South America,Acceptable conformity,Cu-HDO|water|unspecified,591
South America,Acceptable conformity,Cumene|air|non-urban air or from high stacks,592
South America,Acceptable conformity,Cumene|air|unspecified,593
South America,Nonconformity,Cumene|water|unspecified,594
South America,Acceptable conformity,Cupric chloride dihydrate|soil|agricultural,595
South America,Marginally acceptable conformity,Cupric hydroxide|soil|agricultural,596
South America,Acceptable conformity,Cyanide|air|non-urban air or from high stacks,597
South America,Acceptable conformity,Cyanide|air|unspecified,598
South America,Nonconformity,Cyanide|air|urban air close to ground,599
South America,Acceptable conformity,Cyanide|water|ocean,600
South America,Acceptable conformity,Cyanide|water|surface water,601
South America,Marginally acceptable conformity,Cyanide|water|unspecified,602
South America,Acceptable conformity,Cyanoacetic acid|air|urban air close to ground,603
South America,Nonconformity,Cyazofamid|soil|agricultural,604
South America,Nonconformity,Cyclohexane|air|urban air close to ground,605
South America,Marginally acceptable conformity,Cyclohexane|water|unspecified,606
South America,Acceptable conformity,Cyhalothrin|soil|agricultural,607
South America,Acceptable conformity,Cymoxanil|soil|agricultural,608
South America,Marginally acceptable conformity,Cypermethrin|air|non-urban air or from high stacks,609
South America,Marginally acceptable conformity,Cypermethrin|soil|agricultural,610
South America,Marginally acceptable conformity,Cypermethrin|soil|forestry,611
South America,Nonconformity,Cypermethrin|water|ground-,612
South America,Acceptable conformity,Cypermethrin|water|unspecified,613
South America,Acceptable conformity,Cyproconazole|air|non-urban air or from high stacks,614
South America,Marginally acceptable conformity,Cyproconazole|soil|agricultural,615
South America,Marginally acceptable conformity,Cyproconazole|soil|forestry,616
South America,Acceptable conformity,Cyproconazole|water|ground-,617
South America,Acceptable conformity,Cyproconazole|water|unspecified,618
South America,Nonconformity,Cyprodinil|soil|agricultural,619
South America,Marginally acceptable conformity,"DOC, Dissolved Organic Carbon|water|ground-",707
South America,Nonconformity,"DOC, Dissolved Organic Carbon|water|ground-, long-term",708
South America,Acceptable conformity,"DOC, Dissolved Organic Carbon|water|ocean",709
South America,Acceptable conformity,"DOC, Dissolved Organic Carbon|water|surface water",710
South America,Nonconformity,"DOC, Dissolved Organic Carbon|water|unspecified",711
South America,Nonconformity,Decanoic acid|water|unspecified,620
South America,Nonconformity,Deltamethrin|soil|agricultural,621
South America,Marginally acceptable conformity,Desmedipham|soil|agricultural,622
South America,Marginally acceptable conformity,Diafenthiuron|soil|agricultural,623
South America,Acceptable conformity,Diatomite|natural resource|in ground,624
South America,Marginally acceptable conformity,Diazinon|soil|agricultural,625
South America,Nonconformity,"Dibenz(a,h)anthracene|air|non-urban air or from high stacks",626
South America,Nonconformity,"Dibenz(a,h)anthracene|air|unspecified",627
South America,Acceptable conformity,"Dibenz(a,h)anthracene|water|surface water",628
South America,Marginally acceptable conformity,Dibutyltin|water|ocean,629
South America,Acceptable conformity,Dicamba|soil|agricultural,630
South America,Nonconformity,Dicamba|water|surface water,631
South America,Acceptable conformity,Dichlorodifluoromethane|air|urban air close to ground,632
South America,Acceptable conformity,Dichlorofluoromethane|air|urban air close to ground,633
South America,Acceptable conformity,Dichloromethane|air|non-urban air or from high stacks,634
South America,Marginally acceptable conformity,Dichloromethane|air|unspecified,635
South America,Acceptable conformity,Dichloromethane|air|urban air close to ground,636
South America,Acceptable conformity,Dichloromethane|water|surface water,637
South America,Acceptable conformity,Dichlorprop|air|non-urban air or from high stacks,639
South America,Marginally acceptable conformity,Dichlorprop|soil|agricultural,640
South America,Acceptable conformity,Dichlorprop|water|ground-,641
South America,Acceptable conformity,Dichlorprop|water|surface water,642
South America,Acceptable conformity,Dichlorprop-P|soil|agricultural,638
South America,Marginally acceptable conformity,Dichlorvos|soil|agricultural,643
South America,Acceptable conformity,Dichromate|water|unspecified,644
South America,Acceptable conformity,Diclofop|soil|agricultural,646
South America,Marginally acceptable conformity,Diclofop-methyl|soil|agricultural,645
South America,Nonconformity,Diethanolamine|water|unspecified,647
South America,Acceptable conformity,Diethyl ether|air|urban air close to ground,648
South America,Acceptable conformity,Diethylamine|air|urban air close to ground,649
South America,Acceptable conformity,Diethylamine|water|surface water,650
South America,Acceptable conformity,Diethylene glycol|air|urban air close to ground,651
South America,Acceptable conformity,Difenoconazole|air|non-urban air or from high stacks,652
South America,Nonconformity,Difenoconazole|soil|agricultural,653
South America,Nonconformity,Difenoconazole|soil|forestry,654
South America,Nonconformity,Difenoconazole|water|ground-,655
South America,Nonconformity,Difenoconazole|water|unspecified,656
South America,Marginally acceptable conformity,Diflubenzuron|air|non-urban air or from high stacks,657
South America,Acceptable conformity,Diflubenzuron|soil|agricultural,658
South America,Marginally acceptable conformity,Diflubenzuron|soil|forestry,659
South America,Nonconformity,Diflubenzuron|water|ground-,660
South America,Acceptable conformity,Diflubenzuron|water|unspecified,661
South America,Nonconformity,Diflufenican|soil|agricultural,662
South America,Nonconformity,Diflufenzopyr-sodium|soil|agricultural,663
South America,Acceptable conformity,Difluoromethane|air|unspecified,664
South America,Acceptable conformity,Diisobutyl ketone|water|surface water,665
South America,Nonconformity,Dimethachlor|soil|agricultural,666
South America,Nonconformity,Dimethenamid-P|soil|agricultural,667
South America,Nonconformity,Dimethenamide|soil|agricultural,668
South America,Nonconformity,Dimethenamide|water|surface water,669
South America,Acceptable conformity,Dimethoate|soil|agricultural,670
South America,Marginally acceptable conformity,Dimethomorph|soil|agricultural,671
South America,Acceptable conformity,Dimethyl carbonate|air|unspecified,672
South America,Nonconformity,Dimethyl ether|air|unspecified,673
South America,Acceptable conformity,Dimethyl malonate|air|urban air close to ground,674
South America,Acceptable conformity,Dimethylamine|air|unspecified,675
South America,Acceptable conformity,Dimethylamine|air|urban air close to ground,676
South America,Acceptable conformity,Dimethylamine|water|surface water,677
South America,Acceptable conformity,"Dinitrogen monoxide|air|low population density, long-term",678
South America,Marginally acceptable conformity,Dinitrogen monoxide|air|non-urban air or from high stacks,679
South America,Nonconformity,Dinitrogen monoxide|air|unspecified,680
South America,Nonconformity,Dinitrogen monoxide|air|urban air close to ground,681
South America,Marginally acceptable conformity,"Dioxins, measured as 2,3,7,8-tetrachlorodibenzo-p-dioxin|air|low population density, long-term",682
South America,Marginally acceptable conformity,"Dioxins, measured as 2,3,7,8-tetrachlorodibenzo-p-dioxin|air|non-urban air or from high stacks",683
South America,Acceptable conformity,"Dioxins, measured as 2,3,7,8-tetrachlorodibenzo-p-dioxin|air|unspecified",684
South America,Acceptable conformity,"Dioxins, measured as 2,3,7,8-tetrachlorodibenzo-p-dioxin|air|urban air close to ground",685
South America,Close conformity,"Dioxins, measured as 2,3,7,8-tetrachlorodibenzo-p-dioxin|soil|industrial",686
South America,Marginally acceptable conformity,"Dioxins, measured as 2,3,7,8-tetrachlorodibenzo-p-dioxin|soil|unspecified",687
South America,Acceptable conformity,"Dioxins, measured as 2,3,7,8-tetrachlorodibenzo-p-dioxin|water|unspecified",688
South America,Marginally acceptable conformity,Diphenyltin|water|ocean,689
South America,Acceptable conformity,Dipropyl amine|air|urban air close to ground,690
South America,Marginally acceptable conformity,Dipropyl amine|water|surface water,691
South America,Marginally acceptable conformity,Diquat|soil|agricultural,697
South America,Acceptable conformity,Diquat dibromide|air|non-urban air or from high stacks,692
South America,Marginally acceptable conformity,Diquat dibromide|soil|agricultural,693
South America,Nonconformity,Diquat dibromide|soil|forestry,694
South America,Acceptable conformity,Diquat dibromide|water|ground-,695
South America,Acceptable conformity,Diquat dibromide|water|unspecified,696
South America,Acceptable conformity,"Discarded fish, demersal, to ocean|water|ocean",698
South America,Marginally acceptable conformity,"Discarded fish, pelagic, to ocean|water|ocean",699
South America,Acceptable conformity,Dissolved solids|water|ground-,700
South America,Nonconformity,Dissolved solids|water|surface water,701
South America,Nonconformity,Dithianon|soil|agricultural,702
South America,Marginally acceptable conformity,Diuron|air|non-urban air or from high stacks,703
South America,Nonconformity,Diuron|soil|agricultural,704
South America,Marginally acceptable conformity,Diuron|soil|forestry,705
South America,Acceptable conformity,Diuron|water|unspecified,706
South America,Nonconformity,Dodecanol|water|unspecified,712
South America,Nonconformity,Dolomite|natural resource|in ground,713
South America,Nonconformity,Dysprosium|natural resource|in ground,714
South America,Acceptable conformity,"EDTA, Ethylenediaminetetraacetic Acid|water|unspecified",715
South America,Marginally acceptable conformity,EPTC|soil|agricultural,733
South America,Acceptable conformity,Emamectin benzoate|soil|agricultural,716
South America,Marginally acceptable conformity,Emamectin benzoate|soil|forestry,717
South America,Acceptable conformity,Emamectin benzoate|water|ground-,718
South America,Marginally acceptable conformity,Emamectin benzoate|water|unspecified,719
South America,Marginally acceptable conformity,Endosulfan|soil|agricultural,720
South America,Acceptable conformity,Endothall|soil|agricultural,721
South America,Marginally acceptable conformity,"Energy, geothermal, converted|natural resource|in ground",722
South America,Acceptable conformity,"Energy, gross calorific value, in biomass|natural resource|biotic",724
South America,Nonconformity,"Energy, gross calorific value, in biomass, primary forest|natural resource|biotic",723
South America,Acceptable conformity,"Energy, kinetic (in wind), converted|natural resource|in air",725
South America,Acceptable conformity,"Energy, potential (in hydropower reservoir), converted|natural resource|in water",726
South America,Acceptable conformity,"Energy, solar, converted|natural resource|in air",727
South America,Marginally acceptable conformity,Epoxiconazole|air|non-urban air or from high stacks,728
South America,Marginally acceptable conformity,Epoxiconazole|soil|agricultural,729
South America,Marginally acceptable conformity,Epoxiconazole|soil|forestry,730
South America,Marginally acceptable conformity,Epoxiconazole|water|ground-,731
South America,Marginally acceptable conformity,Epoxiconazole|water|unspecified,732
South America,Marginally acceptable conformity,Erbium|natural resource|in ground,734
South America,Acceptable conformity,Esfenvalerate|soil|agricultural,735
South America,Nonconformity,Ethalfluralin|soil|agricultural,736
South America,Acceptable conformity,Ethane|air|non-urban air or from high stacks,737
South America,Nonconformity,Ethane|air|unspecified,738
South America,Marginally acceptable conformity,Ethane|air|urban air close to ground,739
South America,Acceptable conformity,Ethanol|air|non-urban air or from high stacks,740
South America,Marginally acceptable conformity,Ethanol|air|unspecified,741
South America,Nonconformity,Ethanol|air|urban air close to ground,742
South America,Acceptable conformity,Ethanol|water|surface water,743
South America,Nonconformity,Ethanol|water|unspecified,744
South America,Marginally acceptable conformity,Ethephon|air|non-urban air or from high stacks,745
South America,Nonconformity,Ethephon|soil|agricultural,746
South America,Acceptable conformity,Ethephon|water|ground-,747
South America,Close conformity,Ethephon|water|surface water,748
South America,Nonconformity,Ethofumesate|soil|agricultural,749
South America,Marginally acceptable conformity,Ethoprop|soil|agricultural,750
South America,Marginally acceptable conformity,Ethyl acetate|air|urban air close to ground,751
South America,Nonconformity,Ethyl acetate|water|surface water,752
South America,Marginally acceptable conformity,Ethyl benzene|air|non-urban air or from high stacks,753
South America,Marginally acceptable conformity,Ethyl benzene|air|unspecified,754
South America,Nonconformity,Ethyl benzene|air|urban air close to ground,755
South America,Acceptable conformity,Ethyl benzene|water|ocean,756
South America,Acceptable conformity,Ethyl benzene|water|surface water,757
South America,Acceptable conformity,Ethyl cellulose|air|urban air close to ground,758
South America,Acceptable conformity,Ethylamine|air|urban air close to ground,759
South America,Marginally acceptable conformity,Ethylamine|water|surface water,760
South America,Nonconformity,Ethylene|air|non-urban air or from high stacks,774
South America,Nonconformity,Ethylene|air|urban air close to ground,775
South America,Nonconformity,Ethylene|water|surface water,776
South America,Marginally acceptable conformity,Ethylene carbonate|water|unspecified,761
South America,Acceptable conformity,Ethylene diamine|air|urban air close to ground,762
South America,Close conformity,Ethylene diamine|water|surface water,763
South America,Marginally acceptable conformity,Ethylene dichloride|air|non-urban air or from high stacks,764
South America,Acceptable conformity,Ethylene dichloride|air|unspecified,765
South America,Nonconformity,Ethylene dichloride|air|urban air close to ground,766
South America,Acceptable conformity,Ethylene dichloride|water|surface water,767
South America,Marginally acceptable conformity,Ethylene dichloride|water|unspecified,768
South America,Marginally acceptable conformity,Ethylene oxide|air|unspecified,769
South America,Marginally acceptable conformity,Ethylene oxide|air|urban air close to ground,770
South America,Marginally acceptable conformity,Ethylene oxide|water|ground-,771
South America,Acceptable conformity,Ethylene oxide|water|surface water,772
South America,Marginally acceptable conformity,Ethylene oxide|water|unspecified,773
South America,Nonconformity,Europium|natural resource|in ground,777
South America,Marginally acceptable conformity,Famoxadone|soil|agricultural,778
South America,Nonconformity,Feldspar|natural resource|in ground,779
South America,Nonconformity,Fenbuconazole|soil|agricultural,780
South America,Acceptable conformity,Fenoxaprop|soil|agricultural,783
South America,Acceptable conformity,Fenoxaprop ethyl ester|soil|agricultural,782
South America,Marginally acceptable conformity,Fenoxaprop-P ethyl ester|soil|agricultural,781
South America,Marginally acceptable conformity,Fenpiclonil|soil|agricultural,784
South America,Nonconformity,Fenpropidin|soil|agricultural,785
South America,Nonconformity,Fenpropimorph|soil|agricultural,786
South America,Acceptable conformity,Fentin hydroxide|soil|agricultural,787
South America,Acceptable conformity,Fipronil|air|non-urban air or from high stacks,788
South America,Marginally acceptable conformity,Fipronil|soil|agricultural,789
South America,Nonconformity,Fipronil|soil|forestry,790
South America,Acceptable conformity,Fipronil|water|ground-,791
South America,Nonconformity,Fipronil|water|unspecified,792
South America,Acceptable conformity,"Fish, demersal, in ocean|natural resource|biotic",793
South America,Acceptable conformity,"Fish, pelagic, in ocean|natural resource|biotic",794
South America,Marginally acceptable conformity,Flonicamid|soil|agricultural,795
South America,Acceptable conformity,Florasulam|soil|agricultural,796
South America,Marginally acceptable conformity,Fluazifop-P-butyl|soil|agricultural,797
South America,Marginally acceptable conformity,Fluazinam|air|non-urban air or from high stacks,798
South America,Marginally acceptable conformity,Fluazinam|soil|agricultural,799
South America,Marginally acceptable conformity,Fluazinam|soil|forestry,800
South America,Nonconformity,Fluazinam|water|ground-,801
South America,Nonconformity,Fluazinam|water|unspecified,802
South America,Marginally acceptable conformity,Flucarbazone sodium salt|soil|agricultural,803
South America,Marginally acceptable conformity,Fludioxonil|air|non-urban air or from high stacks,804
South America,Marginally acceptable conformity,Fludioxonil|soil|agricultural,805
South America,Marginally acceptable conformity,Fludioxonil|soil|forestry,806
South America,Marginally acceptable conformity,Fludioxonil|water|ground-,807
South America,Nonconformity,Fludioxonil|water|unspecified,808
South America,Acceptable conformity,Flufenacet|soil|agricultural,809
South America,Marginally acceptable conformity,Flumetsulam|soil|agricultural,810
South America,Nonconformity,Flumiclorac-pentyl|soil|agricultural,811
South America,Marginally acceptable conformity,Flumioxazin|air|non-urban air or from high stacks,812
South America,Marginally acceptable conformity,Flumioxazin|soil|agricultural,813
South America,Nonconformity,Flumioxazin|soil|forestry,814
South America,Acceptable conformity,Flumioxazin|water|ground-,815
South America,Marginally acceptable conformity,Flumioxazin|water|unspecified,816
South America,Nonconformity,Fluopyram|soil|agricultural,817
South America,Nonconformity,Fluoranthene|air|non-urban air or from high stacks,818
South America,Acceptable conformity,Fluoranthene|air|unspecified,819
South America,Marginally acceptable conformity,Fluoranthene|water|surface water,820
South America,Nonconformity,Fluorene|air|non-urban air or from high stacks,821
South America,Nonconformity,Fluorene|air|unspecified,822
South America,Marginally acceptable conformity,Fluorene|water|surface water,823
South America,Acceptable conformity,Fluoride|soil|industrial,824
South America,Marginally acceptable conformity,Fluoride|soil|unspecified,825
South America,Nonconformity,Fluoride|water|ground-,826
South America,Nonconformity,"Fluoride|water|ground-, long-term",827
South America,Nonconformity,Fluoride|water|ocean,828
South America,Acceptable conformity,Fluoride|water|surface water,829
South America,Nonconformity,Fluoride|water|unspecified,830
South America,Acceptable conformity,"Fluorine|air|low population density, long-term",831
South America,Acceptable conformity,Fluorine|air|non-urban air or from high stacks,832
South America,Marginally acceptable conformity,Fluorine|air|unspecified,833
South America,Nonconformity,Fluorine|air|urban air close to ground,834
South America,Nonconformity,Fluorine|natural resource|in ground,835
South America,Marginally acceptable conformity,Fluorine|water|surface water,836
South America,Nonconformity,Fluorspar|natural resource|in ground,837
South America,Nonconformity,Fluosilicic acid|air|urban air close to ground,838
South America,Nonconformity,Fluosilicic acid|water|surface water,839
South America,Marginally acceptable conformity,Fluosilicic acid|water|unspecified,840
South America,Acceptable conformity,Flupyrsulfuron-methyl|soil|agricultural,841
South America,Nonconformity,Fluquinconazole|air|non-urban air or from high stacks,842
South America,Nonconformity,Fluquinconazole|soil|agricultural,843
South America,Nonconformity,Fluquinconazole|water|surface water,844
South America,Marginally acceptable conformity,Flurochloridone|soil|agricultural,845
South America,Marginally acceptable conformity,Fluroxypyr|air|non-urban air or from high stacks,846
South America,Marginally acceptable conformity,Fluroxypyr|soil|agricultural,847
South America,Nonconformity,Fluroxypyr|water|surface water,848
South America,Nonconformity,Flurtamone|soil|agricultural,849
South America,Nonconformity,Flusilazole|soil|agricultural,850
South America,Nonconformity,Fluthiacet-methyl|soil|agricultural,851
South America,Marginally acceptable conformity,Flutolanil|soil|agricultural,852
South America,Nonconformity,Fluxapyroxad|soil|agricultural,853
South America,Nonconformity,Fluxapyroxad|soil|forestry,854
South America,Nonconformity,Fluxapyroxad|water|ground-,855
South America,Nonconformity,Fluxapyroxad|water|unspecified,856
South America,Acceptable conformity,Fomesafen|soil|agricultural,857
South America,Nonconformity,Foramsulfuron|soil|agricultural,858
South America,Acceptable conformity,Formaldehyde|air|non-urban air or from high stacks,859
South America,Acceptable conformity,Formaldehyde|air|unspecified,860
South America,Nonconformity,Formaldehyde|air|urban air close to ground,861
South America,Acceptable conformity,Formaldehyde|water|surface water,862
South America,Acceptable conformity,Formaldehyde|water|unspecified,863
South America,Acceptable conformity,Formamide|air|unspecified,864
South America,Acceptable conformity,Formamide|air|urban air close to ground,865
South America,Acceptable conformity,Formamide|water|surface water,866
South America,Close conformity,Formate|water|surface water,867
South America,Acceptable conformity,Formic acid|air|non-urban air or from high stacks,868
South America,Acceptable conformity,Formic acid|air|urban air close to ground,869
South America,Acceptable conformity,Formic acid|water|surface water,870
South America,Acceptable conformity,"Fungicides, unspecified|air|non-urban air or from high stacks",871
South America,Nonconformity,"Fungicides, unspecified|soil|agricultural",872
South America,Marginally acceptable conformity,"Fungicides, unspecified|water|ocean",873
South America,Acceptable conformity,"Fungicides, unspecified|water|surface water",874
South America,Marginally acceptable conformity,Furan|air|non-urban air or from high stacks,875
South America,Nonconformity,Gadolinium|natural resource|in ground,876
South America,Nonconformity,Gallium|natural resource|in ground,877
South America,Nonconformity,Gamma-cyhalothrin|soil|agricultural,878
South America,Nonconformity,Gangue|natural resource|in ground,879
South America,Acceptable conformity,"Gas, mine, off-gas, process, coal mining|natural resource|in ground",880
South America,Marginally acceptable conformity,"Gas, natural|natural resource|in ground",881
South America,Acceptable conformity,Gibberellic acid|air|non-urban air or from high stacks,882
South America,Marginally acceptable conformity,Gibberellic acid|soil|agricultural,883
South America,Marginally acceptable conformity,Gibberellic acid|soil|forestry,884
South America,Nonconformity,Gibberellic acid|water|unspecified,885
South America,Nonconformity,Glufosinate|soil|agricultural,887
South America,Nonconformity,Glufosinate ammonium|soil|agricultural,886
South America,Marginally acceptable conformity,Glutaraldehyde|water|ocean,888
South America,Marginally acceptable conformity,Glyphosate|air|non-urban air or from high stacks,889
South America,Nonconformity,Glyphosate|soil|agricultural,890
South America,Nonconformity,Glyphosate|soil|forestry,891
South America,Acceptable conformity,Glyphosate|soil|industrial,892
South America,Marginally acceptable conformity,Glyphosate|water|ground-,893
South America,Acceptable conformity,Glyphosate|water|surface water,894
South America,Marginally acceptable conformity,Glyphosate|water|unspecified,895
South America,Marginally acceptable conformity,Gold|natural resource|in ground,896
South America,Marginally acceptable conformity,Granite|natural resource|in ground,897
South America,Nonconformity,Graphite|natural resource|in ground,898
South America,Nonconformity,Gypsum|natural resource|in ground,899
South America,Marginally acceptable conformity,Hafnium|natural resource|in ground,900
South America,Acceptable conformity,Halosulfuron-methyl|soil|agricultural,901
South America,Nonconformity,Haloxyfop-ethoxyethyl|air|non-urban air or from high stacks,902
South America,Nonconformity,Haloxyfop-ethoxyethyl|water|ground-,903
South America,Marginally acceptable conformity,Haloxyfop-ethoxyethyl|water|unspecified,904
South America,Nonconformity,Hazardous waste disposed|inventory indicator|waste,905
South America,Marginally acceptable conformity,"Heat, waste|air|non-urban air or from high stacks",906
South America,Acceptable conformity,"Heat, waste|air|unspecified",907
South America,Acceptable conformity,"Heat, waste|air|urban air close to ground",908
South America,Acceptable conformity,"Heat, waste|soil|agricultural",909
South America,Nonconformity,"Heat, waste|soil|industrial",910
South America,Nonconformity,"Heat, waste|water|ground-, long-term",911
South America,Acceptable conformity,"Heat, waste|water|surface water",912
South America,Acceptable conformity,"Heat, waste|water|unspecified",913
South America,Acceptable conformity,Helium|air|non-urban air or from high stacks,914
South America,Marginally acceptable conformity,Helium|air|unspecified,915
South America,Acceptable conformity,Heptane|air|unspecified,916
South America,Acceptable conformity,Heptane|air|urban air close to ground,917
South America,Acceptable conformity,"Herbicides, unspecified|air|non-urban air or from high stacks",918
South America,Acceptable conformity,"Herbicides, unspecified|soil|agricultural",919
South America,Acceptable conformity,"Herbicides, unspecified|water|surface water",920
South America,Nonconformity,Hexachlorobenzene|air|non-urban air or from high stacks,921
South America,Nonconformity,Hexachlorobenzene|air|unspecified,922
South America,Nonconformity,Hexachlorobenzene|air|urban air close to ground,923
South America,Acceptable conformity,Hexachlorobenzene|water|unspecified,924
South America,Nonconformity,Hexafluoroethane|air|unspecified,925
South America,Acceptable conformity,Hexafluoroethane|air|urban air close to ground,926
South America,Marginally acceptable conformity,Hexane|air|non-urban air or from high stacks,927
South America,Acceptable conformity,Hexane|air|unspecified,928
South America,Acceptable conformity,Hexane|air|urban air close to ground,929
South America,Marginally acceptable conformity,Holmium|natural resource|in ground,930
South America,Acceptable conformity,"Hydrocarbons, aliphatic, alkanes, cyclic|air|non-urban air or from high stacks",931
South America,Nonconformity,"Hydrocarbons, aliphatic, alkanes, cyclic|air|unspecified",932
South America,Nonconformity,"Hydrocarbons, aliphatic, alkanes, cyclic|air|urban air close to ground",933
South America,Nonconformity,"Hydrocarbons, aliphatic, alkanes, unspecified|air|non-urban air or from high stacks",934
South America,Acceptable conformity,"Hydrocarbons, aliphatic, alkanes, unspecified|air|unspecified",935
South America,Nonconformity,"Hydrocarbons, aliphatic, alkanes, unspecified|air|urban air close to ground",936
South America,Marginally acceptable conformity,"Hydrocarbons, aliphatic, alkanes, unspecified|water|ocean",937
South America,Acceptable conformity,"Hydrocarbons, aliphatic, alkanes, unspecified|water|surface water",938
South America,Nonconformity,"Hydrocarbons, aliphatic, unsaturated|air|non-urban air or from high stacks",939
South America,Acceptable conformity,"Hydrocarbons, aliphatic, unsaturated|air|unspecified",940
South America,Acceptable conformity,"Hydrocarbons, aliphatic, unsaturated|air|urban air close to ground",941
South America,Acceptable conformity,"Hydrocarbons, aliphatic, unsaturated|water|ocean",942
South America,Acceptable conformity,"Hydrocarbons, aliphatic, unsaturated|water|surface water",943
South America,Acceptable conformity,"Hydrocarbons, aliphatic, unsaturated|water|unspecified",944
South America,Nonconformity,"Hydrocarbons, aromatic|air|non-urban air or from high stacks",945
South America,Nonconformity,"Hydrocarbons, aromatic|air|unspecified",946
South America,Nonconformity,"Hydrocarbons, aromatic|air|urban air close to ground",947
South America,Acceptable conformity,"Hydrocarbons, aromatic|water|ocean",948
South America,Acceptable conformity,"Hydrocarbons, aromatic|water|surface water",949
South America,Marginally acceptable conformity,"Hydrocarbons, chlorinated|air|non-urban air or from high stacks",950
South America,Marginally acceptable conformity,"Hydrocarbons, chlorinated|air|unspecified",951
South America,Marginally acceptable conformity,"Hydrocarbons, chlorinated|air|urban air close to ground",952
South America,Nonconformity,"Hydrocarbons, unspecified|soil|unspecified",953
South America,Acceptable conformity,"Hydrocarbons, unspecified|water|ocean",954
South America,Close conformity,"Hydrocarbons, unspecified|water|surface water",955
South America,Nonconformity,"Hydrocarbons, unspecified|water|unspecified",956
South America,Nonconformity,"Hydrochloric acid|air|low population density, long-term",957
South America,Acceptable conformity,Hydrochloric acid|air|non-urban air or from high stacks,958
South America,Marginally acceptable conformity,Hydrochloric acid|air|unspecified,959
South America,Marginally acceptable conformity,Hydrochloric acid|air|urban air close to ground,960
South America,Acceptable conformity,Hydrochloric acid|water|unspecified,961
South America,Nonconformity,Hydrogen|air|urban air close to ground,974
South America,Nonconformity,Hydrogen|water|surface water,975
South America,Marginally acceptable conformity,"Hydrogen fluoride|air|low population density, long-term",962
South America,Acceptable conformity,Hydrogen fluoride|air|non-urban air or from high stacks,963
South America,Nonconformity,Hydrogen fluoride|air|unspecified,964
South America,Marginally acceptable conformity,Hydrogen fluoride|air|urban air close to ground,965
South America,Acceptable conformity,Hydrogen peroxide|air|urban air close to ground,966
South America,Marginally acceptable conformity,Hydrogen peroxide|water|unspecified,967
South America,Acceptable conformity,Hydrogen sulfide|air|non-urban air or from high stacks,968
South America,Acceptable conformity,Hydrogen sulfide|air|unspecified,969
South America,Marginally acceptable conformity,Hydrogen sulfide|air|urban air close to ground,970
South America,Marginally acceptable conformity,Hydrogen sulfide|water|ground-,971
South America,Marginally acceptable conformity,"Hydrogen sulfide|water|ground-, long-term",972
South America,Nonconformity,Hydrogen sulfide|water|surface water,973
South America,Acceptable conformity,Hydroxide|water|surface water,976
South America,Marginally acceptable conformity,Hydroxide|water|unspecified,977
South America,Marginally acceptable conformity,Hypochlorite|water|ocean,978
South America,Nonconformity,Hypochlorite|water|surface water,979
South America,Acceptable conformity,Imazamox|soil|agricultural,980
South America,Nonconformity,Imazapyr|soil|agricultural,981
South America,Nonconformity,Imazethapyr|air|non-urban air or from high stacks,982
South America,Marginally acceptable conformity,Imazethapyr|soil|agricultural,983
South America,Marginally acceptable conformity,Imazethapyr|soil|forestry,984
South America,Marginally acceptable conformity,Imazethapyr|water|unspecified,985
South America,Marginally acceptable conformity,Imidacloprid|air|non-urban air or from high stacks,986
South America,Acceptable conformity,Imidacloprid|soil|agricultural,987
South America,Acceptable conformity,Imidacloprid|soil|forestry,988
South America,Marginally acceptable conformity,Imidacloprid|water|ground-,989
South America,Nonconformity,Imidacloprid|water|unspecified,990
South America,Nonconformity,"Indeno(1,2,3-cd)pyrene|air|non-urban air or from high stacks",991
South America,Nonconformity,"Indeno(1,2,3-cd)pyrene|air|unspecified",992
South America,Acceptable conformity,"Indeno(1,2,3-cd)pyrene|water|surface water",993
South America,Acceptable conformity,Indium|natural resource|in ground,994
South America,Acceptable conformity,Indoxacarb|air|non-urban air or from high stacks,995
South America,Nonconformity,Indoxacarb|soil|agricultural,996
South America,Marginally acceptable conformity,Indoxacarb|soil|forestry,997
South America,Nonconformity,Iodide|soil|industrial,998
South America,Marginally acceptable conformity,Iodide|water|ground-,999
South America,Acceptable conformity,"Iodide|water|ground-, long-term",1000
South America,Marginally acceptable conformity,Iodide|water|ocean,1001
South America,Nonconformity,Iodide|water|surface water,1002
South America,Nonconformity,"Iodine|air|low population density, long-term",1008
South America,Marginally acceptable conformity,Iodine|air|non-urban air or from high stacks,1009
South America,Acceptable conformity,Iodine|air|unspecified,1010
South America,Marginally acceptable conformity,Iodine|air|urban air close to ground,1011
South America,Acceptable conformity,Iodine|natural resource|in water,1012
South America,Acceptable conformity,Iodine|water|surface water,1013
South America,Acceptable conformity,Iodine-129|air|non-urban air or from high stacks,1003
South America,Marginally acceptable conformity,Iodine-131|air|non-urban air or from high stacks,1004
South America,Acceptable conformity,Iodine-131|water|surface water,1005
South America,Acceptable conformity,Iodine-133|air|non-urban air or from high stacks,1006
South America,Acceptable conformity,Iodine-133|water|surface water,1007
South America,Acceptable conformity,Iodosulfuron|soil|agricultural,1015
South America,Marginally acceptable conformity,Iodosulfuron-methyl-sodium|soil|agricultural,1014
South America,Nonconformity,Ioxynil|soil|agricultural,1016
South America,Acceptable conformity,Iprodione|soil|agricultural,1017
South America,Nonconformity,Iron|natural resource|in ground,1031
South America,Marginally acceptable conformity,"Iron ion|air|low population density, long-term",1019
South America,Nonconformity,Iron ion|air|non-urban air or from high stacks,1020
South America,Nonconformity,Iron ion|air|unspecified,1021
South America,Marginally acceptable conformity,Iron ion|air|urban air close to ground,1022
South America,Marginally acceptable conformity,Iron ion|soil|agricultural,1023
South America,Marginally acceptable conformity,Iron ion|soil|industrial,1024
South America,Nonconformity,Iron ion|soil|unspecified,1025
South America,Acceptable conformity,Iron ion|water|ground-,1026
South America,Acceptable conformity,"Iron ion|water|ground-, long-term",1027
South America,Marginally acceptable conformity,Iron ion|water|ocean,1028
South America,Nonconformity,Iron ion|water|surface water,1029
South America,Nonconformity,Iron ion|water|unspecified,1030
South America,Acceptable conformity,Iron-59|water|surface water,1018
South America,Acceptable conformity,Isobutanol|air|urban air close to ground,1032
South America,Marginally acceptable conformity,Isobutanol|water|surface water,1033
South America,Nonconformity,Isocyanic acid|air|urban air close to ground,1034
South America,Nonconformity,Isohexane|air|urban air close to ground,1035
South America,Nonconformity,Isohexane|water|surface water,1036
South America,Nonconformity,Isoprene|air|non-urban air or from high stacks,1037
South America,Marginally acceptable conformity,Isopropanol|air|non-urban air or from high stacks,1038
South America,Marginally acceptable conformity,Isopropanol|air|urban air close to ground,1039
South America,Marginally acceptable conformity,Isopropanol|water|surface water,1040
South America,Nonconformity,Isopropanol|water|unspecified,1041
South America,Acceptable conformity,Isopropylamine|air|urban air close to ground,1042
South America,Acceptable conformity,Isopropylamine|water|surface water,1043
South America,Nonconformity,Isoproturon|soil|agricultural,1044
South America,Nonconformity,Kaolinite|natural resource|in ground,1045
South America,Marginally acceptable conformity,Ketene|air|unspecified,1046
South America,Acceptable conformity,Kieserite|natural resource|in ground,1047
South America,Nonconformity,Kresoxim-methyl|soil|agricultural,1048
South America,Acceptable conformity,Krypton|natural resource|in air,1054
South America,Acceptable conformity,Krypton-85|air|non-urban air or from high stacks,1049
South America,Acceptable conformity,Krypton-85m|air|non-urban air or from high stacks,1050
South America,Marginally acceptable conformity,Krypton-87|air|non-urban air or from high stacks,1051
South America,Marginally acceptable conformity,Krypton-88|air|non-urban air or from high stacks,1052
South America,Acceptable conformity,Krypton-89|air|non-urban air or from high stacks,1053
South America,Acceptable conformity,Lactic acid|air|urban air close to ground,1055
South America,Acceptable conformity,Lactic acid|water|surface water,1056
South America,Nonconformity,Lactofen|soil|agricultural,1057
South America,Marginally acceptable conformity,Lambda-cyhalothrin|air|non-urban air or from high stacks,1058
South America,Marginally acceptable conformity,Lambda-cyhalothrin|soil|agricultural,1059
South America,Nonconformity,Lambda-cyhalothrin|soil|forestry,1060
South America,Acceptable conformity,Lambda-cyhalothrin|water|ground-,1061
South America,Close conformity,Lambda-cyhalothrin|water|surface water,1062
South America,Acceptable conformity,Lambda-cyhalothrin|water|unspecified,1063
South America,Nonconformity,Lanthanum|natural resource|in ground,1066
South America,Nonconformity,Lanthanum-140|air|non-urban air or from high stacks,1064
South America,Acceptable conformity,Lanthanum-140|water|surface water,1065
South America,Marginally acceptable conformity,Laterite|natural resource|in ground,1067
South America,Marginally acceptable conformity,Lauric acid|air|unspecified,1068
South America,Nonconformity,Lauric acid|water|unspecified,1069
South America,Marginally acceptable conformity,Lead|natural resource|in ground,1090
South America,Acceptable conformity,"Lead II|air|low population density, long-term",1076
South America,Nonconformity,Lead II|air|lower stratosphere + upper troposphere,1077
South America,Acceptable conformity,Lead II|air|non-urban air or from high stacks,1078
South America,Marginally acceptable conformity,Lead II|air|unspecified,1079
South America,Marginally acceptable conformity,Lead II|air|urban air close to ground,1080
South America,Marginally acceptable conformity,Lead II|soil|agricultural,1081
South America,Nonconformity,Lead II|soil|forestry,1082
South America,Acceptable conformity,Lead II|soil|industrial,1083
South America,Acceptable conformity,Lead II|soil|unspecified,1084
South America,Nonconformity,Lead II|water|ground-,1085
South America,Acceptable conformity,"Lead II|water|ground-, long-term",1086
South America,Nonconformity,Lead II|water|ocean,1087
South America,Nonconformity,Lead II|water|surface water,1088
South America,Marginally acceptable conformity,Lead II|water|unspecified,1089
South America,Nonconformity,Lead-210|air|non-urban air or from high stacks,1070
South America,Acceptable conformity,Lead-210|air|unspecified,1071
South America,Marginally acceptable conformity,Lead-210|air|urban air close to ground,1072
South America,Marginally acceptable conformity,Lead-210|water|ground-,1073
South America,Marginally acceptable conformity,Lead-210|water|ocean,1074
South America,Acceptable conformity,Lead-210|water|surface water,1075
South America,Nonconformity,Lenacil|soil|agricultural,1091
South America,Marginally acceptable conformity,Linuron|soil|agricultural,1092
South America,Acceptable conformity,Lithium|natural resource|in ground,1098
South America,Nonconformity,Lithium I|air|urban air close to ground,1093
South America,Nonconformity,Lithium I|soil|unspecified,1094
South America,Nonconformity,Lithium I|water|ground-,1095
South America,Acceptable conformity,Lithium I|water|ocean,1096
South America,Acceptable conformity,Lithium I|water|surface water,1097
South America,Marginally acceptable conformity,Lufenuron|soil|agricultural,1099
South America,Marginally acceptable conformity,Lufenuron|soil|forestry,1100
South America,Marginally acceptable conformity,Lutetium|natural resource|in ground,1101
South America,Nonconformity,MCPA|air|non-urban air or from high stacks,1143
South America,Nonconformity,MCPA|soil|agricultural,1144
South America,Nonconformity,MCPA|water|ground-,1145
South America,Nonconformity,MCPA|water|surface water,1146
South America,Acceptable conformity,MCPB|air|non-urban air or from high stacks,1147
South America,Marginally acceptable conformity,MCPB|soil|agricultural,1148
South America,Acceptable conformity,MCPB|water|ground-,1149
South America,Acceptable conformity,MCPB|water|surface water,1150
South America,Acceptable conformity,Magnesite|natural resource|in ground,1106
South America,Close conformity,"Magnesium|air|low population density, long-term",1107
South America,Acceptable conformity,Magnesium|air|non-urban air or from high stacks,1108
South America,Acceptable conformity,Magnesium|air|unspecified,1109
South America,Marginally acceptable conformity,Magnesium|air|urban air close to ground,1110
South America,Nonconformity,Magnesium|natural resource|in ground,1111
South America,Marginally acceptable conformity,Magnesium|soil|agricultural,1112
South America,Marginally acceptable conformity,Magnesium|soil|industrial,1113
South America,Marginally acceptable conformity,Magnesium|soil|unspecified,1114
South America,Acceptable conformity,Magnesium|water|ground-,1115
South America,Marginally acceptable conformity,"Magnesium|water|ground-, long-term",1116
South America,Acceptable conformity,Magnesium|water|ocean,1117
South America,Acceptable conformity,Magnesium|water|surface water,1118
South America,Nonconformity,Malathion|soil|agricultural,1119
South America,Acceptable conformity,Maleic anhydride|water|unspecified,1120
South America,Marginally acceptable conformity,Mancozeb|air|non-urban air or from high stacks,1121
South America,Acceptable conformity,Mancozeb|soil|agricultural,1122
South America,Nonconformity,Mancozeb|soil|forestry,1123
South America,Marginally acceptable conformity,Mancozeb|water|ground-,1124
South America,Marginally acceptable conformity,Mancozeb|water|unspecified,1125
South America,Acceptable conformity,Mandipropamid|soil|agricultural,1126
South America,Acceptable conformity,Maneb|soil|agricultural,1127
South America,Nonconformity,Manganese|natural resource|in ground,1142
South America,Marginally acceptable conformity,"Manganese II|air|low population density, long-term",1130
South America,Close conformity,Manganese II|air|non-urban air or from high stacks,1131
South America,Marginally acceptable conformity,Manganese II|air|unspecified,1132
South America,Acceptable conformity,Manganese II|air|urban air close to ground,1133
South America,Acceptable conformity,Manganese II|soil|agricultural,1134
South America,Nonconformity,Manganese II|soil|industrial,1135
South America,Nonconformity,Manganese II|soil|unspecified,1136
South America,Marginally acceptable conformity,Manganese II|water|ground-,1137
South America,Acceptable conformity,"Manganese II|water|ground-, long-term",1138
South America,Acceptable conformity,Manganese II|water|ocean,1139
South America,Nonconformity,Manganese II|water|surface water,1140
South America,Nonconformity,Manganese II|water|unspecified,1141
South America,Nonconformity,Manganese-54|air|non-urban air or from high stacks,1128
South America,Nonconformity,Manganese-54|water|surface water,1129
South America,Acceptable conformity,Mecoprop|soil|agricultural,1152
South America,Nonconformity,Mecoprop-P|soil|agricultural,1151
South America,Marginally acceptable conformity,Mefenpyr|soil|agricultural,1154
South America,Marginally acceptable conformity,Mefenpyr-diethyl|soil|agricultural,1153
South America,Marginally acceptable conformity,Mefentrifluconazole|soil|agricultural,1155
South America,Acceptable conformity,Mepiquat chloride|soil|agricultural,1156
South America,Acceptable conformity,Mercury|natural resource|in ground,1170
South America,Acceptable conformity,"Mercury II|air|low population density, long-term",1157
South America,Nonconformity,Mercury II|air|lower stratosphere + upper troposphere,1158
South America,Nonconformity,Mercury II|air|non-urban air or from high stacks,1159
South America,Acceptable conformity,Mercury II|air|unspecified,1160
South America,Marginally acceptable conformity,Mercury II|air|urban air close to ground,1161
South America,Acceptable conformity,Mercury II|soil|agricultural,1162
South America,Nonconformity,Mercury II|soil|industrial,1163
South America,Acceptable conformity,Mercury II|soil|unspecified,1164
South America,Acceptable conformity,Mercury II|water|ground-,1165
South America,Close conformity,"Mercury II|water|ground-, long-term",1166
South America,Marginally acceptable conformity,Mercury II|water|ocean,1167
South America,Acceptable conformity,Mercury II|water|surface water,1168
South America,Nonconformity,Mercury II|water|unspecified,1169
South America,Acceptable conformity,Mesosulfuron-methyl (prop)|soil|agricultural,1171
South America,Marginally acceptable conformity,Mesotrione|air|non-urban air or from high stacks,1172
South America,Nonconformity,Mesotrione|soil|agricultural,1173
South America,Nonconformity,Mesotrione|soil|forestry,1174
South America,Marginally acceptable conformity,Mesotrione|water|unspecified,1175
South America,Marginally acceptable conformity,Metalaxil|soil|agricultural,1176
South America,Marginally acceptable conformity,Metalaxyl-M|air|non-urban air or from high stacks,1177
South America,Marginally acceptable conformity,Metalaxyl-M|soil|agricultural,1178
South America,Marginally acceptable conformity,Metalaxyl-M|soil|forestry,1179
South America,Marginally acceptable conformity,Metalaxyl-M|water|ground-,1180
South America,Marginally acceptable conformity,Metalaxyl-M|water|unspecified,1181
South America,Marginally acceptable conformity,Metam-sodium|soil|agricultural,1182
South America,Marginally acceptable conformity,Metamitron|soil|agricultural,1183
South America,Nonconformity,Metazachlor|soil|agricultural,1184
South America,Nonconformity,Metconazole|soil|agricultural,1185
South America,Marginally acceptable conformity,"Methane, bromo-, Halon 1001|air|unspecified",1186
South America,Marginally acceptable conformity,"Methane, bromo-, Halon 1001|air|urban air close to ground",1187
South America,Acceptable conformity,"Methane, bromochlorodifluoro-, Halon 1211|air|non-urban air or from high stacks",1188
South America,Acceptable conformity,"Methane, bromotrifluoro-, Halon 1301|air|non-urban air or from high stacks",1189
South America,Nonconformity,"Methane, bromotrifluoro-, Halon 1301|air|urban air close to ground",1190
South America,Marginally acceptable conformity,"Methane, fossil|air|non-urban air or from high stacks",1191
South America,Marginally acceptable conformity,"Methane, fossil|air|unspecified",1192
South America,Marginally acceptable conformity,"Methane, fossil|air|urban air close to ground",1193
South America,Acceptable conformity,"Methane, from soil or biomass stock|air|non-urban air or from high stacks",1194
South America,Marginally acceptable conformity,"Methane, non-fossil|air|non-urban air or from high stacks",1195
South America,Acceptable conformity,"Methane, non-fossil|air|unspecified",1196
South America,Nonconformity,"Methane, non-fossil|air|urban air close to ground",1197
South America,Acceptable conformity,Methanesulfonic acid|air|urban air close to ground,1198
South America,Acceptable conformity,Methanol|air|non-urban air or from high stacks,1199
South America,Nonconformity,Methanol|air|unspecified,1200
South America,Marginally acceptable conformity,Methanol|air|urban air close to ground,1201
South America,Acceptable conformity,Methanol|water|surface water,1202
South America,Nonconformity,Methanol|water|unspecified,1203
South America,Marginally acceptable conformity,Methomyl|air|non-urban air or from high stacks,1204
South America,Nonconformity,Methomyl|soil|agricultural,1205
South America,Acceptable conformity,Methomyl|soil|forestry,1206
South America,Acceptable conformity,Methomyl|water|ground-,1207
South America,Acceptable conformity,Methomyl|water|surface water,1208
South America,Marginally acceptable conformity,Methomyl|water|unspecified,1209
South America,Nonconformity,Methoxyfenozide|air|non-urban air or from high stacks,1210
South America,Acceptable conformity,Methoxyfenozide|soil|agricultural,1211
South America,Acceptable conformity,Methoxyfenozide|soil|forestry,1212
South America,Marginally acceptable conformity,Methoxyfenozide|water|ground-,1213
South America,Nonconformity,Methoxyfenozide|water|unspecified,1214
South America,Nonconformity,Methyl acetate|air|unspecified,1215
South America,Acceptable conformity,Methyl acetate|air|urban air close to ground,1216
South America,Acceptable conformity,Methyl acetate|water|surface water,1217
South America,Marginally acceptable conformity,Methyl acrylate|air|urban air close to ground,1218
South America,Acceptable conformity,Methyl acrylate|water|surface water,1219
South America,Acceptable conformity,Methyl ethyl ketone|air|non-urban air or from high stacks,1220
South America,Marginally acceptable conformity,Methyl ethyl ketone|air|urban air close to ground,1221
South America,Nonconformity,Methyl formate|air|unspecified,1222
South America,Marginally acceptable conformity,Methyl formate|air|urban air close to ground,1223
South America,Marginally acceptable conformity,Methyl formate|water|surface water,1224
South America,Acceptable conformity,Methyl lactate|air|urban air close to ground,1225
South America,Acceptable conformity,Methylamine|air|unspecified,1226
South America,Acceptable conformity,Methylamine|air|urban air close to ground,1227
South America,Marginally acceptable conformity,Methylamine|water|surface water,1228
South America,Nonconformity,Methylamine|water|unspecified,1229
South America,Marginally acceptable conformity,Methylchloride|air|non-urban air or from high stacks,1230
South America,Marginally acceptable conformity,Methylchloride|air|unspecified,1231
South America,Acceptable conformity,Metolachlor|air|non-urban air or from high stacks,1232
South America,Acceptable conformity,Metolachlor|soil|agricultural,1233
South America,Nonconformity,Metolachlor|soil|forestry,1234
South America,Acceptable conformity,Metolachlor|water|ground-,1235
South America,Marginally acceptable conformity,Metolachlor|water|surface water,1236
South America,Acceptable conformity,Metosulam|soil|agricultural,1237
South America,Acceptable conformity,Metribuzin|soil|agricultural,1238
South America,Marginally acceptable conformity,Metsulfuron-methyl|air|non-urban air or from high stacks,1239
South America,Marginally acceptable conformity,Metsulfuron-methyl|air|unspecified,1240
South America,Acceptable conformity,Metsulfuron-methyl|soil|agricultural,1241
South America,Marginally acceptable conformity,Metsulfuron-methyl|soil|forestry,1242
South America,Marginally acceptable conformity,Metsulfuron-methyl|water|ground-,1243
South America,Nonconformity,Metsulfuron-methyl|water|surface water,1244
South America,Marginally acceptable conformity,Metsulfuron-methyl|water|unspecified,1245
South America,Acceptable conformity,Mineral oil|soil|agricultural,1246
South America,Acceptable conformity,Molinate|soil|agricultural,1247
South America,Marginally acceptable conformity,Molybdenum|natural resource|in ground,1261
South America,Nonconformity,"Molybdenum VI|air|low population density, long-term",1249
South America,Marginally acceptable conformity,Molybdenum VI|air|non-urban air or from high stacks,1250
South America,Marginally acceptable conformity,Molybdenum VI|air|unspecified,1251
South America,Nonconformity,Molybdenum VI|air|urban air close to ground,1252
South America,Acceptable conformity,Molybdenum VI|soil|agricultural,1253
South America,Nonconformity,Molybdenum VI|soil|industrial,1254
South America,Marginally acceptable conformity,Molybdenum VI|soil|unspecified,1255
South America,Marginally acceptable conformity,Molybdenum VI|water|ground-,1256
South America,Acceptable conformity,"Molybdenum VI|water|ground-, long-term",1257
South America,Acceptable conformity,Molybdenum VI|water|ocean,1258
South America,Marginally acceptable conformity,Molybdenum VI|water|surface water,1259
South America,Acceptable conformity,Molybdenum VI|water|unspecified,1260
South America,Marginally acceptable conformity,Molybdenum-99|water|surface water,1248
South America,Acceptable conformity,Monobutyltin (III)|water|ocean,1262
South America,Marginally acceptable conformity,Monochlorobenzene|water|surface water,1263
South America,Nonconformity,Monochloroethane|air|unspecified,1264
South America,Acceptable conformity,Monocrotophos|soil|agricultural,1265
South America,Nonconformity,Monoethanolamine|air|urban air close to ground,1266
South America,Acceptable conformity,Monoethanolamine|water|unspecified,1267
South America,Acceptable conformity,Monopotassium phosphite|soil|agricultural,1268
South America,Marginally acceptable conformity,Myclobutanil|soil|agricultural,1269
South America,Acceptable conformity,"N,N-Dimethylformamide|water|unspecified",1270
South America,Nonconformity,"NMVOC, non-methane volatile organic compounds|air|lower stratosphere + upper troposphere",1335
South America,Marginally acceptable conformity,"NMVOC, non-methane volatile organic compounds|air|non-urban air or from high stacks",1336
South America,Acceptable conformity,"NMVOC, non-methane volatile organic compounds|air|unspecified",1337
South America,Acceptable conformity,"NMVOC, non-methane volatile organic compounds|air|urban air close to ground",1338
South America,Nonconformity,Naphthalene|air|non-urban air or from high stacks,1271
South America,Marginally acceptable conformity,Naphthalene|air|unspecified,1272
South America,Nonconformity,Naphthalene|water|surface water,1273
South America,Nonconformity,Napropamide|soil|agricultural,1274
South America,Nonconformity,Neodymium|natural resource|in ground,1275
South America,Marginally acceptable conformity,"Nickel II|air|low population density, long-term",1276
South America,Nonconformity,Nickel II|air|lower stratosphere + upper troposphere,1277
South America,Nonconformity,Nickel II|air|non-urban air or from high stacks,1278
South America,Marginally acceptable conformity,Nickel II|air|unspecified,1279
South America,Nonconformity,Nickel II|air|urban air close to ground,1280
South America,Acceptable conformity,Nickel II|soil|agricultural,1281
South America,Marginally acceptable conformity,Nickel II|soil|forestry,1282
South America,Nonconformity,Nickel II|soil|industrial,1283
South America,Marginally acceptable conformity,Nickel II|soil|unspecified,1284
South America,Nonconformity,Nickel II|water|ground-,1285
South America,Marginally acceptable conformity,"Nickel II|water|ground-, long-term",1286
South America,Acceptable conformity,Nickel II|water|ocean,1287
South America,Nonconformity,Nickel II|water|surface water,1288
South America,Nonconformity,Nickel II|water|unspecified,1289
South America,Nonconformity,Nicosulfuron|soil|forestry,1290
South America,Nonconformity,Niobium|natural resource|in ground,1293
South America,Acceptable conformity,Niobium-95|air|non-urban air or from high stacks,1291
South America,Acceptable conformity,Niobium-95|water|surface water,1292
South America,Marginally acceptable conformity,"Nitrate|air|low population density, long-term",1294
South America,Nonconformity,Nitrate|air|non-urban air or from high stacks,1295
South America,Marginally acceptable conformity,Nitrate|air|unspecified,1296
South America,Nonconformity,Nitrate|air|urban air close to ground,1297
South America,Marginally acceptable conformity,Nitrate|soil|unspecified,1298
South America,Acceptable conformity,Nitrate|water|ground-,1299
South America,Acceptable conformity,"Nitrate|water|ground-, long-term",1300
South America,Marginally acceptable conformity,Nitrate|water|ocean,1301
South America,Marginally acceptable conformity,Nitrate|water|surface water,1302
South America,Acceptable conformity,Nitrate|water|unspecified,1303
South America,Acceptable conformity,Nitric acid|air|unspecified,1304
South America,Nonconformity,Nitric acid|air|urban air close to ground,1305
South America,Nonconformity,Nitric acid|soil|industrial,1306
South America,Nonconformity,Nitric oxide|air|unspecified,1307
South America,Nonconformity,Nitrite|water|ground-,1308
South America,Marginally acceptable conformity,"Nitrite|water|ground-, long-term",1309
South America,Acceptable conformity,Nitrite|water|ocean,1310
South America,Acceptable conformity,Nitrite|water|surface water,1311
South America,Acceptable conformity,Nitrite|water|unspecified,1312
South America,Marginally acceptable conformity,Nitrobenzene|air|urban air close to ground,1313
South America,Nonconformity,Nitrobenzene|water|surface water,1314
South America,Acceptable conformity,Nitrobenzene|water|unspecified,1315
South America,Nonconformity,Nitrogen|air|non-urban air or from high stacks,1327
South America,Marginally acceptable conformity,Nitrogen|air|unspecified,1328
South America,Close conformity,Nitrogen|natural resource|in air,1329
South America,Acceptable conformity,Nitrogen|soil|industrial,1330
South America,Acceptable conformity,Nitrogen|soil|unspecified,1331
South America,Marginally acceptable conformity,Nitrogen|water|ocean,1332
South America,Nonconformity,Nitrogen|water|surface water,1333
South America,Acceptable conformity,Nitrogen|water|unspecified,1334
South America,Nonconformity,Nitrogen dioxide|water|surface water,1316
South America,Acceptable conformity,Nitrogen fluoride|air|urban air close to ground,1317
South America,Marginally acceptable conformity,"Nitrogen oxides|air|low population density, long-term",1318
South America,Nonconformity,Nitrogen oxides|air|lower stratosphere + upper troposphere,1319
South America,Nonconformity,Nitrogen oxides|air|non-urban air or from high stacks,1320
South America,Marginally acceptable conformity,Nitrogen oxides|air|unspecified,1321
South America,Acceptable conformity,Nitrogen oxides|air|urban air close to ground,1322
South America,Marginally acceptable conformity,"Nitrogen, organic bound|water|ground-",1323
South America,Acceptable conformity,"Nitrogen, organic bound|water|ground-, long-term",1324
South America,Acceptable conformity,"Nitrogen, organic bound|water|surface water",1325
South America,Nonconformity,"Nitrogen, organic bound|water|unspecified",1326
South America,Acceptable conformity,"Noble gases, radioactive, unspecified|air|non-urban air or from high stacks",1339
South America,Close conformity,Non-hazardous waste disposed|inventory indicator|waste,1340
South America,Nonconformity,Novaluron|soil|agricultural,1341
South America,Nonconformity,"Occupation, annual crop|natural resource|land",1354
South America,Acceptable conformity,"Occupation, annual crop, irrigated|natural resource|land",1350
South America,Close conformity,"Occupation, annual crop, irrigated, intensive|natural resource|land",1349
South America,Acceptable conformity,"Occupation, annual crop, non-irrigated|natural resource|land",1353
South America,Acceptable conformity,"Occupation, annual crop, non-irrigated, extensive|natural resource|land",1351
South America,Acceptable conformity,"Occupation, annual crop, non-irrigated, intensive|natural resource|land",1352
South America,Acceptable conformity,"Occupation, arable land, unspecified use|natural resource|land",1355
South America,Marginally acceptable conformity,"Occupation, bare area (non-use)|natural resource|land",1356
South America,Nonconformity,"Occupation, construction site|natural resource|land",1357
South America,Nonconformity,"Occupation, cropland fallow (non-use)|natural resource|land",1358
South America,Nonconformity,"Occupation, dump site|natural resource|land",1359
South America,Nonconformity,"Occupation, forest, extensive|natural resource|land",1360
South America,Acceptable conformity,"Occupation, forest, intensive|natural resource|land",1361
South America,Marginally acceptable conformity,"Occupation, grassland, natural (non-use)|natural resource|land",1362
South America,Nonconformity,"Occupation, grassland, natural, for livestock grazing|natural resource|land",1363
South America,Nonconformity,"Occupation, industrial area|natural resource|land",1364
South America,Marginally acceptable conformity,"Occupation, inland waterbody, unspecified|natural resource|land",1365
South America,Acceptable conformity,"Occupation, lake, artificial|natural resource|land",1366
South America,Nonconformity,"Occupation, mineral extraction site|natural resource|land",1367
South America,Acceptable conformity,"Occupation, pasture, man made|natural resource|land",1370
South America,Marginally acceptable conformity,"Occupation, pasture, man made, extensive|natural resource|land",1368
South America,Nonconformity,"Occupation, pasture, man made, intensive|natural resource|land",1369
South America,Marginally acceptable conformity,"Occupation, permanent crop|natural resource|land",1374
South America,Nonconformity,"Occupation, permanent crop, irrigated|natural resource|land",1372
South America,Acceptable conformity,"Occupation, permanent crop, irrigated, intensive|natural resource|land",1371
South America,Acceptable conformity,"Occupation, permanent crop, non-irrigated|natural resource|land",1373
South America,Marginally acceptable conformity,"Occupation, river, artificial|natural resource|land",1375
South America,Marginally acceptable conformity,"Occupation, seabed, drilling and mining|natural resource|land",1376
South America,Marginally acceptable conformity,"Occupation, seabed, infrastructure|natural resource|land",1377
South America,Acceptable conformity,"Occupation, traffic area, rail network|natural resource|land",1378
South America,Acceptable conformity,"Occupation, traffic area, rail/road embankment|natural resource|land",1379
South America,Close conformity,"Occupation, traffic area, road network|natural resource|land",1380
South America,Marginally acceptable conformity,"Occupation, unspecified|natural resource|land",1382
South America,Nonconformity,"Occupation, unspecified, natural (non-use)|natural resource|land",1381
South America,Marginally acceptable conformity,"Occupation, urban, discontinuously built|natural resource|land",1383
South America,Acceptable conformity,Octaethylene glycol monododecyl ether|air|unspecified,1384
South America,Marginally acceptable conformity,"Oil, crude|natural resource|in ground",1385
South America,Acceptable conformity,"Oils, non-fossil|soil|forestry",1386
South America,Acceptable conformity,"Oils, non-fossil|soil|industrial",1387
South America,Marginally acceptable conformity,"Oils, non-fossil|soil|unspecified",1388
South America,Marginally acceptable conformity,"Oils, non-fossil|water|ocean",1389
South America,Acceptable conformity,"Oils, non-fossil|water|surface water",1390
South America,Acceptable conformity,"Oils, unspecified|soil|industrial",1391
South America,Marginally acceptable conformity,"Oils, unspecified|soil|unspecified",1392
South America,Acceptable conformity,"Oils, unspecified|water|ocean",1393
South America,Nonconformity,"Oils, unspecified|water|surface water",1394
South America,Nonconformity,"Oils, unspecified|water|unspecified",1395
South America,Acceptable conformity,Olivine|natural resource|in ground,1396
South America,Marginally acceptable conformity,Orbencarb|soil|agricultural,1397
South America,Nonconformity,Organic carbon|air|urban air close to ground,1399
South America,Nonconformity,Organic carbon|soil|unspecified,1400
South America,Nonconformity,Organic carbon|water|ground-,1401
South America,Nonconformity,"Organic carbon, placed in landfill|inventory indicator|waste",1398
South America,Acceptable conformity,Oxamyl|soil|agricultural,1402
South America,Acceptable conformity,Oxyfluorfen|air|non-urban air or from high stacks,1403
South America,Acceptable conformity,Oxyfluorfen|soil|agricultural,1404
South America,Acceptable conformity,Oxyfluorfen|water|surface water,1405
South America,Nonconformity,Oxygen|air|unspecified,1406
South America,Marginally acceptable conformity,Oxygen|natural resource|in air,1407
South America,Nonconformity,Oxygen|water|surface water,1408
South America,Nonconformity,Ozone|air|unspecified,1409
South America,Acceptable conformity,Ozone|air|urban air close to ground,1410
South America,Acceptable conformity,"PAH, polycyclic aromatic hydrocarbons|air|non-urban air or from high stacks",1411
South America,Marginally acceptable conformity,"PAH, polycyclic aromatic hydrocarbons|air|unspecified",1412
South America,Nonconformity,"PAH, polycyclic aromatic hydrocarbons|air|urban air close to ground",1413
South America,Nonconformity,"PAH, polycyclic aromatic hydrocarbons|soil|unspecified",1414
South America,Nonconformity,"PAH, polycyclic aromatic hydrocarbons|water|ground-",1415
South America,Marginally acceptable conformity,"PAH, polycyclic aromatic hydrocarbons|water|ocean",1416
South America,Marginally acceptable conformity,"PAH, polycyclic aromatic hydrocarbons|water|surface water",1417
South America,Nonconformity,"PAH, polycyclic aromatic hydrocarbons|water|unspecified",1418
South America,Acceptable conformity,Palladium|natural resource|in ground,1420
South America,Acceptable conformity,Palladium II|air|unspecified,1419
South America,Acceptable conformity,Paraffins|air|non-urban air or from high stacks,1421
South America,Acceptable conformity,Paraquat|soil|agricultural,1422
South America,Marginally acceptable conformity,Parathion|soil|agricultural,1423
South America,Marginally acceptable conformity,"Particulate Matter, < 2.5 um|air|low population density, long-term",1424
South America,Nonconformity,"Particulate Matter, < 2.5 um|air|lower stratosphere + upper troposphere",1425
South America,Nonconformity,"Particulate Matter, < 2.5 um|air|non-urban air or from high stacks",1426
South America,Nonconformity,"Particulate Matter, < 2.5 um|air|unspecified",1427
South America,Marginally acceptable conformity,"Particulate Matter, < 2.5 um|air|urban air close to ground",1428
South America,Marginally acceptable conformity,"Particulate Matter, > 10 um|air|low population density, long-term",1429
South America,Acceptable conformity,"Particulate Matter, > 10 um|air|non-urban air or from high stacks",1430
South America,Nonconformity,"Particulate Matter, > 10 um|air|unspecified",1431
South America,Acceptable conformity,"Particulate Matter, > 10 um|air|urban air close to ground",1432
South America,Acceptable conformity,"Particulate Matter, > 2.5 um and < 10um|air|low population density, long-term",1433
South America,Acceptable conformity,"Particulate Matter, > 2.5 um and < 10um|air|non-urban air or from high stacks",1434
South America,Acceptable conformity,"Particulate Matter, > 2.5 um and < 10um|air|unspecified",1435
South America,Acceptable conformity,"Particulate Matter, > 2.5 um and < 10um|air|urban air close to ground",1436
South America,Nonconformity,Peat|natural resource|biotic,1437
South America,Nonconformity,Pendimethalin|air|non-urban air or from high stacks,1438
South America,Nonconformity,Pendimethalin|soil|agricultural,1439
South America,Nonconformity,Pentachlorobenzene|air|non-urban air or from high stacks,1440
South America,Acceptable conformity,Pentachlorobenzene|air|unspecified,1441
South America,Close conformity,Pentachlorobenzene|air|urban air close to ground,1442
South America,Acceptable conformity,Pentachlorobenzene|water|unspecified,1443
South America,Nonconformity,Pentachlorophenol|air|non-urban air or from high stacks,1444
South America,Acceptable conformity,Pentachlorophenol|air|unspecified,1445
South America,Acceptable conformity,Pentachlorophenol|air|urban air close to ground,1446
South America,Acceptable conformity,Pentachlorophenol|soil|unspecified,1447
South America,Marginally acceptable conformity,Pentafluoroethane|air|non-urban air or from high stacks,1448
South America,Marginally acceptable conformity,Pentane|air|non-urban air or from high stacks,1449
South America,Marginally acceptable conformity,Pentane|air|unspecified,1450
South America,Nonconformity,Pentane|air|urban air close to ground,1451
South America,Nonconformity,Peracetic acid|water|unspecified,1452
South America,Acceptable conformity,Perlite|natural resource|in ground,1453
South America,Acceptable conformity,Permethrin|soil|agricultural,1454
South America,Marginally acceptable conformity,"Pesticides, unspecified|soil|agricultural",1455
South America,Marginally acceptable conformity,"Pesticides, unspecified|soil|forestry",1456
South America,Marginally acceptable conformity,"Pesticides, unspecified|water|ground-",1457
South America,Acceptable conformity,"Pesticides, unspecified|water|unspecified",1458
South America,Nonconformity,Phenanthrene|air|non-urban air or from high stacks,1459
South America,Nonconformity,Phenanthrene|air|unspecified,1460
South America,Marginally acceptable conformity,Phenanthrene|water|surface water,1461
South America,Marginally acceptable conformity,Phenmedipham|soil|agricultural,1462
South America,Nonconformity,Phenol|air|non-urban air or from high stacks,1463
South America,Marginally acceptable conformity,Phenol|air|unspecified,1464
South America,Nonconformity,Phenol|air|urban air close to ground,1465
South America,Acceptable conformity,Phenol|water|ocean,1466
South America,Acceptable conformity,Phenol|water|surface water,1467
South America,Nonconformity,Phenol|water|unspecified,1468
South America,Acceptable conformity,Phenyltin|water|ocean,1469
South America,Acceptable conformity,Phorate|soil|agricultural,1470
South America,Marginally acceptable conformity,Phosmet|soil|agricultural,1471
South America,Acceptable conformity,Phosphate|water|ground-,1472
South America,Acceptable conformity,"Phosphate|water|ground-, long-term",1473
South America,Marginally acceptable conformity,Phosphate|water|ocean,1474
South America,Marginally acceptable conformity,Phosphate|water|surface water,1475
South America,Nonconformity,Phosphate|water|unspecified,1476
South America,Marginally acceptable conformity,Phosphine|air|urban air close to ground,1477
South America,Acceptable conformity,Phosphoric acid|air|non-urban air or from high stacks,1478
South America,Acceptable conformity,Phosphoric acid|air|urban air close to ground,1479
South America,Marginally acceptable conformity,Phosphorous acid|soil|agricultural,1480
South America,Acceptable conformity,"Phosphorus|air|low population density, long-term",1484
South America,Acceptable conformity,Phosphorus|air|non-urban air or from high stacks,1485
South America,Marginally acceptable conformity,Phosphorus|air|unspecified,1486
South America,Marginally acceptable conformity,Phosphorus|air|urban air close to ground,1487
South America,Marginally acceptable conformity,Phosphorus|natural resource|in ground,1488
South America,Marginally acceptable conformity,Phosphorus|soil|agricultural,1489
South America,Marginally acceptable conformity,Phosphorus|soil|industrial,1490
South America,Marginally acceptable conformity,Phosphorus|soil|unspecified,1491
South America,Acceptable conformity,Phosphorus|water|ground-,1492
South America,Acceptable conformity,Phosphorus|water|ocean,1493
South America,Marginally acceptable conformity,Phosphorus|water|surface water,1494
South America,Acceptable conformity,Phosphorus|water|unspecified,1495
South America,Marginally acceptable conformity,Phosphorus oxychloride|water|unspecified,1481
South America,Nonconformity,Phosphorus trichloride|air|unspecified,1482
South America,Nonconformity,Phosphorus trichloride|air|urban air close to ground,1483
South America,Acceptable conformity,Picloram|soil|agricultural,1496
South America,Marginally acceptable conformity,Picoxystrobin|soil|agricultural,1497
South America,Marginally acceptable conformity,Picoxystrobin|soil|forestry,1498
South America,Marginally acceptable conformity,Piperonyl butoxide|soil|agricultural,1499
South America,Nonconformity,Pirimicarb|soil|agricultural,1500
South America,Nonconformity,Platinum|air|non-urban air or from high stacks,1501
South America,Acceptable conformity,Platinum|air|unspecified,1502
South America,Marginally acceptable conformity,Platinum|air|urban air close to ground,1503
South America,Acceptable conformity,Platinum|natural resource|in ground,1504
South America,Marginally acceptable conformity,Plutonium-238|air|non-urban air or from high stacks,1505
South America,Acceptable conformity,Plutonium-alpha|air|non-urban air or from high stacks,1506
South America,Marginally acceptable conformity,Polonium-210|air|non-urban air or from high stacks,1507
South America,Marginally acceptable conformity,Polonium-210|air|unspecified,1508
South America,Close conformity,Polonium-210|air|urban air close to ground,1509
South America,Acceptable conformity,Polonium-210|water|ground-,1510
South America,Nonconformity,Polonium-210|water|ocean,1511
South America,Acceptable conformity,Polonium-210|water|surface water,1512
South America,Marginally acceptable conformity,Polychlorinated biphenyls|air|non-urban air or from high stacks,1513
South America,Nonconformity,Polychlorinated biphenyls|air|unspecified,1514
South America,Nonconformity,Polychlorinated biphenyls|air|urban air close to ground,1515
South America,Marginally acceptable conformity,Polychlorinated biphenyls|water|unspecified,1516
South America,Acceptable conformity,Potassium|natural resource|in ground,1535
South America,Marginally acceptable conformity,"Potassium I|air|low population density, long-term",1523
South America,Acceptable conformity,Potassium I|air|non-urban air or from high stacks,1524
South America,Nonconformity,Potassium I|air|unspecified,1525
South America,Marginally acceptable conformity,Potassium I|air|urban air close to ground,1526
South America,Acceptable conformity,Potassium I|soil|agricultural,1527
South America,Marginally acceptable conformity,Potassium I|soil|industrial,1528
South America,Acceptable conformity,Potassium I|soil|unspecified,1529
South America,Acceptable conformity,Potassium I|water|ground-,1530
South America,Nonconformity,"Potassium I|water|ground-, long-term",1531
South America,Acceptable conformity,Potassium I|water|ocean,1532
South America,Nonconformity,Potassium I|water|surface water,1533
South America,Acceptable conformity,Potassium I|water|unspecified,1534
South America,Acceptable conformity,Potassium-40|air|non-urban air or from high stacks,1517
South America,Acceptable conformity,Potassium-40|air|unspecified,1518
South America,Acceptable conformity,Potassium-40|air|urban air close to ground,1519
South America,Marginally acceptable conformity,Potassium-40|water|ground-,1520
South America,Nonconformity,Potassium-40|water|ocean,1521
South America,Acceptable conformity,Potassium-40|water|surface water,1522
South America,Nonconformity,Praseodymium|natural resource|in ground,1536
South America,Nonconformity,Prochloraz|soil|agricultural,1537
South America,Nonconformity,Procymidone|soil|agricultural,1538
South America,Marginally acceptable conformity,Profenofos|soil|agricultural,1539
South America,Acceptable conformity,Prohexadione calcium|soil|agricultural,1540
South America,Marginally acceptable conformity,Propamocarb|soil|agricultural,1542
South America,Acceptable conformity,Propamocarb HCl|soil|agricultural,1541
South America,Marginally acceptable conformity,Propanal|air|non-urban air or from high stacks,1543
South America,Acceptable conformity,Propanal|air|unspecified,1544
South America,Nonconformity,Propanal|air|urban air close to ground,1545
South America,Acceptable conformity,Propanal|water|surface water,1546
South America,Marginally acceptable conformity,Propane|air|non-urban air or from high stacks,1547
South America,Acceptable conformity,Propane|air|unspecified,1548
South America,Close conformity,Propane|air|urban air close to ground,1549
South America,Marginally acceptable conformity,Propanol|air|non-urban air or from high stacks,1550
South America,Acceptable conformity,Propanol|air|urban air close to ground,1551
South America,Acceptable conformity,Propanol|water|surface water,1552
South America,Marginally acceptable conformity,Propargite|soil|agricultural,1553
South America,Acceptable conformity,Propiconazole|air|non-urban air or from high stacks,1554
South America,Marginally acceptable conformity,Propiconazole|soil|agricultural,1555
South America,Marginally acceptable conformity,Propiconazole|soil|forestry,1556
South America,Acceptable conformity,Propiconazole|water|ground-,1557
South America,Marginally acceptable conformity,Propiconazole|water|surface water,1558
South America,Nonconformity,Propiconazole|water|unspecified,1559
South America,Acceptable conformity,Propionic acid|air|non-urban air or from high stacks,1560
South America,Marginally acceptable conformity,Propionic acid|air|unspecified,1561
South America,Acceptable conformity,Propionic acid|air|urban air close to ground,1562
South America,Marginally acceptable conformity,Propionic acid|water|surface water,1563
South America,Acceptable conformity,Propoxycarbazone-sodium (prop)|soil|agricultural,1564
South America,Acceptable conformity,Propyl amine|air|urban air close to ground,1565
South America,Marginally acceptable conformity,Propyl amine|water|surface water,1566
South America,Nonconformity,Propylene|air|non-urban air or from high stacks,1570
South America,Nonconformity,Propylene|air|unspecified,1571
South America,Acceptable conformity,Propylene|air|urban air close to ground,1572
South America,Marginally acceptable conformity,Propylene|water|surface water,1573
South America,Acceptable conformity,Propylene oxide|air|unspecified,1567
South America,Marginally acceptable conformity,Propylene oxide|air|urban air close to ground,1568
South America,Nonconformity,Propylene oxide|water|surface water,1569
South America,Nonconformity,Prosulfuron|soil|agricultural,1574
South America,Marginally acceptable conformity,Protactinium-234|air|non-urban air or from high stacks,1575
South America,Acceptable conformity,Protactinium-234|water|surface water,1576
South America,Marginally acceptable conformity,Prothioconazole|air|non-urban air or from high stacks,1577
South America,Marginally acceptable conformity,Prothioconazole|soil|agricultural,1578
South America,Acceptable conformity,Prothioconazole|soil|forestry,1579
South America,Marginally acceptable conformity,Prothioconazole|water|ground-,1580
South America,Acceptable conformity,Prothioconazole|water|surface water,1581
South America,Marginally acceptable conformity,Prothioconazole|water|unspecified,1582
South America,Nonconformity,Pydiflumetofen|soil|agricultural,1583
South America,Acceptable conformity,Pymetrozine|soil|agricultural,1584
South America,Marginally acceptable conformity,Pyraclostrobin|air|non-urban air or from high stacks,1585
South America,Marginally acceptable conformity,Pyraclostrobin|soil|agricultural,1586
South America,Marginally acceptable conformity,Pyraclostrobin|soil|forestry,1587
South America,Acceptable conformity,Pyraclostrobin|water|ground-,1588
South America,Marginally acceptable conformity,Pyraclostrobin|water|surface water,1589
South America,Acceptable conformity,Pyraclostrobin|water|unspecified,1590
South America,Acceptable conformity,Pyraflufen-ethyl|soil|agricultural,1591
South America,Nonconformity,Pyrene|air|non-urban air or from high stacks,1592
South America,Nonconformity,Pyrene|air|unspecified,1593
South America,Nonconformity,Pyrene|water|surface water,1594
South America,Marginally acceptable conformity,Pyrethrum|soil|agricultural,1595
South America,Nonconformity,Pyrimethanil|soil|agricultural,1596
South America,Marginally acceptable conformity,Pyriproxyfen|air|non-urban air or from high stacks,1597
South America,Marginally acceptable conformity,Pyriproxyfen|soil|agricultural,1598
South America,Acceptable conformity,Pyriproxyfen|soil|forestry,1599
South America,Nonconformity,Pyriproxyfen|water|ground-,1600
South America,Marginally acceptable conformity,Pyriproxyfen|water|unspecified,1601
South America,Nonconformity,Pyroxasulfone|soil|agricultural,1602
South America,Acceptable conformity,Quinclorac|soil|agricultural,1603
South America,Acceptable conformity,Quinmerac|soil|agricultural,1604
South America,Acceptable conformity,Quinoxyfen|soil|agricultural,1605
South America,Nonconformity,Quintozene|soil|agricultural,1606
South America,Nonconformity,Quizalofop-P|soil|agricultural,1612
South America,Nonconformity,Quizalofop-ethyl|soil|agricultural,1607
South America,Marginally acceptable conformity,Quizalofop-p-ethyl|air|non-urban air or from high stacks,1608
South America,Acceptable conformity,Quizalofop-p-ethyl|soil|agricultural,1609
South America,Marginally acceptable conformity,Quizalofop-p-ethyl|soil|forestry,1610
South America,Marginally acceptable conformity,Quizalofop-p-ethyl|water|unspecified,1611
South America,Acceptable conformity,"Radioactive species, Nuclides, unspecified|water|ocean",1614
South America,Acceptable conformity,"Radioactive species, Nuclides, unspecified|water|surface water",1615
South America,Marginally acceptable conformity,"Radioactive species, alpha emitters|water|surface water",1613
South America,Acceptable conformity,"Radioactive species, other beta emitters|air|non-urban air or from high stacks",1616
South America,Marginally acceptable conformity,"Radioactive species, other beta emitters|air|unspecified",1617
South America,Acceptable conformity,"Radioactive species, other beta emitters|air|urban air close to ground",1618
South America,Marginally acceptable conformity,Radium-224|water|ocean,1619
South America,Acceptable conformity,Radium-224|water|surface water,1620
South America,Marginally acceptable conformity,Radium-226|air|non-urban air or from high stacks,1621
South America,Nonconformity,Radium-226|air|unspecified,1622
South America,Marginally acceptable conformity,Radium-226|air|urban air close to ground,1623
South America,Marginally acceptable conformity,Radium-226|water|ground-,1624
South America,Acceptable conformity,Radium-226|water|ocean,1625
South America,Acceptable conformity,Radium-226|water|surface water,1626
South America,Nonconformity,Radium-226|water|unspecified,1627
South America,Marginally acceptable conformity,Radium-228|air|non-urban air or from high stacks,1628
South America,Acceptable conformity,Radium-228|air|unspecified,1629
South America,Acceptable conformity,Radium-228|air|urban air close to ground,1630
South America,Marginally acceptable conformity,Radium-228|water|ocean,1631
South America,Acceptable conformity,Radium-228|water|surface water,1632
South America,Acceptable conformity,Radon-220|air|non-urban air or from high stacks,1633
South America,Acceptable conformity,Radon-220|air|unspecified,1634
South America,Acceptable conformity,Radon-220|air|urban air close to ground,1635
South America,Acceptable conformity,"Radon-222|air|low population density, long-term",1636
South America,Acceptable conformity,Radon-222|air|non-urban air or from high stacks,1637
South America,Acceptable conformity,Radon-222|air|unspecified,1638
South America,Marginally acceptable conformity,Radon-222|air|urban air close to ground,1639
South America,Nonconformity,Rhenium|natural resource|in ground,1640
South America,Marginally acceptable conformity,Rhodium|natural resource|in ground,1642
South America,Acceptable conformity,Rhodium III|air|unspecified,1641
South America,Marginally acceptable conformity,Rimsulfuron|soil|agricultural,1643
South America,Marginally acceptable conformity,Rubidium|water|ocean,1644
South America,Acceptable conformity,Rubidium|water|surface water,1645
South America,Acceptable conformity,Ruthenium-103|air|non-urban air or from high stacks,1646
South America,Marginally acceptable conformity,Ruthenium-103|water|surface water,1647
South America,Nonconformity,S-Metolachlor|soil|agricultural,1648
South America,Nonconformity,Saflufenacil|soil|agricultural,1649
South America,Nonconformity,Samarium|natural resource|in ground,1650
South America,Marginally acceptable conformity,"Sand, unspecified|natural resource|in ground",1651
South America,Marginally acceptable conformity,"Scandium|air|low population density, long-term",1652
South America,Acceptable conformity,Scandium|air|non-urban air or from high stacks,1653
South America,Nonconformity,Scandium|air|unspecified,1654
South America,Acceptable conformity,Scandium|air|urban air close to ground,1655
South America,Nonconformity,Scandium|natural resource|in ground,1656
South America,Nonconformity,Scandium|soil|agricultural,1657
South America,Nonconformity,Scandium|soil|industrial,1658
South America,Acceptable conformity,Scandium|soil|unspecified,1659
South America,Acceptable conformity,Scandium|water|ground-,1660
South America,Acceptable conformity,"Scandium|water|ground-, long-term",1661
South America,Nonconformity,Scandium|water|surface water,1662
South America,Acceptable conformity,Selenium|natural resource|in ground,1675
South America,Acceptable conformity,"Selenium IV|air|low population density, long-term",1663
South America,Nonconformity,Selenium IV|air|lower stratosphere + upper troposphere,1664
South America,Marginally acceptable conformity,Selenium IV|air|non-urban air or from high stacks,1665
South America,Nonconformity,Selenium IV|air|unspecified,1666
South America,Marginally acceptable conformity,Selenium IV|air|urban air close to ground,1667
South America,Nonconformity,Selenium IV|soil|agricultural,1668
South America,Marginally acceptable conformity,Selenium IV|soil|industrial,1669
South America,Nonconformity,Selenium IV|soil|unspecified,1670
South America,Marginally acceptable conformity,Selenium IV|water|ground-,1671
South America,Nonconformity,"Selenium IV|water|ground-, long-term",1672
South America,Acceptable conformity,Selenium IV|water|surface water,1673
South America,Acceptable conformity,Selenium IV|water|unspecified,1674
South America,Acceptable conformity,Sethoxydim|soil|agricultural,1676
South America,Nonconformity,Shale|natural resource|in ground,1677
South America,Acceptable conformity,"Silicon|air|low population density, long-term",1679
South America,Marginally acceptable conformity,Silicon|air|non-urban air or from high stacks,1680
South America,Marginally acceptable conformity,Silicon|air|unspecified,1681
South America,Acceptable conformity,Silicon|air|urban air close to ground,1682
South America,Nonconformity,Silicon|natural resource|in ground,1683
South America,Marginally acceptable conformity,Silicon|soil|agricultural,1684
South America,Nonconformity,Silicon|soil|industrial,1685
South America,Acceptable conformity,Silicon|soil|unspecified,1686
South America,Acceptable conformity,Silicon|water|ground-,1687
South America,Acceptable conformity,"Silicon|water|ground-, long-term",1688
South America,Acceptable conformity,Silicon|water|ocean,1689
South America,Nonconformity,Silicon|water|surface water,1690
South America,Nonconformity,Silicon tetrafluoride|air|non-urban air or from high stacks,1678
South America,Acceptable conformity,Silthiofam|soil|agricultural,1691
South America,Acceptable conformity,Silver|natural resource|in ground,1705
South America,Acceptable conformity,"Silver I|air|low population density, long-term",1694
South America,Acceptable conformity,Silver I|air|unspecified,1695
South America,Acceptable conformity,Silver I|air|urban air close to ground,1696
South America,Marginally acceptable conformity,Silver I|soil|agricultural,1697
South America,Nonconformity,Silver I|soil|industrial,1698
South America,Marginally acceptable conformity,Silver I|soil|unspecified,1699
South America,Marginally acceptable conformity,Silver I|water|ground-,1700
South America,Acceptable conformity,"Silver I|water|ground-, long-term",1701
South America,Acceptable conformity,Silver I|water|ocean,1702
South America,Marginally acceptable conformity,Silver I|water|surface water,1703
South America,Marginally acceptable conformity,Silver I|water|unspecified,1704
South America,Marginally acceptable conformity,Silver-110|air|non-urban air or from high stacks,1692
South America,Marginally acceptable conformity,Silver-110|water|surface water,1693
South America,Nonconformity,Simazine|air|non-urban air or from high stacks,1706
South America,Nonconformity,Simazine|soil|agricultural,1707
South America,Nonconformity,Simazine|soil|forestry,1708
South America,Nonconformity,Simazine|water|ground-,1709
South America,Nonconformity,Simazine|water|unspecified,1710
South America,Marginally acceptable conformity,Sodium|natural resource|in ground,1734
South America,Acceptable conformity,"Sodium I|air|low population density, long-term",1718
South America,Acceptable conformity,Sodium I|air|non-urban air or from high stacks,1719
South America,Nonconformity,Sodium I|air|unspecified,1720
South America,Acceptable conformity,Sodium I|air|urban air close to ground,1721
South America,Nonconformity,Sodium I|soil|agricultural,1722
South America,Acceptable conformity,Sodium I|soil|industrial,1723
South America,Nonconformity,Sodium I|soil|unspecified,1724
South America,Acceptable conformity,Sodium I|water|ground-,1725
South America,Acceptable conformity,"Sodium I|water|ground-, long-term",1726
South America,Marginally acceptable conformity,Sodium I|water|ocean,1727
South America,Marginally acceptable conformity,Sodium I|water|surface water,1728
South America,Nonconformity,Sodium I|water|unspecified,1729
South America,Nonconformity,Sodium chlorate|air|urban air close to ground,1712
South America,Marginally acceptable conformity,Sodium chloride|natural resource|in ground,1713
South America,Nonconformity,Sodium dichromate|air|urban air close to ground,1714
South America,Acceptable conformity,Sodium formate|air|urban air close to ground,1715
South America,Acceptable conformity,Sodium formate|water|surface water,1716
South America,Acceptable conformity,Sodium hydroxide|air|urban air close to ground,1717
South America,Nonconformity,Sodium methoxide|water|unspecified,1730
South America,Acceptable conformity,Sodium nitrate|natural resource|in ground,1731
South America,Nonconformity,Sodium sulfate|natural resource|in ground,1732
South America,Marginally acceptable conformity,Sodium tetrahydridoborate|air|urban air close to ground,1733
South America,Acceptable conformity,Sodium-24|water|surface water,1711
South America,Acceptable conformity,"Solids, inorganic|water|ground-",1735
South America,Acceptable conformity,"Solids, inorganic|water|ocean",1736
South America,Marginally acceptable conformity,"Solids, inorganic|water|surface water",1737
South America,Nonconformity,"Solids, inorganic|water|unspecified",1738
South America,Acceptable conformity,Spinosad|soil|agricultural,1739
South America,Marginally acceptable conformity,Spiromesifen|soil|agricultural,1740
South America,Acceptable conformity,Spirotetramat|soil|agricultural,1741
South America,Nonconformity,Spiroxamine|soil|agricultural,1742
South America,Acceptable conformity,Spodumene|natural resource|in ground,1743
South America,Marginally acceptable conformity,Steatite|natural resource|in ground,1744
South America,Marginally acceptable conformity,Strontium|natural resource|in ground,1759
South America,Acceptable conformity,"Strontium II|air|low population density, long-term",1748
South America,Marginally acceptable conformity,Strontium II|air|non-urban air or from high stacks,1749
South America,Nonconformity,Strontium II|air|unspecified,1750
South America,Acceptable conformity,Strontium II|air|urban air close to ground,1751
South America,Nonconformity,Strontium II|soil|agricultural,1752
South America,Marginally acceptable conformity,Strontium II|soil|industrial,1753
South America,Marginally acceptable conformity,Strontium II|soil|unspecified,1754
South America,Acceptable conformity,Strontium II|water|ground-,1755
South America,Acceptable conformity,"Strontium II|water|ground-, long-term",1756
South America,Acceptable conformity,Strontium II|water|ocean,1757
South America,Acceptable conformity,Strontium II|water|surface water,1758
South America,Marginally acceptable conformity,Strontium-89|water|surface water,1745
South America,Marginally acceptable conformity,Strontium-90|water|ocean,1746
South America,Acceptable conformity,Strontium-90|water|surface water,1747
South America,Marginally acceptable conformity,Styrene|air|non-urban air or from high stacks,1760
South America,Nonconformity,Styrene|air|unspecified,1761
South America,Nonconformity,Styrene|air|urban air close to ground,1762
South America,Marginally acceptable conformity,Sulfadiazine|water|unspecified,1763
South America,Acceptable conformity,"Sulfate|air|low population density, long-term",1764
South America,Acceptable conformity,Sulfate|air|non-urban air or from high stacks,1765
South America,Acceptable conformity,Sulfate|air|unspecified,1766
South America,Nonconformity,Sulfate|air|urban air close to ground,1767
South America,Nonconformity,Sulfate|soil|unspecified,1768
South America,Acceptable conformity,Sulfate|water|ground-,1769
South America,Acceptable conformity,"Sulfate|water|ground-, long-term",1770
South America,Acceptable conformity,Sulfate|water|ocean,1771
South America,Nonconformity,Sulfate|water|surface water,1772
South America,Acceptable conformity,Sulfate|water|unspecified,1773
South America,Acceptable conformity,Sulfentrazone|air|non-urban air or from high stacks,1774
South America,Acceptable conformity,Sulfentrazone|soil|agricultural,1775
South America,Acceptable conformity,Sulfentrazone|soil|forestry,1776
South America,Marginally acceptable conformity,Sulfentrazone|water|ground-,1777
South America,Marginally acceptable conformity,Sulfentrazone|water|unspecified,1778
South America,Nonconformity,Sulfide|water|ocean,1779
South America,Acceptable conformity,Sulfide|water|surface water,1780
South America,Nonconformity,Sulfide|water|unspecified,1781
South America,Nonconformity,Sulfite|water|surface water,1782
South America,Acceptable conformity,Sulfite|water|unspecified,1783
South America,Acceptable conformity,Sulfosate|soil|agricultural,1784
South America,Close conformity,Sulfosulfuron|soil|agricultural,1785
South America,Nonconformity,Sulfur|natural resource|in ground,1797
South America,Acceptable conformity,Sulfur|soil|agricultural,1798
South America,Nonconformity,Sulfur|soil|industrial,1799
South America,Acceptable conformity,Sulfur|soil|unspecified,1800
South America,Nonconformity,Sulfur|water|ground-,1801
South America,Acceptable conformity,Sulfur|water|ocean,1802
South America,Acceptable conformity,Sulfur|water|surface water,1803
South America,Nonconformity,Sulfur|water|unspecified,1804
South America,Acceptable conformity,Sulfur dichloride|air|unspecified,1786
South America,Acceptable conformity,Sulfur dichloride|water|unspecified,1787
South America,Nonconformity,Sulfur dioxide|air|lower stratosphere + upper troposphere,1788
South America,Acceptable conformity,Sulfur dioxide|air|non-urban air or from high stacks,1789
South America,Acceptable conformity,Sulfur dioxide|air|unspecified,1790
South America,Acceptable conformity,Sulfur dioxide|air|urban air close to ground,1791
South America,Nonconformity,Sulfur hexafluoride|air|unspecified,1792
South America,Marginally acceptable conformity,Sulfur hexafluoride|air|urban air close to ground,1793
South America,Nonconformity,Sulfur oxides|air|unspecified,1794
South America,Nonconformity,Sulfur trioxide|air|unspecified,1795
South America,Nonconformity,Sulfur trioxide|air|urban air close to ground,1796
South America,Marginally acceptable conformity,Sulfuric acid|air|non-urban air or from high stacks,1805
South America,Nonconformity,Sulfuric acid|air|unspecified,1806
South America,Marginally acceptable conformity,Sulfuric acid|air|urban air close to ground,1807
South America,Acceptable conformity,Sulfuric acid|soil|agricultural,1808
South America,Nonconformity,Sulfuric acid|water|surface water,1809
South America,Acceptable conformity,"Suspended solids, unspecified|water|ocean",1810
South America,Nonconformity,"Suspended solids, unspecified|water|surface water",1811
South America,Nonconformity,"Suspended solids, unspecified|water|unspecified",1812
South America,Acceptable conformity,Sylvite|natural resource|in ground,1813
South America,Acceptable conformity,TCMTB|soil|agricultural,1823
South America,Marginally acceptable conformity,"TOC, Total Organic Carbon|water|ground-",1946
South America,Nonconformity,"TOC, Total Organic Carbon|water|ground-, long-term",1947
South America,Acceptable conformity,"TOC, Total Organic Carbon|water|ocean",1948
South America,Nonconformity,"TOC, Total Organic Carbon|water|surface water",1949
South America,Nonconformity,"TOC, Total Organic Carbon|water|unspecified",1950
South America,Nonconformity,Talc|natural resource|in ground,1820
South America,Marginally acceptable conformity,Tantalum|natural resource|in ground,1821
South America,Marginally acceptable conformity,Tebuconazole|air|non-urban air or from high stacks,1824
South America,Marginally acceptable conformity,Tebuconazole|soil|forestry,1825
South America,Marginally acceptable conformity,Tebuconazole|water|ground-,1826
South America,Nonconformity,Tebuconazole|water|surface water,1827
South America,Marginally acceptable conformity,Tebuconazole|water|unspecified,1828
South America,Nonconformity,Tebutam|soil|agricultural,1829
South America,Acceptable conformity,Tebuthiuron|air|non-urban air or from high stacks,1830
South America,Marginally acceptable conformity,Tebuthiuron|soil|agricultural,1831
South America,Nonconformity,Tebuthiuron|soil|forestry,1832
South America,Acceptable conformity,Tebuthiuron|water|ground-,1833
South America,Acceptable conformity,Tebuthiuron|water|unspecified,1834
South America,Marginally acceptable conformity,Technetium-99m|water|surface water,1835
South America,Nonconformity,Teflubenzuron|air|non-urban air or from high stacks,1836
South America,Marginally acceptable conformity,Teflubenzuron|soil|agricultural,1837
South America,Acceptable conformity,Teflubenzuron|soil|forestry,1838
South America,Marginally acceptable conformity,Teflubenzuron|water|unspecified,1839
South America,Marginally acceptable conformity,Tefluthrin|air|non-urban air or from high stacks,1840
South America,Nonconformity,Tefluthrin|water|ground-,1841
South America,Nonconformity,Tefluthrin|water|surface water,1842
South America,Acceptable conformity,Tellurium|air|unspecified,1845
South America,Marginally acceptable conformity,Tellurium|natural resource|in ground,1846
South America,Acceptable conformity,Tellurium-123m|water|surface water,1843
South America,Marginally acceptable conformity,Tellurium-132|water|surface water,1844
South America,Nonconformity,Tembotrione|soil|forestry,1847
South America,Nonconformity,Terbium|natural resource|in ground,1848
South America,Nonconformity,Terbufos|soil|agricultural,1849
South America,Nonconformity,Terbuthylazin|soil|agricultural,1850
South America,Marginally acceptable conformity,Terpenes|air|non-urban air or from high stacks,1851
South America,Acceptable conformity,Tetrachloroethylene|air|non-urban air or from high stacks,1852
South America,Nonconformity,Tetrachloroethylene|air|unspecified,1853
South America,Acceptable conformity,Tetrachloroethylene|air|urban air close to ground,1854
South America,Acceptable conformity,Tetrachloroethylene|water|unspecified,1855
South America,Nonconformity,Tetraconazole|soil|agricultural,1856
South America,Acceptable conformity,Tetrafluoromethane|air|unspecified,1857
South America,Acceptable conformity,Tetrafluoromethane|air|urban air close to ground,1858
South America,Acceptable conformity,Tetramethyl ammonium hydroxide|air|urban air close to ground,1859
South America,Acceptable conformity,"Thallium I|air|low population density, long-term",1860
South America,Marginally acceptable conformity,Thallium I|air|non-urban air or from high stacks,1861
South America,Acceptable conformity,Thallium I|air|urban air close to ground,1862
South America,Nonconformity,Thallium I|soil|agricultural,1863
South America,Acceptable conformity,Thallium I|soil|industrial,1864
South America,Marginally acceptable conformity,Thallium I|soil|unspecified,1865
South America,Acceptable conformity,Thallium I|water|ground-,1866
South America,Acceptable conformity,"Thallium I|water|ground-, long-term",1867
South America,Nonconformity,Thallium I|water|ocean,1868
South America,Nonconformity,Thallium I|water|surface water,1869
South America,Nonconformity,Thiabendazole|air|non-urban air or from high stacks,1870
South America,Nonconformity,Thiabendazole|soil|agricultural,1871
South America,Nonconformity,Thiabendazole|soil|forestry,1872
South America,Nonconformity,Thiabendazole|water|ground-,1873
South America,Marginally acceptable conformity,Thiabendazole|water|unspecified,1874
South America,Acceptable conformity,Thiamethoxam|air|non-urban air or from high stacks,1875
South America,Marginally acceptable conformity,Thiamethoxam|soil|agricultural,1876
South America,Marginally acceptable conformity,Thiamethoxam|soil|forestry,1877
South America,Marginally acceptable conformity,Thiamethoxam|water|ground-,1878
South America,Acceptable conformity,Thiamethoxam|water|unspecified,1879
South America,Marginally acceptable conformity,Thiencarbazone-methyl|soil|agricultural,1880
South America,Nonconformity,Thifensulfuron-methyl|soil|agricultural,1881
South America,Acceptable conformity,Thiobencarb|soil|agricultural,1882
South America,Nonconformity,Thiocyanate|water|ocean,1883
South America,Nonconformity,Thiodicarb|air|non-urban air or from high stacks,1884
South America,Marginally acceptable conformity,Thiodicarb|soil|agricultural,1885
South America,Marginally acceptable conformity,Thiodicarb|soil|forestry,1886
South America,Acceptable conformity,Thiodicarb|water|ground-,1887
South America,Nonconformity,Thiodicarb|water|unspecified,1888
South America,Acceptable conformity,Thionyl chloride|air|unspecified,1889
South America,Nonconformity,Thiophanate-methyl|air|non-urban air or from high stacks,1890
South America,Nonconformity,Thiophanate-methyl|soil|agricultural,1891
South America,Marginally acceptable conformity,Thiophanate-methyl|soil|forestry,1892
South America,Marginally acceptable conformity,Thiophanate-methyl|water|ground-,1893
South America,Marginally acceptable conformity,Thiophanate-methyl|water|unspecified,1894
South America,Marginally acceptable conformity,Thiram|air|non-urban air or from high stacks,1895
South America,Acceptable conformity,Thiram|soil|agricultural,1896
South America,Marginally acceptable conformity,Thiram|soil|forestry,1897
South America,Marginally acceptable conformity,Thiram|water|ground-,1898
South America,Marginally acceptable conformity,Thiram|water|unspecified,1899
South America,Marginally acceptable conformity,Thorium|air|non-urban air or from high stacks,1916
South America,Acceptable conformity,Thorium|air|unspecified,1917
South America,Acceptable conformity,Thorium|air|urban air close to ground,1918
South America,Marginally acceptable conformity,Thorium-228|air|non-urban air or from high stacks,1900
South America,Acceptable conformity,Thorium-228|air|unspecified,1901
South America,Acceptable conformity,Thorium-228|air|urban air close to ground,1902
South America,Acceptable conformity,Thorium-228|water|ground-,1903
South America,Acceptable conformity,Thorium-228|water|ocean,1904
South America,Acceptable conformity,Thorium-228|water|surface water,1905
South America,Acceptable conformity,Thorium-230|air|non-urban air or from high stacks,1906
South America,Acceptable conformity,Thorium-230|water|surface water,1907
South America,Marginally acceptable conformity,Thorium-232|air|non-urban air or from high stacks,1908
South America,Acceptable conformity,Thorium-232|air|unspecified,1909
South America,Marginally acceptable conformity,Thorium-232|air|urban air close to ground,1910
South America,Acceptable conformity,Thorium-232|water|ocean,1911
South America,Acceptable conformity,Thorium-232|water|surface water,1912
South America,Nonconformity,Thorium-232|water|unspecified,1913
South America,Marginally acceptable conformity,Thorium-234|air|non-urban air or from high stacks,1914
South America,Acceptable conformity,Thorium-234|water|surface water,1915
South America,Marginally acceptable conformity,Thulium|natural resource|in ground,1919
South America,Nonconformity,Tin|natural resource|in ground,1932
South America,Marginally acceptable conformity,"Tin ion|air|low population density, long-term",1920
South America,Acceptable conformity,Tin ion|air|non-urban air or from high stacks,1921
South America,Acceptable conformity,Tin ion|air|unspecified,1922
South America,Nonconformity,Tin ion|air|urban air close to ground,1923
South America,Nonconformity,Tin ion|soil|agricultural,1924
South America,Marginally acceptable conformity,Tin ion|soil|industrial,1925
South America,Acceptable conformity,Tin ion|soil|unspecified,1926
South America,Nonconformity,Tin ion|water|ground-,1927
South America,Acceptable conformity,"Tin ion|water|ground-, long-term",1928
South America,Marginally acceptable conformity,Tin ion|water|ocean,1929
South America,Nonconformity,Tin ion|water|surface water,1930
South America,Acceptable conformity,Tin ion|water|unspecified,1931
South America,Marginally acceptable conformity,Titanium|natural resource|in ground,1945
South America,Acceptable conformity,"Titanium ion|air|low population density, long-term",1933
South America,Acceptable conformity,Titanium ion|air|non-urban air or from high stacks,1934
South America,Marginally acceptable conformity,Titanium ion|air|unspecified,1935
South America,Acceptable conformity,Titanium ion|air|urban air close to ground,1936
South America,Acceptable conformity,Titanium ion|soil|agricultural,1937
South America,Acceptable conformity,Titanium ion|soil|industrial,1938
South America,Nonconformity,Titanium ion|soil|unspecified,1939
South America,Marginally acceptable conformity,Titanium ion|water|ground-,1940
South America,Marginally acceptable conformity,"Titanium ion|water|ground-, long-term",1941
South America,Acceptable conformity,Titanium ion|water|ocean,1942
South America,Marginally acceptable conformity,Titanium ion|water|surface water,1943
South America,Nonconformity,Titanium ion|water|unspecified,1944
South America,Nonconformity,Toluene|air|non-urban air or from high stacks,1951
South America,Marginally acceptable conformity,Toluene|air|unspecified,1952
South America,Marginally acceptable conformity,Toluene|air|urban air close to ground,1953
South America,Marginally acceptable conformity,Toluene|water|ocean,1954
South America,Acceptable conformity,Toluene|water|surface water,1955
South America,Marginally acceptable conformity,Toluene|water|unspecified,1956
South America,Acceptable conformity,Topramezone|soil|agricultural,1957
South America,Acceptable conformity,Tralkoxydim|soil|agricultural,1958
South America,Marginally acceptable conformity,"Transformation, from annual crop|natural resource|land",1964
South America,Marginally acceptable conformity,"Transformation, from annual crop, irrigated|natural resource|land",1960
South America,Marginally acceptable conformity,"Transformation, from annual crop, irrigated, intensive|natural resource|land",1959
South America,Acceptable conformity,"Transformation, from annual crop, non-irrigated|natural resource|land",1963
South America,Acceptable conformity,"Transformation, from annual crop, non-irrigated, extensive|natural resource|land",1961
South America,Marginally acceptable conformity,"Transformation, from annual crop, non-irrigated, intensive|natural resource|land",1962
South America,Marginally acceptable conformity,"Transformation, from arable land, unspecified use|natural resource|land",1965
South America,Nonconformity,"Transformation, from cropland fallow (non-use)|natural resource|land",1966
South America,Nonconformity,"Transformation, from dump site|natural resource|land",1970
South America,Nonconformity,"Transformation, from dump site, inert material landfill|natural resource|land",1967
South America,Nonconformity,"Transformation, from dump site, residual material landfill|natural resource|land",1968
South America,Marginally acceptable conformity,"Transformation, from dump site, sanitary landfill|natural resource|land",1969
South America,Acceptable conformity,"Transformation, from forest, extensive|natural resource|land",1971
South America,Acceptable conformity,"Transformation, from forest, intensive|natural resource|land",1972
South America,Marginally acceptable conformity,"Transformation, from forest, primary (non-use)|natural resource|land",1973
South America,Acceptable conformity,"Transformation, from forest, secondary (non-use)|natural resource|land",1974
South America,Nonconformity,"Transformation, from forest, unspecified|natural resource|land",1975
South America,Nonconformity,"Transformation, from grassland, natural (non-use)|natural resource|land",1976
South America,Acceptable conformity,"Transformation, from grassland, natural, for livestock grazing|natural resource|land",1977
South America,Nonconformity,"Transformation, from heterogeneous, agricultural|natural resource|land",1978
South America,Acceptable conformity,"Transformation, from industrial area|natural resource|land",1979
South America,Nonconformity,"Transformation, from mineral extraction site|natural resource|land",1980
South America,Marginally acceptable conformity,"Transformation, from pasture, man made|natural resource|land",1983
South America,Marginally acceptable conformity,"Transformation, from pasture, man made, extensive|natural resource|land",1981
South America,Acceptable conformity,"Transformation, from pasture, man made, intensive|natural resource|land",1982
South America,Nonconformity,"Transformation, from permanent crop|natural resource|land",1987
South America,Acceptable conformity,"Transformation, from permanent crop, irrigated|natural resource|land",1985
South America,Acceptable conformity,"Transformation, from permanent crop, irrigated, intensive|natural resource|land",1984
South America,Marginally acceptable conformity,"Transformation, from permanent crop, non-irrigated|natural resource|land",1986
South America,Acceptable conformity,"Transformation, from river, natural (non-use)|natural resource|land",1988
South America,Acceptable conformity,"Transformation, from seabed, infrastructure|natural resource|land",1989
South America,Marginally acceptable conformity,"Transformation, from seabed, unspecified|natural resource|land",1990
South America,Nonconformity,"Transformation, from shrub land, sclerophyllous|natural resource|land",1991
South America,Acceptable conformity,"Transformation, from traffic area, rail/road embankment|natural resource|land",1992
South America,Nonconformity,"Transformation, from traffic area, road network|natural resource|land",1993
South America,Acceptable conformity,"Transformation, from unspecified|natural resource|land",1995
South America,Acceptable conformity,"Transformation, from unspecified, natural (non-use)|natural resource|land",1994
South America,Marginally acceptable conformity,"Transformation, from wetland, inland (non-use)|natural resource|land",1996
South America,Marginally acceptable conformity,"Transformation, to annual crop|natural resource|land",2002
South America,Marginally acceptable conformity,"Transformation, to annual crop, irrigated|natural resource|land",1998
South America,Acceptable conformity,"Transformation, to annual crop, irrigated, intensive|natural resource|land",1997
South America,Acceptable conformity,"Transformation, to annual crop, non-irrigated|natural resource|land",2001
South America,Acceptable conformity,"Transformation, to annual crop, non-irrigated, extensive|natural resource|land",1999
South America,Acceptable conformity,"Transformation, to annual crop, non-irrigated, intensive|natural resource|land",2000
South America,Nonconformity,"Transformation, to arable land, unspecified use|natural resource|land",2003
South America,Acceptable conformity,"Transformation, to cropland fallow (non-use)|natural resource|land",2004
South America,Marginally acceptable conformity,"Transformation, to dump site|natural resource|land",2008
South America,Nonconformity,"Transformation, to dump site, inert material landfill|natural resource|land",2005
South America,Nonconformity,"Transformation, to dump site, residual material landfill|natural resource|land",2006
South America,Marginally acceptable conformity,"Transformation, to dump site, sanitary landfill|natural resource|land",2007
South America,Acceptable conformity,"Transformation, to forest, extensive|natural resource|land",2009
South America,Acceptable conformity,"Transformation, to forest, intensive|natural resource|land",2010
South America,Marginally acceptable conformity,"Transformation, to forest, secondary (non-use)|natural resource|land",2011
South America,Nonconformity,"Transformation, to forest, unspecified|natural resource|land",2012
South America,Nonconformity,"Transformation, to grassland, natural (non-use)|natural resource|land",2013
South America,Nonconformity,"Transformation, to grassland, natural, for livestock grazing|natural resource|land",2014
South America,Acceptable conformity,"Transformation, to heterogeneous, agricultural|natural resource|land",2015
South America,Acceptable conformity,"Transformation, to industrial area|natural resource|land",2016
South America,Marginally acceptable conformity,"Transformation, to inland waterbody, unspecified|natural resource|land",2017
South America,Nonconformity,"Transformation, to lake, artificial|natural resource|land",2018
South America,Marginally acceptable conformity,"Transformation, to mineral extraction site|natural resource|land",2019
South America,Nonconformity,"Transformation, to pasture, man made|natural resource|land",2022
South America,Marginally acceptable conformity,"Transformation, to pasture, man made, extensive|natural resource|land",2020
South America,Nonconformity,"Transformation, to pasture, man made, intensive|natural resource|land",2021
South America,Nonconformity,"Transformation, to permanent crop|natural resource|land",2026
South America,Acceptable conformity,"Transformation, to permanent crop, irrigated|natural resource|land",2024
South America,Acceptable conformity,"Transformation, to permanent crop, irrigated, intensive|natural resource|land",2023
South America,Marginally acceptable conformity,"Transformation, to permanent crop, non-irrigated|natural resource|land",2025
South America,Marginally acceptable conformity,"Transformation, to river, artificial|natural resource|land",2027
South America,Marginally acceptable conformity,"Transformation, to seabed, drilling and mining|natural resource|land",2028
South America,Acceptable conformity,"Transformation, to seabed, infrastructure|natural resource|land",2029
South America,Acceptable conformity,"Transformation, to seabed, unspecified|natural resource|land",2030
South America,Acceptable conformity,"Transformation, to traffic area, rail network|natural resource|land",2031
South America,Acceptable conformity,"Transformation, to traffic area, rail/road embankment|natural resource|land",2032
South America,Nonconformity,"Transformation, to traffic area, road network|natural resource|land",2033
South America,Marginally acceptable conformity,"Transformation, to unspecified|natural resource|land",2035
South America,Nonconformity,"Transformation, to unspecified, natural (non-use)|natural resource|land",2034
South America,Acceptable conformity,"Transformation, to urban, discontinuously built|natural resource|land",2036
South America,Marginally acceptable conformity,"Transformation, to wetland, inland (non-use)|natural resource|land",2037
South America,Nonconformity,Triadimenol|soil|agricultural,2038
South America,Marginally acceptable conformity,Triallate|soil|agricultural,2039
South America,Acceptable conformity,Triasulfuron|soil|agricultural,2040
South America,Nonconformity,Tribenuron|soil|agricultural,2042
South America,Acceptable conformity,Tribenuron-methyl|soil|agricultural,2041
South America,Nonconformity,Tributyltin compounds|water|ocean,2043
South America,Marginally acceptable conformity,Tributyltin compounds|water|unspecified,2044
South America,Acceptable conformity,Trichlorfon|soil|agricultural,2045
South America,Nonconformity,Trichloroethylene|air|unspecified,2046
South America,Marginally acceptable conformity,Trichlorofluoromethane|air|urban air close to ground,2047
South America,Acceptable conformity,Triclopyr|soil|agricultural,2048
South America,Nonconformity,Triethylene glycol|water|unspecified,2049
South America,Acceptable conformity,Trifloxystrobin|air|non-urban air or from high stacks,2050
South America,Acceptable conformity,Trifloxystrobin|soil|agricultural,2051
South America,Marginally acceptable conformity,Trifloxystrobin|soil|forestry,2052
South America,Marginally acceptable conformity,Trifloxystrobin|water|ground-,2053
South America,Acceptable conformity,Trifloxystrobin|water|surface water,2054
South America,Nonconformity,Trifloxystrobin|water|unspecified,2055
South America,Acceptable conformity,Triflumuron|air|non-urban air or from high stacks,2056
South America,Marginally acceptable conformity,Triflumuron|soil|agricultural,2057
South America,Acceptable conformity,Triflumuron|soil|forestry,2058
South America,Marginally acceptable conformity,Triflumuron|water|ground-,2059
South America,Marginally acceptable conformity,Triflumuron|water|unspecified,2060
South America,Marginally acceptable conformity,Trifluoromethane|air|non-urban air or from high stacks,2061
South America,Acceptable conformity,Trifluoromethane|air|urban air close to ground,2062
South America,Nonconformity,Trifluralin|air|non-urban air or from high stacks,2063
South America,Acceptable conformity,Trifluralin|soil|agricultural,2064
South America,Acceptable conformity,Trimethyl borate|air|urban air close to ground,2065
South America,Marginally acceptable conformity,Trimethylamine|air|urban air close to ground,2066
South America,Nonconformity,Trimethylamine|water|surface water,2067
South America,Acceptable conformity,Trimethylchlorosilane|air|urban air close to ground,2068
South America,Nonconformity,Trinexapac-ethyl|soil|agricultural,2069
South America,Marginally acceptable conformity,Trioctyltin|water|ocean,2070
South America,Acceptable conformity,Triphenyltin|water|ocean,2071
South America,Acceptable conformity,Tritium|air|non-urban air or from high stacks,2072
South America,Acceptable conformity,Tritium|water|ocean,2073
South America,Acceptable conformity,Tritium|water|surface water,2074
South America,Acceptable conformity,"Tungsten|air|low population density, long-term",2075
South America,Acceptable conformity,Tungsten|air|non-urban air or from high stacks,2076
South America,Nonconformity,Tungsten|soil|agricultural,2077
South America,Nonconformity,Tungsten|soil|industrial,2078
South America,Marginally acceptable conformity,Tungsten|water|ground-,2079
South America,Marginally acceptable conformity,"Tungsten|water|ground-, long-term",2080
South America,Nonconformity,Tungsten|water|surface water,2081
South America,Nonconformity,Ulexite|natural resource|in ground,2082
South America,Nonconformity,Uranium|air|non-urban air or from high stacks,2096
South America,Acceptable conformity,Uranium|air|unspecified,2097
South America,Acceptable conformity,Uranium|air|urban air close to ground,2098
South America,Acceptable conformity,Uranium|natural resource|in ground,2099
South America,Acceptable conformity,Uranium alpha|air|non-urban air or from high stacks,2094
South America,Marginally acceptable conformity,Uranium alpha|water|surface water,2095
South America,Acceptable conformity,Uranium-234|air|non-urban air or from high stacks,2083
South America,Acceptable conformity,Uranium-234|water|surface water,2084
South America,Nonconformity,Uranium-235|air|non-urban air or from high stacks,2085
South America,Acceptable conformity,Uranium-235|water|surface water,2086
South America,Acceptable conformity,Uranium-238|air|non-urban air or from high stacks,2087
South America,Marginally acceptable conformity,Uranium-238|air|unspecified,2088
South America,Acceptable conformity,Uranium-238|air|urban air close to ground,2089
South America,Marginally acceptable conformity,Uranium-238|water|ground-,2090
South America,Acceptable conformity,Uranium-238|water|ocean,2091
South America,Acceptable conformity,Uranium-238|water|surface water,2092
South America,Acceptable conformity,Uranium-238|water|unspecified,2093
South America,Acceptable conformity,Urea|water|surface water,2100
South America,Nonconformity,Urea|water|unspecified,2101
South America,Acceptable conformity,"VOC, volatile organic compounds|air|unspecified",2120
South America,Acceptable conformity,"VOC, volatile organic compounds|water|ocean",2121
South America,Acceptable conformity,"VOC, volatile organic compounds|water|surface water",2122
South America,Acceptable conformity,"VOC, volatile organic compounds|water|unspecified",2123
South America,Nonconformity,Vanadium|natural resource|in ground,2114
South America,Marginally acceptable conformity,"Vanadium V|air|low population density, long-term",2102
South America,Marginally acceptable conformity,Vanadium V|air|non-urban air or from high stacks,2103
South America,Marginally acceptable conformity,Vanadium V|air|unspecified,2104
South America,Acceptable conformity,Vanadium V|air|urban air close to ground,2105
South America,Marginally acceptable conformity,Vanadium V|soil|agricultural,2106
South America,Marginally acceptable conformity,Vanadium V|soil|industrial,2107
South America,Acceptable conformity,Vanadium V|soil|unspecified,2108
South America,Acceptable conformity,Vanadium V|water|ground-,2109
South America,Nonconformity,"Vanadium V|water|ground-, long-term",2110
South America,Marginally acceptable conformity,Vanadium V|water|ocean,2111
South America,Acceptable conformity,Vanadium V|water|surface water,2112
South America,Marginally acceptable conformity,Vanadium V|water|unspecified,2113
South America,Nonconformity,Vinclozolin|soil|agricultural,2115
South America,Marginally acceptable conformity,Vinyl chloride|air|unspecified,2116
South America,Marginally acceptable conformity,Vinyl chloride|air|urban air close to ground,2117
South America,Nonconformity,Vinyl chloride|water|surface water,2118
South America,Acceptable conformity,Vinyl chloride|water|unspecified,2119
South America,Acceptable conformity,"Volume occupied, final repository for low-active radioactive waste|natural resource|in ground",2124
South America,Acceptable conformity,"Volume occupied, final repository for radioactive waste|natural resource|in ground",2125
South America,Marginally acceptable conformity,"Volume occupied, reservoir|natural resource|in water",2126
South America,Acceptable conformity,"Volume occupied, underground deposit|natural resource|in ground",2127
South America,Nonconformity,"Waste mass, total, placed in landfill|inventory indicator|waste",2128
South America,Nonconformity,Water|air|lower stratosphere + upper troposphere,2140
South America,Acceptable conformity,Water|air|non-urban air or from high stacks,2141
South America,Marginally acceptable conformity,Water|air|unspecified,2142
South America,Marginally acceptable conformity,Water|air|urban air close to ground,2143
South America,Acceptable conformity,Water|water|ground-,2144
South America,Marginally acceptable conformity,Water|water|ocean,2145
South America,Marginally acceptable conformity,Water|water|unspecified,2146
South America,Nonconformity,"Water, cooling, unspecified natural origin|natural resource|in water",2129
South America,Acceptable conformity,"Water, in air|natural resource|in air",2130
South America,Marginally acceptable conformity,"Water, lake|natural resource|in water",2131
South America,Acceptable conformity,"Water, river|natural resource|in water",2132
South America,Acceptable conformity,"Water, salt, ocean|natural resource|in water",2133
South America,Nonconformity,"Water, salt, sole|natural resource|in water",2134
South America,Marginally acceptable conformity,"Water, turbine use, unspecified natural origin|natural resource|in water",2135
South America,Acceptable conformity,"Water, unspecified natural origin|natural resource|fossil well",2136
South America,Nonconformity,"Water, unspecified natural origin|natural resource|in ground",2137
South America,Marginally acceptable conformity,"Water, unspecified natural origin|natural resource|in water",2138
South America,Nonconformity,"Water, well, in ground|natural resource|in water",2139
South America,Acceptable conformity,"Wood, hard, standing|natural resource|biotic",2147
South America,Acceptable conformity,"Wood, soft, standing|natural resource|biotic",2148
South America,Nonconformity,"Wood, unspecified, standing|natural resource|biotic",2149
South America,Acceptable conformity,Xenon|natural resource|in air,2157
South America,Acceptable conformity,Xenon-131m|air|non-urban air or from high stacks,2150
South America,Marginally acceptable conformity,Xenon-133|air|non-urban air or from high stacks,2151
South America,Nonconformity,Xenon-133m|air|non-urban air or from high stacks,2152
South America,Marginally acceptable conformity,Xenon-135|air|non-urban air or from high stacks,2153
South America,Acceptable conformity,Xenon-135m|air|non-urban air or from high stacks,2154
South America,Acceptable conformity,Xenon-137|air|non-urban air or from high stacks,2155
South America,Acceptable conformity,Xenon-138|air|non-urban air or from high stacks,2156
South America,Marginally acceptable conformity,"Xylenes, unspecified|air|non-urban air or from high stacks",2158
South America,Marginally acceptable conformity,"Xylenes, unspecified|air|unspecified",2159
South America,Acceptable conformity,"Xylenes, unspecified|air|urban air close to ground",2160
South America,Marginally acceptable conformity,"Xylenes, unspecified|water|ocean",2161
South America,Marginally acceptable conformity,"Xylenes, unspecified|water|surface water",2162
South America,Acceptable conformity,"Xylenes, unspecified|water|unspecified",2163
South America,Marginally acceptable conformity,Ytterbium|natural resource|in ground,2164
South America,Marginally acceptable conformity,Yttrium|natural resource|in ground,2165
South America,Nonconformity,Zeta-cypermethrin|soil|agricultural,2166
South America,Nonconformity,Zinc|natural resource|in ground,2182
South America,Nonconformity,"Zinc II|air|low population density, long-term",2169
South America,Nonconformity,Zinc II|air|lower stratosphere + upper troposphere,2170
South America,Acceptable conformity,Zinc II|air|non-urban air or from high stacks,2171
South America,Marginally acceptable conformity,Zinc II|air|unspecified,2172
South America,Close conformity,Zinc II|air|urban air close to ground,2173
South America,Acceptable conformity,Zinc II|soil|agricultural,2174
South America,Acceptable conformity,Zinc II|soil|industrial,2175
South America,Marginally acceptable conformity,Zinc II|soil|unspecified,2176
South America,Acceptable conformity,Zinc II|water|ground-,2177
South America,Acceptable conformity,"Zinc II|water|ground-, long-term",2178
South America,Nonconformity,Zinc II|water|ocean,2179
South America,Marginally acceptable conformity,Zinc II|water|surface water,2180
South America,Nonconformity,Zinc II|water|unspecified,2181
South America,Marginally acceptable conformity,Zinc-65|air|non-urban air or from high stacks,2167
South America,Acceptable conformity,Zinc-65|water|surface water,2168
South America,Marginally acceptable conformity,Zineb|soil|agricultural,2183
South America,Marginally acceptable conformity,Zirconium|air|non-urban air or from high stacks,2186
South America,Marginally acceptable conformity,Zirconium|natural resource|in ground,2187
South America,Nonconformity,Zirconium-95|air|non-urban air or from high stacks,2184
South America,Acceptable conformity,Zirconium-95|water|surface water,2185
South America,Marginally acceptable conformity,Zoxamide|soil|agricultural,2188
South America,Acceptable conformity,m-Xylene|air|non-urban air or from high stacks,1102
South America,Marginally acceptable conformity,m-Xylene|air|unspecified,1103
South America,Nonconformity,m-Xylene|air|urban air close to ground,1104
South America,Acceptable conformity,m-Xylene|water|surface water,1105
South America,Acceptable conformity,o-Chlorotoluene|air|urban air close to ground,1342
South America,Acceptable conformity,o-Chlorotoluene|water|surface water,1343
South America,Acceptable conformity,o-Dichlorobenzene|air|urban air close to ground,1344
South America,Acceptable conformity,o-Dichlorobenzene|water|surface water,1345
South America,Marginally acceptable conformity,o-Nitrotoluene|air|urban air close to ground,1346
South America,Marginally acceptable conformity,o-Xylene|air|unspecified,1347
South America,Nonconformity,o-Xylene|air|urban air close to ground,1348
South America,Marginally acceptable conformity,t-Butyl amine|air|urban air close to ground,1814
South America,Close conformity,t-Butyl amine|water|surface water,1815
South America,Marginally acceptable conformity,t-Butyl methyl ether|air|unspecified,1816
South America,Nonconformity,t-Butyl methyl ether|air|urban air close to ground,1817
South America,Marginally acceptable conformity,t-Butyl methyl ether|water|surface water,1818
South America,Acceptable conformity,t-Butyl methyl ether|water|unspecified,1819
South America,Marginally acceptable conformity,tau-Fluvalinate|soil|agricultural,1822
Africa,Nonconformity,"1,1,1,2-Tetrafluoroethane|air|non-urban air or from high stacks",12
Africa,Nonconformity,"1,1,1,2-Tetrafluoroethane|air|unspecified",13
Africa,Nonconformity,"1,1,1,2-Tetrafluoroethane|air|urban air close to ground",14
Africa,Nonconformity,"1,1,1-Trichloroethane|air|non-urban air or from high stacks",7
Africa,Nonconformity,"1,1,1-Trichloroethane|air|unspecified",8
Africa,Nonconformity,"1,1,1-Trichloroethane|water|surface water",9
Africa,Nonconformity,"1,1,1-Trichloroethane|water|unspecified",10
Africa,Nonconformity,"1,1,1-Trifluoroethane|air|non-urban air or from high stacks",11
Africa,Marginally acceptable conformity,"1,1,2-Trichloro-1,2,2-trifluoroethane|air|non-urban air or from high stacks",15
Africa,Nonconformity,"1,1,2-Trichloro-1,2,2-trifluoroethane|air|unspecified",16
Africa,Nonconformity,"1,1,2-Trichloro-1,2,2-trifluoroethane|air|urban air close to ground",17
Africa,Nonconformity,"1,1-Difluoroethane|air|non-urban air or from high stacks",5
Africa,Nonconformity,"1,1-Difluoroethane|air|urban air close to ground",6
Africa,Nonconformity,"1,3-Dichloropropene|soil|agricultural",18
Africa,Nonconformity,"1,4-Butanediol|air|urban air close to ground",19
Africa,Nonconformity,"1,4-Butanediol|water|surface water",20
Africa,Nonconformity,1-Pentanol|air|urban air close to ground,1
Africa,Nonconformity,1-Pentanol|water|surface water,2
Africa,Nonconformity,1-Pentene|air|urban air close to ground,3
Africa,Nonconformity,1-Pentene|water|surface water,4
Africa,Nonconformity,"2,2,4-Trimethylpentane|air|unspecified",29
Africa,Marginally acceptable conformity,"2,4-D|air|non-urban air or from high stacks",38
Africa,Marginally acceptable conformity,"2,4-D|soil|agricultural",39
Africa,Nonconformity,"2,4-D|soil|forestry",40
Africa,Nonconformity,"2,4-D|water|ground-",41
Africa,Acceptable conformity,"2,4-D|water|unspecified",42
Africa,Nonconformity,"2,4-D dimethylamine salt|air|non-urban air or from high stacks",30
Africa,Nonconformity,"2,4-D dimethylamine salt|soil|agricultural",31
Africa,Nonconformity,"2,4-D dimethylamine salt|water|ground-",32
Africa,Nonconformity,"2,4-D dimethylamine salt|water|surface water",33
Africa,Nonconformity,"2,4-D ester|air|non-urban air or from high stacks",34
Africa,Nonconformity,"2,4-D ester|soil|agricultural",35
Africa,Nonconformity,"2,4-D ester|water|ground-",36
Africa,Nonconformity,"2,4-D ester|water|surface water",37
Africa,Nonconformity,"2,4-DB|air|non-urban air or from high stacks",43
Africa,Nonconformity,"2,4-DB|soil|agricultural",44
Africa,Nonconformity,"2,4-DB|water|ground-",45
Africa,Nonconformity,"2,4-DB|water|surface water",46
Africa,Marginally acceptable conformity,"2,4-Dichlorophenol|air|unspecified",47
Africa,Nonconformity,"2,4-Dichlorophenol|air|urban air close to ground",48
Africa,Nonconformity,2-Aminopropanol|air|urban air close to ground,21
Africa,Nonconformity,2-Aminopropanol|water|surface water,22
Africa,Nonconformity,"2-Chloro-1,1,1,2-tetrafluoroethane|air|unspecified",23
Africa,Nonconformity,2-Chlorophenol|water|unspecified,24
Africa,Nonconformity,2-Methyl-2-butanol|water|unspecified,25
Africa,Nonconformity,2-Methyl-2-butene|air|urban air close to ground,26
Africa,Nonconformity,2-Methyl-2-butene|water|unspecified,27
Africa,Nonconformity,2-Nitrobenzoic acid|air|urban air close to ground,28
Africa,Nonconformity,4-Methyl-2-pentanol|water|surface water,49
Africa,Marginally acceptable conformity,4-Methyl-2-pentanone|air|non-urban air or from high stacks,50
Africa,Nonconformity,4-Methyl-2-pentanone|air|urban air close to ground,51
Africa,Nonconformity,4-Methyl-2-pentanone|water|surface water,52
Africa,Nonconformity,"AOX, Adsorbable Organic Halides|water|ocean",179
Africa,Nonconformity,"AOX, Adsorbable Organic Halides|water|surface water",180
Africa,Marginally acceptable conformity,"AOX, Adsorbable Organic Halides|water|unspecified",181
Africa,Acceptable conformity,Abamectin|air|non-urban air or from high stacks,53
Africa,Marginally acceptable conformity,Abamectin|soil|agricultural,54
Africa,Nonconformity,Abamectin|soil|forestry,55
Africa,Nonconformity,Abamectin|water|ground-,56
Africa,Nonconformity,Abamectin|water|unspecified,57
Africa,Nonconformity,Acenaphthene|air|non-urban air or from high stacks,58
Africa,Nonconformity,Acenaphthene|air|unspecified,59
Africa,Nonconformity,Acenaphthene|water|ocean,60
Africa,Nonconformity,Acenaphthene|water|surface water,61
Africa,Nonconformity,Acenaphthylene|air|non-urban air or from high stacks,62
Africa,Nonconformity,Acenaphthylene|air|unspecified,63
Africa,Nonconformity,Acenaphthylene|water|ocean,64
Africa,Nonconformity,Acenaphthylene|water|surface water,65
Africa,Nonconformity,Acephate|air|non-urban air or from high stacks,66
Africa,Marginally acceptable conformity,Acephate|soil|agricultural,67
Africa,Marginally acceptable conformity,Acephate|soil|forestry,68
Africa,Nonconformity,Acephate|water|ground-,69
Africa,Acceptable conformity,Acephate|water|unspecified,70
Africa,Nonconformity,Acetaldehyde|air|non-urban air or from high stacks,71
Africa,Nonconformity,Acetaldehyde|air|unspecified,72
Africa,Nonconformity,Acetaldehyde|air|urban air close to ground,73
Africa,Nonconformity,Acetaldehyde|water|surface water,74
Africa,Nonconformity,Acetaldehyde|water|unspecified,75
Africa,Nonconformity,Acetamiprid|air|non-urban air or from high stacks,76
Africa,Nonconformity,Acetamiprid|soil|agricultural,77
Africa,Nonconformity,Acetamiprid|soil|forestry,78
Africa,Acceptable conformity,Acetamiprid|water|ground-,79
Africa,Nonconformity,Acetamiprid|water|unspecified,80
Africa,Nonconformity,Acetic acid|air|non-urban air or from high stacks,81
Africa,Nonconformity,Acetic acid|air|unspecified,82
Africa,Nonconformity,Acetic acid|air|urban air close to ground,83
Africa,Nonconformity,Acetic acid|water|surface water,84
Africa,Nonconformity,Acetic acid|water|unspecified,85
Africa,Nonconformity,Acetic anhydride|water|unspecified,86
Africa,Nonconformity,Acetochlor|soil|agricultural,87
Africa,Nonconformity,Acetone|air|non-urban air or from high stacks,88
Africa,Nonconformity,Acetone|air|unspecified,89
Africa,Nonconformity,Acetone|air|urban air close to ground,90
Africa,Nonconformity,Acetone|water|surface water,91
Africa,Nonconformity,Acetone|water|unspecified,92
Africa,Nonconformity,Acetonitrile|air|non-urban air or from high stacks,93
Africa,Acceptable conformity,Acetonitrile|water|surface water,94
Africa,Nonconformity,Acetyl chloride|water|surface water,95
Africa,Nonconformity,Acetylene|air|non-urban air or from high stacks,96
Africa,Nonconformity,Acetylene|air|unspecified,97
Africa,Nonconformity,Acetylene|air|urban air close to ground,98
Africa,Nonconformity,"Acidity, unspecified|water|surface water",99
Africa,Nonconformity,Acifluorfen|soil|agricultural,100
Africa,Nonconformity,Aclonifen|soil|agricultural,101
Africa,Nonconformity,Acrinathrin|soil|agricultural,102
Africa,Nonconformity,Acrolein|air|non-urban air or from high stacks,103
Africa,Nonconformity,Acrolein|air|unspecified,104
Africa,Nonconformity,Acrolein|air|urban air close to ground,105
Africa,Nonconformity,Acrylate|water|surface water,106
Africa,Nonconformity,Acrylic acid|air|urban air close to ground,107
Africa,Nonconformity,"Actinides, radioactive, unspecified|air|non-urban air or from high stacks",108
Africa,Nonconformity,"Actinides, radioactive, unspecified|water|ocean",109
Africa,Nonconformity,"Aerosols, radioactive, unspecified|air|non-urban air or from high stacks",110
Africa,Nonconformity,Alachlor|soil|agricultural,111
Africa,Nonconformity,"Aldehydes, unspecified|air|non-urban air or from high stacks",112
Africa,Nonconformity,"Aldehydes, unspecified|air|unspecified",113
Africa,Nonconformity,"Aldehydes, unspecified|air|urban air close to ground",114
Africa,Nonconformity,Aldicarb|soil|agricultural,115
Africa,Nonconformity,Aldrin|soil|agricultural,116
Africa,Nonconformity,Alkylbenzene (c10-c15)|air|non-urban air or from high stacks,117
Africa,Nonconformity,Alkylbenzene (c10-c15)|soil|agricultural,118
Africa,Acceptable conformity,Alkylbenzene (c10-c15)|soil|forestry,119
Africa,Acceptable conformity,Allyl chloride|water|unspecified,120
Africa,Nonconformity,Alpha-cypermethrin|air|non-urban air or from high stacks,121
Africa,Acceptable conformity,Alpha-cypermethrin|soil|agricultural,122
Africa,Nonconformity,Alpha-cypermethrin|soil|forestry,123
Africa,Marginally acceptable conformity,Alpha-cypermethrin|water|unspecified,124
Africa,Marginally acceptable conformity,Aluminium|natural resource|in ground,138
Africa,Nonconformity,"Aluminium III|air|low population density, long-term",126
Africa,Nonconformity,Aluminium III|air|non-urban air or from high stacks,127
Africa,Marginally acceptable conformity,Aluminium III|air|unspecified,128
Africa,Nonconformity,Aluminium III|air|urban air close to ground,129
Africa,Nonconformity,Aluminium III|soil|agricultural,130
Africa,Nonconformity,Aluminium III|soil|industrial,131
Africa,Nonconformity,Aluminium III|soil|unspecified,132
Africa,Nonconformity,Aluminium III|water|ground-,133
Africa,Marginally acceptable conformity,"Aluminium III|water|ground-, long-term",134
Africa,Nonconformity,Aluminium III|water|ocean,135
Africa,Nonconformity,Aluminium III|water|surface water,136
Africa,Nonconformity,Aluminium III|water|unspecified,137
Africa,Nonconformity,Aluminium hydroxide|water|unspecified,125
Africa,Nonconformity,Ametryn|soil|agricultural,139
Africa,Nonconformity,Amidosulfuron|soil|agricultural,140
Africa,Nonconformity,"Ammonia|air|low population density, long-term",141
Africa,Nonconformity,Ammonia|air|non-urban air or from high stacks,142
Africa,Nonconformity,Ammonia|air|unspecified,143
Africa,Acceptable conformity,Ammonia|air|urban air close to ground,144
Africa,Nonconformity,Ammonia|soil|industrial,145
Africa,Nonconformity,Ammonium|water|ground-,148
Africa,Nonconformity,"Ammonium|water|ground-, long-term",149
Africa,Nonconformity,Ammonium|water|ocean,150
Africa,Nonconformity,Ammonium|water|surface water,151
Africa,Marginally acceptable conformity,Ammonium|water|unspecified,152
Africa,Nonconformity,Ammonium carbonate|air|urban air close to ground,146
Africa,Nonconformity,Ammonium sulfate|water|unspecified,147
Africa,Nonconformity,Anhydrite|natural resource|in ground,153
Africa,Nonconformity,Aniline|air|urban air close to ground,154
Africa,Nonconformity,Aniline|water|surface water,155
Africa,Marginally acceptable conformity,Aniline|water|unspecified,156
Africa,Nonconformity,Anthracene|air|non-urban air or from high stacks,157
Africa,Nonconformity,Anthracene|air|unspecified,158
Africa,Nonconformity,Anthracene|water|surface water,159
Africa,Nonconformity,Anthranilic acid|air|urban air close to ground,160
Africa,Nonconformity,Anthraquinone|soil|agricultural,161
Africa,Nonconformity,"Antimony ion|air|low population density, long-term",167
Africa,Acceptable conformity,Antimony ion|air|non-urban air or from high stacks,168
Africa,Nonconformity,Antimony ion|air|unspecified,169
Africa,Nonconformity,Antimony ion|air|urban air close to ground,170
Africa,Nonconformity,Antimony ion|soil|agricultural,171
Africa,Marginally acceptable conformity,Antimony ion|soil|industrial,172
Africa,Nonconformity,Antimony ion|soil|unspecified,173
Africa,Marginally acceptable conformity,Antimony ion|water|ground-,174
Africa,Nonconformity,"Antimony ion|water|ground-, long-term",175
Africa,Nonconformity,Antimony ion|water|ocean,176
Africa,Nonconformity,Antimony ion|water|surface water,177
Africa,Marginally acceptable conformity,Antimony ion|water|unspecified,178
Africa,Nonconformity,Antimony-122|water|surface water,162
Africa,Marginally acceptable conformity,Antimony-124|air|non-urban air or from high stacks,163
Africa,Nonconformity,Antimony-124|water|surface water,164
Africa,Nonconformity,Antimony-125|air|non-urban air or from high stacks,165
Africa,Nonconformity,Antimony-125|water|surface water,166
Africa,Nonconformity,Argon|air|unspecified,183
Africa,Nonconformity,Argon|natural resource|in air,184
Africa,Nonconformity,Argon-41|air|non-urban air or from high stacks,182
Africa,Nonconformity,"Arsenic ion|air|low population density, long-term",185
Africa,Marginally acceptable conformity,Arsenic ion|air|non-urban air or from high stacks,186
Africa,Nonconformity,Arsenic ion|air|unspecified,187
Africa,Nonconformity,Arsenic ion|air|urban air close to ground,188
Africa,Nonconformity,Arsenic ion|soil|agricultural,189
Africa,Nonconformity,Arsenic ion|soil|industrial,190
Africa,Nonconformity,Arsenic ion|soil|unspecified,191
Africa,Nonconformity,Arsenic ion|water|ground-,192
Africa,Nonconformity,"Arsenic ion|water|ground-, long-term",193
Africa,Nonconformity,Arsenic ion|water|ocean,194
Africa,Marginally acceptable conformity,Arsenic ion|water|surface water,195
Africa,Nonconformity,Arsenic ion|water|unspecified,196
Africa,Nonconformity,Arsine|air|urban air close to ground,197
Africa,Nonconformity,Asulam|soil|agricultural,198
Africa,Nonconformity,Atrazine|air|non-urban air or from high stacks,199
Africa,Nonconformity,Atrazine|soil|agricultural,200
Africa,Nonconformity,Atrazine|soil|forestry,201
Africa,Nonconformity,Atrazine|water|ground-,202
Africa,Nonconformity,Atrazine|water|unspecified,203
Africa,Nonconformity,Azadirachtin|soil|agricultural,204
Africa,Nonconformity,Azinphos-methyl|soil|agricultural,205
Africa,Nonconformity,Azoxystrobin|air|non-urban air or from high stacks,206
Africa,Nonconformity,Azoxystrobin|soil|agricultural,207
Africa,Marginally acceptable conformity,Azoxystrobin|soil|forestry,208
Africa,Nonconformity,Azoxystrobin|water|ground-,209
Africa,Nonconformity,Azoxystrobin|water|unspecified,210
Africa,Nonconformity,"BOD5, Biological Oxygen Demand|water|ground-",289
Africa,Nonconformity,"BOD5, Biological Oxygen Demand|water|ground-, long-term",290
Africa,Nonconformity,"BOD5, Biological Oxygen Demand|water|ocean",291
Africa,Nonconformity,"BOD5, Biological Oxygen Demand|water|surface water",292
Africa,Nonconformity,"BOD5, Biological Oxygen Demand|water|unspecified",293
Africa,Nonconformity,Barite|water|ocean,211
Africa,Nonconformity,Barium|natural resource|in ground,226
Africa,Nonconformity,"Barium II|air|low population density, long-term",214
Africa,Nonconformity,Barium II|air|non-urban air or from high stacks,215
Africa,Nonconformity,Barium II|air|unspecified,216
Africa,Nonconformity,Barium II|air|urban air close to ground,217
Africa,Marginally acceptable conformity,Barium II|soil|agricultural,218
Africa,Nonconformity,Barium II|soil|industrial,219
Africa,Nonconformity,Barium II|soil|unspecified,220
Africa,Nonconformity,Barium II|water|ground-,221
Africa,Nonconformity,"Barium II|water|ground-, long-term",222
Africa,Nonconformity,Barium II|water|ocean,223
Africa,Nonconformity,Barium II|water|surface water,224
Africa,Nonconformity,Barium II|water|unspecified,225
Africa,Nonconformity,Barium-140|air|non-urban air or from high stacks,212
Africa,Nonconformity,Barium-140|water|surface water,213
Africa,Nonconformity,Basalt|natural resource|in ground,227
Africa,Marginally acceptable conformity,Benomyl|soil|agricultural,228
Africa,Nonconformity,Bensulfuron methyl ester|soil|agricultural,229
Africa,Nonconformity,Bentazone|air|non-urban air or from high stacks,230
Africa,Nonconformity,Bentazone|soil|agricultural,231
Africa,Nonconformity,Bentazone|water|ground-,232
Africa,Nonconformity,Bentazone|water|surface water,233
Africa,Nonconformity,Benz(a)anthracene|air|non-urban air or from high stacks,234
Africa,Nonconformity,Benz(a)anthracene|air|unspecified,235
Africa,Nonconformity,Benz(a)anthracene|water|surface water,236
Africa,Nonconformity,Benzal chloride|air|urban air close to ground,237
Africa,Nonconformity,Benzaldehyde|air|non-urban air or from high stacks,238
Africa,Nonconformity,Benzaldehyde|air|unspecified,239
Africa,Nonconformity,Benzaldehyde|air|urban air close to ground,240
Africa,Nonconformity,Benzene|air|non-urban air or from high stacks,241
Africa,Nonconformity,Benzene|air|unspecified,242
Africa,Nonconformity,Benzene|air|urban air close to ground,243
Africa,Nonconformity,Benzene|water|ocean,244
Africa,Nonconformity,Benzene|water|surface water,245
Africa,Nonconformity,Benzene|water|unspecified,246
Africa,Nonconformity,Benzo(a)pyrene|air|unspecified,247
Africa,Nonconformity,Benzo(a)pyrene|air|urban air close to ground,248
Africa,Nonconformity,Benzo(a)pyrene|water|surface water,249
Africa,Nonconformity,Benzo(b)fluoranthene|air|non-urban air or from high stacks,250
Africa,Nonconformity,Benzo(b)fluoranthene|air|unspecified,251
Africa,Nonconformity,Benzo(b)fluoranthene|water|surface water,252
Africa,Nonconformity,Benzo(ghi)perylene|air|non-urban air or from high stacks,253
Africa,Nonconformity,Benzo(ghi)perylene|air|unspecified,254
Africa,Nonconformity,Benzo(ghi)perylene|water|surface water,255
Africa,Nonconformity,Benzo(k)fluoranthene|air|non-urban air or from high stacks,256
Africa,Nonconformity,Benzo(k)fluoranthene|air|unspecified,257
Africa,Nonconformity,Benzo(k)fluoranthene|water|surface water,258
Africa,Nonconformity,Benzovindiflupyr|soil|agricultural,259
Africa,Acceptable conformity,Benzovindiflupyr|soil|forestry,260
Africa,Nonconformity,Benzovindiflupyr|water|unspecified,261
Africa,Nonconformity,Benzyl alcohol|water|surface water,262
Africa,Nonconformity,"Beryllium II|air|low population density, long-term",263
Africa,Nonconformity,Beryllium II|air|non-urban air or from high stacks,264
Africa,Nonconformity,Beryllium II|air|unspecified,265
Africa,Acceptable conformity,Beryllium II|air|urban air close to ground,266
Africa,Nonconformity,Beryllium II|soil|agricultural,267
Africa,Nonconformity,Beryllium II|soil|industrial,268
Africa,Nonconformity,Beryllium II|soil|unspecified,269
Africa,Nonconformity,Beryllium II|water|ground-,270
Africa,Nonconformity,"Beryllium II|water|ground-, long-term",271
Africa,Nonconformity,Beryllium II|water|surface water,272
Africa,Marginally acceptable conformity,Beryllium II|water|unspecified,273
Africa,Nonconformity,Beta-cyfluthrin|air|non-urban air or from high stacks,274
Africa,Nonconformity,Beta-cyfluthrin|soil|agricultural,275
Africa,Marginally acceptable conformity,Beta-cyfluthrin|soil|forestry,276
Africa,Acceptable conformity,Beta-cyfluthrin|water|ground-,277
Africa,Acceptable conformity,Beta-cyfluthrin|water|unspecified,278
Africa,Nonconformity,Bicarbonate|water|ocean,279
Africa,Nonconformity,Bicyclopyrone|soil|agricultural,280
Africa,Nonconformity,Bifenazate|soil|agricultural,281
Africa,Nonconformity,Bifenox|soil|agricultural,282
Africa,Marginally acceptable conformity,Bifenthrin|air|non-urban air or from high stacks,283
Africa,Nonconformity,Bifenthrin|soil|agricultural,284
Africa,Nonconformity,Bifenthrin|soil|forestry,285
Africa,Nonconformity,Bifenthrin|water|ground-,286
Africa,Nonconformity,Bifenthrin|water|unspecified,287
Africa,Nonconformity,Bitertanol|soil|agricultural,288
Africa,Marginally acceptable conformity,Borate|water|surface water,294
Africa,Marginally acceptable conformity,Borate|water|unspecified,295
Africa,Acceptable conformity,Borax|natural resource|in ground,296
Africa,Nonconformity,Boric acid|air|urban air close to ground,297
Africa,Nonconformity,"Boron|air|low population density, long-term",299
Africa,Nonconformity,Boron|air|non-urban air or from high stacks,300
Africa,Nonconformity,Boron|air|unspecified,301
Africa,Nonconformity,Boron|air|urban air close to ground,302
Africa,Nonconformity,Boron|natural resource|in ground,303
Africa,Nonconformity,Boron|soil|agricultural,304
Africa,Nonconformity,Boron|soil|industrial,305
Africa,Nonconformity,Boron|soil|unspecified,306
Africa,Nonconformity,Boron|water|ground-,307
Africa,Nonconformity,"Boron|water|ground-, long-term",308
Africa,Nonconformity,Boron|water|ocean,309
Africa,Nonconformity,Boron|water|surface water,310
Africa,Nonconformity,Boron|water|unspecified,311
Africa,Nonconformity,Boron trifluoride|air|urban air close to ground,298
Africa,Nonconformity,Boscalid|soil|agricultural,312
Africa,Nonconformity,Bromate|water|surface water,313
Africa,Nonconformity,Bromate|water|unspecified,314
Africa,Acceptable conformity,Bromide|water|surface water,315
Africa,Nonconformity,"Bromine|air|low population density, long-term",316
Africa,Nonconformity,Bromine|air|non-urban air or from high stacks,317
Africa,Nonconformity,Bromine|air|unspecified,318
Africa,Nonconformity,Bromine|air|urban air close to ground,319
Africa,Acceptable conformity,Bromine|natural resource|in water,320
Africa,Nonconformity,Bromine|soil|industrial,321
Africa,Nonconformity,Bromine|soil|unspecified,322
Africa,Marginally acceptable conformity,Bromine|water|ground-,323
Africa,Nonconformity,"Bromine|water|ground-, long-term",324
Africa,Nonconformity,Bromine|water|ocean,325
Africa,Nonconformity,Bromine|water|surface water,326
Africa,Nonconformity,Bromoxynil|air|non-urban air or from high stacks,327
Africa,Nonconformity,Bromoxynil|water|ground-,328
Africa,Nonconformity,Bromoxynil|water|surface water,329
Africa,Nonconformity,Bromuconazole|soil|agricultural,330
Africa,Nonconformity,Buprofezin|soil|agricultural,331
Africa,Nonconformity,Butadiene|air|non-urban air or from high stacks,332
Africa,Nonconformity,Butadiene|air|unspecified,333
Africa,Nonconformity,Butadiene|air|urban air close to ground,334
Africa,Nonconformity,Butane|air|non-urban air or from high stacks,335
Africa,Nonconformity,Butane|air|unspecified,336
Africa,Nonconformity,Butane|air|urban air close to ground,337
Africa,Nonconformity,Butanol|air|urban air close to ground,338
Africa,Nonconformity,Butanol|water|surface water,339
Africa,Nonconformity,Butene|air|unspecified,340
Africa,Nonconformity,Butene|air|urban air close to ground,341
Africa,Nonconformity,Butene|water|surface water,342
Africa,Nonconformity,Butyl acetate|water|surface water,343
Africa,Nonconformity,Butyrolactone|water|unspecified,344
Africa,Nonconformity,"COD, Chemical Oxygen Demand|water|ground-",567
Africa,Nonconformity,"COD, Chemical Oxygen Demand|water|ground-, long-term",568
Africa,Nonconformity,"COD, Chemical Oxygen Demand|water|ocean",569
Africa,Nonconformity,"COD, Chemical Oxygen Demand|water|surface water",570
Africa,Nonconformity,"COD, Chemical Oxygen Demand|water|unspecified",571
Africa,Nonconformity,Cadmium|natural resource|in ground,358
Africa,Nonconformity,"Cadmium II|air|low population density, long-term",345
Africa,Nonconformity,Cadmium II|air|lower stratosphere + upper troposphere,346
Africa,Nonconformity,Cadmium II|air|non-urban air or from high stacks,347
Africa,Nonconformity,Cadmium II|air|unspecified,348
Africa,Marginally acceptable conformity,Cadmium II|air|urban air close to ground,349
Africa,Nonconformity,Cadmium II|soil|agricultural,350
Africa,Nonconformity,Cadmium II|soil|forestry,351
Africa,Nonconformity,Cadmium II|soil|industrial,352
Africa,Nonconformity,Cadmium II|soil|unspecified,353
Africa,Nonconformity,Cadmium II|water|ground-,354
Africa,Nonconformity,"Cadmium II|water|ground-, long-term",355
Africa,Nonconformity,Cadmium II|water|ocean,356
Africa,Nonconformity,Cadmium II|water|surface water,357
Africa,Nonconformity,Caesium I|water|ocean,365
Africa,Nonconformity,Caesium I|water|surface water,366
Africa,Nonconformity,Caesium-134|air|non-urban air or from high stacks,359
Africa,Marginally acceptable conformity,Caesium-134|water|surface water,360
Africa,Marginally acceptable conformity,Caesium-136|water|surface water,361
Africa,Nonconformity,Caesium-137|air|non-urban air or from high stacks,362
Africa,Nonconformity,Caesium-137|water|ocean,363
Africa,Acceptable conformity,Caesium-137|water|surface water,364
Africa,Nonconformity,Calcium|natural resource|in ground,379
Africa,Marginally acceptable conformity,"Calcium II|air|low population density, long-term",367
Africa,Nonconformity,Calcium II|air|non-urban air or from high stacks,368
Africa,Nonconformity,Calcium II|air|unspecified,369
Africa,Nonconformity,Calcium II|air|urban air close to ground,370
Africa,Nonconformity,Calcium II|soil|agricultural,371
Africa,Nonconformity,Calcium II|soil|industrial,372
Africa,Nonconformity,Calcium II|soil|unspecified,373
Africa,Marginally acceptable conformity,Calcium II|water|ground-,374
Africa,Nonconformity,"Calcium II|water|ground-, long-term",375
Africa,Nonconformity,Calcium II|water|ocean,376
Africa,Nonconformity,Calcium II|water|surface water,377
Africa,Acceptable conformity,Calcium II|water|unspecified,378
Africa,Nonconformity,Captan|soil|agricultural,380
Africa,Nonconformity,Carbaryl|air|non-urban air or from high stacks,381
Africa,Marginally acceptable conformity,Carbaryl|soil|agricultural,382
Africa,Nonconformity,Carbaryl|water|ground-,383
Africa,Nonconformity,Carbendazim|air|non-urban air or from high stacks,384
Africa,Nonconformity,Carbendazim|soil|agricultural,385
Africa,Nonconformity,Carbendazim|soil|forestry,386
Africa,Marginally acceptable conformity,Carbendazim|water|ground-,387
Africa,Nonconformity,Carbendazim|water|unspecified,388
Africa,Nonconformity,Carbetamide|soil|agricultural,389
Africa,Nonconformity,Carbofuran|soil|agricultural,390
Africa,Nonconformity,Carbon|air|urban air close to ground,421
Africa,Nonconformity,Carbon|soil|agricultural,422
Africa,Marginally acceptable conformity,Carbon|soil|industrial,423
Africa,Nonconformity,Carbon|soil|unspecified,424
Africa,Nonconformity,Carbon|water|ground-,425
Africa,Nonconformity,"Carbon dioxide, fossil|air|lower stratosphere + upper troposphere",393
Africa,Nonconformity,"Carbon dioxide, fossil|air|non-urban air or from high stacks",394
Africa,Nonconformity,"Carbon dioxide, fossil|air|unspecified",395
Africa,Nonconformity,"Carbon dioxide, fossil|air|urban air close to ground",396
Africa,Nonconformity,"Carbon dioxide, from soil or biomass stock|air|non-urban air or from high stacks",397
Africa,Nonconformity,"Carbon dioxide, from soil or biomass stock|air|unspecified",398
Africa,Nonconformity,"Carbon dioxide, in air|natural resource|in air",399
Africa,Nonconformity,"Carbon dioxide, non-fossil|air|non-urban air or from high stacks",400
Africa,Nonconformity,"Carbon dioxide, non-fossil|air|unspecified",401
Africa,Nonconformity,"Carbon dioxide, non-fossil|air|urban air close to ground",402
Africa,Nonconformity,"Carbon dioxide, to soil or biomass stock|soil|agricultural",403
Africa,Nonconformity,"Carbon dioxide, to soil or biomass stock|soil|unspecified",404
Africa,Nonconformity,Carbon disulfide|air|non-urban air or from high stacks,405
Africa,Nonconformity,Carbon disulfide|air|unspecified,406
Africa,Nonconformity,Carbon disulfide|air|urban air close to ground,407
Africa,Nonconformity,Carbon disulfide|water|surface water,408
Africa,Nonconformity,"Carbon monoxide, fossil|air|lower stratosphere + upper troposphere",409
Africa,Nonconformity,"Carbon monoxide, fossil|air|non-urban air or from high stacks",410
Africa,Nonconformity,"Carbon monoxide, fossil|air|unspecified",411
Africa,Nonconformity,"Carbon monoxide, fossil|air|urban air close to ground",412
Africa,Nonconformity,"Carbon monoxide, from soil or biomass stock|air|non-urban air or from high stacks",413
Africa,Nonconformity,"Carbon monoxide, non-fossil|air|non-urban air or from high stacks",414
Africa,Nonconformity,"Carbon monoxide, non-fossil|air|unspecified",415
Africa,Nonconformity,"Carbon monoxide, non-fossil|air|urban air close to ground",416
Africa,Nonconformity,Carbon tetrachloride|air|unspecified,417
Africa,Nonconformity,Carbon tetrachloride|air|urban air close to ground,418
Africa,Nonconformity,Carbon tetrachloride|water|unspecified,419
Africa,Nonconformity,"Carbon, organic, in soil or biomass stock|natural resource|in ground",420
Africa,Nonconformity,Carbon-14|air|non-urban air or from high stacks,391
Africa,Nonconformity,Carbon-14|water|surface water,392
Africa,Nonconformity,Carbonate|water|ocean,426
Africa,Nonconformity,Carbonate|water|surface water,427
Africa,Nonconformity,Carbonate|water|unspecified,428
Africa,Nonconformity,Carbonyl sulfide|air|unspecified,429
Africa,Nonconformity,Carbosulfan|soil|agricultural,430
Africa,Nonconformity,"Carboxylic acids, unspecified|water|ocean",431
Africa,Nonconformity,"Carboxylic acids, unspecified|water|surface water",432
Africa,Nonconformity,"Carboxylic acids, unspecified|water|unspecified",433
Africa,Nonconformity,Carfentrazone-ethyl|air|non-urban air or from high stacks,434
Africa,Nonconformity,Carfentrazone-ethyl|soil|agricultural,435
Africa,Marginally acceptable conformity,Carfentrazone-ethyl|soil|forestry,436
Africa,Nonconformity,Carfentrazone-ethyl|water|unspecified,437
Africa,Nonconformity,Carnallite|natural resource|in water,438
Africa,Nonconformity,Cerium|natural resource|in ground,442
Africa,Nonconformity,Cerium-141|air|non-urban air or from high stacks,439
Africa,Nonconformity,Cerium-141|water|surface water,440
Africa,Nonconformity,Cerium-144|water|surface water,441
Africa,Acceptable conformity,Chloramine|air|urban air close to ground,443
Africa,Nonconformity,Chloramine|water|surface water,444
Africa,Nonconformity,Chlorantraniliprole|air|non-urban air or from high stacks,445
Africa,Nonconformity,Chlorantraniliprole|soil|agricultural,446
Africa,Nonconformity,Chlorantraniliprole|soil|forestry,447
Africa,Nonconformity,Chlorantraniliprole|water|ground-,448
Africa,Nonconformity,Chlorantraniliprole|water|unspecified,449
Africa,Marginally acceptable conformity,Chlorate|water|surface water,450
Africa,Nonconformity,Chlorate|water|unspecified,451
Africa,Nonconformity,Chloridazon|soil|agricultural,452
Africa,Nonconformity,Chloride|soil|agricultural,453
Africa,Nonconformity,Chloride|soil|industrial,454
Africa,Nonconformity,Chloride|soil|unspecified,455
Africa,Nonconformity,Chloride|water|ground-,456
Africa,Nonconformity,"Chloride|water|ground-, long-term",457
Africa,Nonconformity,Chloride|water|ocean,458
Africa,Nonconformity,Chloride|water|surface water,459
Africa,Nonconformity,Chloride|water|unspecified,460
Africa,Nonconformity,"Chlorides, unspecified|water|unspecified",461
Africa,Nonconformity,Chlorimuron-ethyl|air|non-urban air or from high stacks,462
Africa,Marginally acceptable conformity,Chlorimuron-ethyl|soil|agricultural,463
Africa,Acceptable conformity,Chlorimuron-ethyl|soil|forestry,464
Africa,Nonconformity,Chlorimuron-ethyl|water|ground-,465
Africa,Nonconformity,Chlorimuron-ethyl|water|unspecified,466
Africa,Nonconformity,"Chlorinated solvents, unspecified|air|non-urban air or from high stacks",467
Africa,Nonconformity,"Chlorinated solvents, unspecified|water|surface water",468
Africa,Nonconformity,"Chlorine|air|low population density, long-term",469
Africa,Marginally acceptable conformity,Chlorine|air|non-urban air or from high stacks,470
Africa,Nonconformity,Chlorine|air|unspecified,471
Africa,Nonconformity,Chlorine|air|urban air close to ground,472
Africa,Nonconformity,Chlorine|soil|unspecified,473
Africa,Nonconformity,Chlorine|water|ground-,474
Africa,Nonconformity,Chlorine|water|surface water,475
Africa,Nonconformity,Chlorine|water|unspecified,476
Africa,Nonconformity,Chlormequat|soil|agricultural,477
Africa,Nonconformity,Chloroacetic acid|air|urban air close to ground,478
Africa,Acceptable conformity,Chloroacetic acid|water|surface water,479
Africa,Nonconformity,Chloroacetyl chloride|water|surface water,480
Africa,Nonconformity,Chlorodifluoromethane|air|non-urban air or from high stacks,481
Africa,Nonconformity,Chlorodifluoromethane|air|unspecified,482
Africa,Marginally acceptable conformity,Chlorodifluoromethane|air|urban air close to ground,483
Africa,Nonconformity,Chloroform|air|non-urban air or from high stacks,484
Africa,Nonconformity,Chloroform|air|unspecified,485
Africa,Nonconformity,Chloroform|air|urban air close to ground,486
Africa,Nonconformity,Chloroform|water|surface water,487
Africa,Nonconformity,Chloroform|water|unspecified,488
Africa,Nonconformity,Chloropicrin|soil|agricultural,489
Africa,Marginally acceptable conformity,Chlorosulfonic acid|air|unspecified,490
Africa,Nonconformity,Chlorosulfonic acid|air|urban air close to ground,491
Africa,Nonconformity,Chlorosulfonic acid|water|surface water,492
Africa,Nonconformity,Chlorothalonil|soil|agricultural,493
Africa,Nonconformity,Chlorotoluron|soil|agricultural,494
Africa,Marginally acceptable conformity,Chlorpyrifos|air|non-urban air or from high stacks,496
Africa,Nonconformity,Chlorpyrifos|soil|agricultural,497
Africa,Nonconformity,Chlorpyrifos|soil|forestry,498
Africa,Nonconformity,Chlorpyrifos|water|ground-,499
Africa,Nonconformity,Chlorpyrifos|water|unspecified,500
Africa,Nonconformity,Chlorpyrifos methyl|soil|agricultural,495
Africa,Nonconformity,Chlorsulfuron|soil|agricultural,501
Africa,Nonconformity,Choline chloride|soil|agricultural,502
Africa,Marginally acceptable conformity,Chromium|natural resource|in ground,527
Africa,Nonconformity,"Chromium III|air|low population density, long-term",505
Africa,Nonconformity,Chromium III|air|lower stratosphere + upper troposphere,506
Africa,Nonconformity,Chromium III|air|non-urban air or from high stacks,507
Africa,Nonconformity,Chromium III|air|unspecified,508
Africa,Nonconformity,Chromium III|air|urban air close to ground,509
Africa,Nonconformity,Chromium III|soil|agricultural,510
Africa,Nonconformity,Chromium III|soil|forestry,511
Africa,Nonconformity,Chromium III|soil|industrial,512
Africa,Nonconformity,Chromium III|soil|unspecified,513
Africa,Nonconformity,Chromium III|water|ground-,514
Africa,Nonconformity,Chromium III|water|ocean,515
Africa,Nonconformity,Chromium III|water|surface water,516
Africa,Nonconformity,Chromium III|water|unspecified,517
Africa,Nonconformity,"Chromium VI|air|low population density, long-term",518
Africa,Nonconformity,Chromium VI|air|non-urban air or from high stacks,519
Africa,Nonconformity,Chromium VI|air|unspecified,520
Africa,Nonconformity,Chromium VI|air|urban air close to ground,521
Africa,Marginally acceptable conformity,Chromium VI|soil|unspecified,522
Africa,Acceptable conformity,Chromium VI|water|ground-,523
Africa,Nonconformity,"Chromium VI|water|ground-, long-term",524
Africa,Nonconformity,Chromium VI|water|surface water,525
Africa,Nonconformity,Chromium VI|water|unspecified,526
Africa,Nonconformity,Chromium-51|air|non-urban air or from high stacks,503
Africa,Nonconformity,Chromium-51|water|surface water,504
Africa,Nonconformity,Chrysene|air|non-urban air or from high stacks,528
Africa,Nonconformity,Chrysene|air|unspecified,529
Africa,Nonconformity,Chrysotile|natural resource|in ground,530
Africa,Nonconformity,Cinidon-ethyl|soil|agricultural,531
Africa,Marginally acceptable conformity,"Clay, bentonite|natural resource|in ground",532
Africa,Nonconformity,Clethodim|air|non-urban air or from high stacks,533
Africa,Marginally acceptable conformity,Clethodim|soil|agricultural,534
Africa,Nonconformity,Clethodim|soil|forestry,535
Africa,Acceptable conformity,Clethodim|water|unspecified,536
Africa,Nonconformity,Clodinafop-propargyl|air|non-urban air or from high stacks,537
Africa,Nonconformity,Clodinafop-propargyl|soil|agricultural,538
Africa,Nonconformity,Clodinafop-propargyl|water|surface water,539
Africa,Nonconformity,Clomazone|soil|agricultural,540
Africa,Nonconformity,Clopyralid|air|non-urban air or from high stacks,541
Africa,Nonconformity,Clopyralid|soil|agricultural,542
Africa,Nonconformity,Cloquintocet-mexyl|air|non-urban air or from high stacks,543
Africa,Nonconformity,Cloquintocet-mexyl|soil|agricultural,544
Africa,Nonconformity,Cloquintocet-mexyl|water|surface water,545
Africa,Nonconformity,Cloransulam-methyl|soil|agricultural,546
Africa,Nonconformity,Clothianidin|soil|agricultural,547
Africa,Nonconformity,"Coal, brown|natural resource|in ground",548
Africa,Nonconformity,"Coal, hard|natural resource|in ground",549
Africa,Acceptable conformity,"Cobalt II|air|low population density, long-term",555
Africa,Nonconformity,Cobalt II|air|non-urban air or from high stacks,556
Africa,Nonconformity,Cobalt II|air|unspecified,557
Africa,Nonconformity,Cobalt II|air|urban air close to ground,558
Africa,Nonconformity,Cobalt II|soil|agricultural,559
Africa,Nonconformity,Cobalt II|soil|industrial,560
Africa,Nonconformity,Cobalt II|soil|unspecified,561
Africa,Nonconformity,Cobalt II|water|ground-,562
Africa,Nonconformity,"Cobalt II|water|ground-, long-term",563
Africa,Nonconformity,Cobalt II|water|ocean,564
Africa,Nonconformity,Cobalt II|water|surface water,565
Africa,Marginally acceptable conformity,Cobalt II|water|unspecified,566
Africa,Nonconformity,Cobalt-57|water|surface water,550
Africa,Nonconformity,Cobalt-58|air|non-urban air or from high stacks,551
Africa,Nonconformity,Cobalt-58|water|surface water,552
Africa,Nonconformity,Cobalt-60|air|non-urban air or from high stacks,553
Africa,Nonconformity,Cobalt-60|water|surface water,554
Africa,Nonconformity,Copper|natural resource|in ground,590
Africa,Nonconformity,"Copper ion|air|low population density, long-term",572
Africa,Nonconformity,Copper ion|air|lower stratosphere + upper troposphere,573
Africa,Nonconformity,Copper ion|air|non-urban air or from high stacks,574
Africa,Nonconformity,Copper ion|air|unspecified,575
Africa,Nonconformity,Copper ion|air|urban air close to ground,576
Africa,Nonconformity,Copper ion|soil|agricultural,577
Africa,Nonconformity,Copper ion|soil|industrial,578
Africa,Nonconformity,Copper ion|soil|unspecified,579
Africa,Acceptable conformity,Copper ion|water|ground-,580
Africa,Nonconformity,"Copper ion|water|ground-, long-term",581
Africa,Nonconformity,Copper ion|water|ocean,582
Africa,Nonconformity,Copper ion|water|surface water,583
Africa,Nonconformity,Copper ion|water|unspecified,584
Africa,Nonconformity,Copper oxide|soil|agricultural,585
Africa,Nonconformity,Copper oxychloride|air|non-urban air or from high stacks,586
Africa,Nonconformity,Copper oxychloride|soil|agricultural,587
Africa,Nonconformity,Copper oxychloride|soil|forestry,588
Africa,Nonconformity,Copper oxychloride|water|unspecified,589
Africa,Nonconformity,Cu-HDO|water|unspecified,591
Africa,Nonconformity,Cumene|air|non-urban air or from high stacks,592
Africa,Nonconformity,Cumene|air|unspecified,593
Africa,Nonconformity,Cumene|water|unspecified,594
Africa,Nonconformity,Cupric chloride dihydrate|soil|agricultural,595
Africa,Nonconformity,Cupric hydroxide|soil|agricultural,596
Africa,Nonconformity,Cyanide|air|non-urban air or from high stacks,597
Africa,Acceptable conformity,Cyanide|air|unspecified,598
Africa,Nonconformity,Cyanide|air|urban air close to ground,599
Africa,Nonconformity,Cyanide|water|ocean,600
Africa,Nonconformity,Cyanide|water|surface water,601
Africa,Nonconformity,Cyanide|water|unspecified,602
Africa,Nonconformity,Cyanoacetic acid|air|urban air close to ground,603
Africa,Nonconformity,Cyazofamid|soil|agricultural,604
Africa,Nonconformity,Cyclohexane|air|urban air close to ground,605
Africa,Nonconformity,Cyclohexane|water|unspecified,606
Africa,Nonconformity,Cyhalothrin|soil|agricultural,607
Africa,Nonconformity,Cymoxanil|soil|agricultural,608
Africa,Marginally acceptable conformity,Cypermethrin|air|non-urban air or from high stacks,609
Africa,Nonconformity,Cypermethrin|soil|agricultural,610
Africa,Nonconformity,Cypermethrin|soil|forestry,611
Africa,Nonconformity,Cypermethrin|water|ground-,612
Africa,Nonconformity,Cypermethrin|water|unspecified,613
Africa,Nonconformity,Cyproconazole|air|non-urban air or from high stacks,614
Africa,Nonconformity,Cyproconazole|soil|agricultural,615
Africa,Nonconformity,Cyproconazole|soil|forestry,616
Africa,Marginally acceptable conformity,Cyproconazole|water|ground-,617
Africa,Nonconformity,Cyproconazole|water|unspecified,618
Africa,Nonconformity,Cyprodinil|soil|agricultural,619
Africa,Nonconformity,"DOC, Dissolved Organic Carbon|water|ground-",707
Africa,Nonconformity,"DOC, Dissolved Organic Carbon|water|ground-, long-term",708
Africa,Nonconformity,"DOC, Dissolved Organic Carbon|water|ocean",709
Africa,Nonconformity,"DOC, Dissolved Organic Carbon|water|surface water",710
Africa,Nonconformity,"DOC, Dissolved Organic Carbon|water|unspecified",711
Africa,Nonconformity,Decanoic acid|water|unspecified,620
Africa,Nonconformity,Deltamethrin|soil|agricultural,621
Africa,Marginally acceptable conformity,Desmedipham|soil|agricultural,622
Africa,Nonconformity,Diafenthiuron|soil|agricultural,623
Africa,Nonconformity,Diatomite|natural resource|in ground,624
Africa,Nonconformity,Diazinon|soil|agricultural,625
Africa,Nonconformity,"Dibenz(a,h)anthracene|air|non-urban air or from high stacks",626
Africa,Nonconformity,"Dibenz(a,h)anthracene|air|unspecified",627
Africa,Nonconformity,"Dibenz(a,h)anthracene|water|surface water",628
Africa,Nonconformity,Dibutyltin|water|ocean,629
Africa,Nonconformity,Dicamba|soil|agricultural,630
Africa,Nonconformity,Dicamba|water|surface water,631
Africa,Nonconformity,Dichlorodifluoromethane|air|urban air close to ground,632
Africa,Marginally acceptable conformity,Dichlorofluoromethane|air|urban air close to ground,633
Africa,Nonconformity,Dichloromethane|air|non-urban air or from high stacks,634
Africa,Nonconformity,Dichloromethane|air|unspecified,635
Africa,Nonconformity,Dichloromethane|air|urban air close to ground,636
Africa,Nonconformity,Dichloromethane|water|surface water,637
Africa,Nonconformity,Dichlorprop|air|non-urban air or from high stacks,639
Africa,Nonconformity,Dichlorprop|soil|agricultural,640
Africa,Nonconformity,Dichlorprop|water|ground-,641
Africa,Nonconformity,Dichlorprop|water|surface water,642
Africa,Nonconformity,Dichlorprop-P|soil|agricultural,638
Africa,Nonconformity,Dichlorvos|soil|agricultural,643
Africa,Marginally acceptable conformity,Dichromate|water|unspecified,644
Africa,Nonconformity,Diclofop|soil|agricultural,646
Africa,Nonconformity,Diclofop-methyl|soil|agricultural,645
Africa,Nonconformity,Diethanolamine|water|unspecified,647
Africa,Nonconformity,Diethyl ether|air|urban air close to ground,648
Africa,Nonconformity,Diethylamine|air|urban air close to ground,649
Africa,Nonconformity,Diethylamine|water|surface water,650
Africa,Nonconformity,Diethylene glycol|air|urban air close to ground,651
Africa,Marginally acceptable conformity,Difenoconazole|air|non-urban air or from high stacks,652
Africa,Nonconformity,Difenoconazole|soil|agricultural,653
Africa,Nonconformity,Difenoconazole|soil|forestry,654
Africa,Nonconformity,Difenoconazole|water|ground-,655
Africa,Nonconformity,Difenoconazole|water|unspecified,656
Africa,Nonconformity,Diflubenzuron|air|non-urban air or from high stacks,657
Africa,Nonconformity,Diflubenzuron|soil|agricultural,658
Africa,Marginally acceptable conformity,Diflubenzuron|soil|forestry,659
Africa,Nonconformity,Diflubenzuron|water|ground-,660
Africa,Marginally acceptable conformity,Diflubenzuron|water|unspecified,661
Africa,Nonconformity,Diflufenican|soil|agricultural,662
Africa,Nonconformity,Diflufenzopyr-sodium|soil|agricultural,663
Africa,Nonconformity,Difluoromethane|air|unspecified,664
Africa,Nonconformity,Diisobutyl ketone|water|surface water,665
Africa,Nonconformity,Dimethachlor|soil|agricultural,666
Africa,Nonconformity,Dimethenamid-P|soil|agricultural,667
Africa,Nonconformity,Dimethenamide|soil|agricultural,668
Africa,Nonconformity,Dimethenamide|water|surface water,669
Africa,Nonconformity,Dimethoate|soil|agricultural,670
Africa,Nonconformity,Dimethomorph|soil|agricultural,671
Africa,Nonconformity,Dimethyl carbonate|air|unspecified,672
Africa,Nonconformity,Dimethyl ether|air|unspecified,673
Africa,Marginally acceptable conformity,Dimethyl malonate|air|urban air close to ground,674
Africa,Nonconformity,Dimethylamine|air|unspecified,675
Africa,Nonconformity,Dimethylamine|air|urban air close to ground,676
Africa,Nonconformity,Dimethylamine|water|surface water,677
Africa,Marginally acceptable conformity,"Dinitrogen monoxide|air|low population density, long-term",678
Africa,Nonconformity,Dinitrogen monoxide|air|non-urban air or from high stacks,679
Africa,Nonconformity,Dinitrogen monoxide|air|unspecified,680
Africa,Marginally acceptable conformity,Dinitrogen monoxide|air|urban air close to ground,681
Africa,Nonconformity,"Dioxins, measured as 2,3,7,8-tetrachlorodibenzo-p-dioxin|air|low population density, long-term",682
Africa,Nonconformity,"Dioxins, measured as 2,3,7,8-tetrachlorodibenzo-p-dioxin|air|non-urban air or from high stacks",683
Africa,Nonconformity,"Dioxins, measured as 2,3,7,8-tetrachlorodibenzo-p-dioxin|air|unspecified",684
Africa,Nonconformity,"Dioxins, measured as 2,3,7,8-tetrachlorodibenzo-p-dioxin|air|urban air close to ground",685
Africa,Nonconformity,"Dioxins, measured as 2,3,7,8-tetrachlorodibenzo-p-dioxin|soil|industrial",686
Africa,Nonconformity,"Dioxins, measured as 2,3,7,8-tetrachlorodibenzo-p-dioxin|soil|unspecified",687
Africa,Nonconformity,"Dioxins, measured as 2,3,7,8-tetrachlorodibenzo-p-dioxin|water|unspecified",688
Africa,Nonconformity,Diphenyltin|water|ocean,689
Africa,Nonconformity,Dipropyl amine|air|urban air close to ground,690
Africa,Nonconformity,Dipropyl amine|water|surface water,691
Africa,Nonconformity,Diquat|soil|agricultural,697
Africa,Marginally acceptable conformity,Diquat dibromide|air|non-urban air or from high stacks,692
Africa,Nonconformity,Diquat dibromide|soil|agricultural,693
Africa,Nonconformity,Diquat dibromide|soil|forestry,694
Africa,Marginally acceptable conformity,Diquat dibromide|water|ground-,695
Africa,Nonconformity,Diquat dibromide|water|unspecified,696
Africa,Nonconformity,"Discarded fish, demersal, to ocean|water|ocean",698
Africa,Nonconformity,"Discarded fish, pelagic, to ocean|water|ocean",699
Africa,Nonconformity,Dissolved solids|water|ground-,700
Africa,Nonconformity,Dissolved solids|water|surface water,701
Africa,Nonconformity,Dithianon|soil|agricultural,702
Africa,Marginally acceptable conformity,Diuron|air|non-urban air or from high stacks,703
Africa,Nonconformity,Diuron|soil|agricultural,704
Africa,Nonconformity,Diuron|soil|forestry,705
Africa,Marginally acceptable conformity,Diuron|water|unspecified,706
Africa,Nonconformity,Dodecanol|water|unspecified,712
Africa,Nonconformity,Dolomite|natural resource|in ground,713
Africa,Marginally acceptable conformity,Dysprosium|natural resource|in ground,714
Africa,Nonconformity,"EDTA, Ethylenediaminetetraacetic Acid|water|unspecified",715
Africa,Nonconformity,EPTC|soil|agricultural,733
Africa,Nonconformity,Emamectin benzoate|soil|agricultural,716
Africa,Nonconformity,Emamectin benzoate|soil|forestry,717
Africa,Marginally acceptable conformity,Emamectin benzoate|water|ground-,718
Africa,Nonconformity,Emamectin benzoate|water|unspecified,719
Africa,Nonconformity,Endosulfan|soil|agricultural,720
Africa,Nonconformity,Endothall|soil|agricultural,721
Africa,Nonconformity,"Energy, geothermal, converted|natural resource|in ground",722
Africa,Nonconformity,"Energy, gross calorific value, in biomass|natural resource|biotic",724
Africa,Nonconformity,"Energy, gross calorific value, in biomass, primary forest|natural resource|biotic",723
Africa,Nonconformity,"Energy, kinetic (in wind), converted|natural resource|in air",725
Africa,Nonconformity,"Energy, potential (in hydropower reservoir), converted|natural resource|in water",726
Africa,Nonconformity,"Energy, solar, converted|natural resource|in air",727
Africa,Acceptable conformity,Epoxiconazole|air|non-urban air or from high stacks,728
Africa,Marginally acceptable conformity,Epoxiconazole|soil|agricultural,729
Africa,Acceptable conformity,Epoxiconazole|soil|forestry,730
Africa,Acceptable conformity,Epoxiconazole|water|ground-,731
Africa,Nonconformity,Epoxiconazole|water|unspecified,732
Africa,Nonconformity,Erbium|natural resource|in ground,734
Africa,Nonconformity,Esfenvalerate|soil|agricultural,735
Africa,Nonconformity,Ethalfluralin|soil|agricultural,736
Africa,Nonconformity,Ethane|air|non-urban air or from high stacks,737
Africa,Nonconformity,Ethane|air|unspecified,738
Africa,Nonconformity,Ethane|air|urban air close to ground,739
Africa,Nonconformity,Ethanol|air|non-urban air or from high stacks,740
Africa,Acceptable conformity,Ethanol|air|unspecified,741
Africa,Nonconformity,Ethanol|air|urban air close to ground,742
Africa,Nonconformity,Ethanol|water|surface water,743
Africa,Nonconformity,Ethanol|water|unspecified,744
Africa,Nonconformity,Ethephon|air|non-urban air or from high stacks,745
Africa,Nonconformity,Ethephon|soil|agricultural,746
Africa,Nonconformity,Ethephon|water|ground-,747
Africa,Nonconformity,Ethephon|water|surface water,748
Africa,Nonconformity,Ethofumesate|soil|agricultural,749
Africa,Nonconformity,Ethoprop|soil|agricultural,750
Africa,Nonconformity,Ethyl acetate|air|urban air close to ground,751
Africa,Nonconformity,Ethyl acetate|water|surface water,752
Africa,Nonconformity,Ethyl benzene|air|non-urban air or from high stacks,753
Africa,Nonconformity,Ethyl benzene|air|unspecified,754
Africa,Nonconformity,Ethyl benzene|air|urban air close to ground,755
Africa,Nonconformity,Ethyl benzene|water|ocean,756
Africa,Nonconformity,Ethyl benzene|water|surface water,757
Africa,Nonconformity,Ethyl cellulose|air|urban air close to ground,758
Africa,Nonconformity,Ethylamine|air|urban air close to ground,759
Africa,Nonconformity,Ethylamine|water|surface water,760
Africa,Nonconformity,Ethylene|air|non-urban air or from high stacks,774
Africa,Nonconformity,Ethylene|air|urban air close to ground,775
Africa,Nonconformity,Ethylene|water|surface water,776
Africa,Nonconformity,Ethylene carbonate|water|unspecified,761
Africa,Marginally acceptable conformity,Ethylene diamine|air|urban air close to ground,762
Africa,Nonconformity,Ethylene diamine|water|surface water,763
Africa,Nonconformity,Ethylene dichloride|air|non-urban air or from high stacks,764
Africa,Nonconformity,Ethylene dichloride|air|unspecified,765
Africa,Nonconformity,Ethylene dichloride|air|urban air close to ground,766
Africa,Nonconformity,Ethylene dichloride|water|surface water,767
Africa,Nonconformity,Ethylene dichloride|water|unspecified,768
Africa,Nonconformity,Ethylene oxide|air|unspecified,769
Africa,Nonconformity,Ethylene oxide|air|urban air close to ground,770
Africa,Nonconformity,Ethylene oxide|water|ground-,771
Africa,Marginally acceptable conformity,Ethylene oxide|water|surface water,772
Africa,Nonconformity,Ethylene oxide|water|unspecified,773
Africa,Nonconformity,Europium|natural resource|in ground,777
Africa,Nonconformity,Famoxadone|soil|agricultural,778
Africa,Nonconformity,Feldspar|natural resource|in ground,779
Africa,Nonconformity,Fenbuconazole|soil|agricultural,780
Africa,Nonconformity,Fenoxaprop|soil|agricultural,783
Africa,Nonconformity,Fenoxaprop ethyl ester|soil|agricultural,782
Africa,Nonconformity,Fenoxaprop-P ethyl ester|soil|agricultural,781
Africa,Nonconformity,Fenpiclonil|soil|agricultural,784
Africa,Nonconformity,Fenpropidin|soil|agricultural,785
Africa,Nonconformity,Fenpropimorph|soil|agricultural,786
Africa,Nonconformity,Fentin hydroxide|soil|agricultural,787
Africa,Nonconformity,Fipronil|air|non-urban air or from high stacks,788
Africa,Nonconformity,Fipronil|soil|agricultural,789
Africa,Nonconformity,Fipronil|soil|forestry,790
Africa,Nonconformity,Fipronil|water|ground-,791
Africa,Nonconformity,Fipronil|water|unspecified,792
Africa,Nonconformity,"Fish, demersal, in ocean|natural resource|biotic",793
Africa,Nonconformity,"Fish, pelagic, in ocean|natural resource|biotic",794
Africa,Nonconformity,Flonicamid|soil|agricultural,795
Africa,Nonconformity,Florasulam|soil|agricultural,796
Africa,Nonconformity,Fluazifop-P-butyl|soil|agricultural,797
Africa,Nonconformity,Fluazinam|air|non-urban air or from high stacks,798
Africa,Nonconformity,Fluazinam|soil|agricultural,799
Africa,Marginally acceptable conformity,Fluazinam|soil|forestry,800
Africa,Nonconformity,Fluazinam|water|ground-,801
Africa,Nonconformity,Fluazinam|water|unspecified,802
Africa,Nonconformity,Flucarbazone sodium salt|soil|agricultural,803
Africa,Nonconformity,Fludioxonil|air|non-urban air or from high stacks,804
Africa,Nonconformity,Fludioxonil|soil|agricultural,805
Africa,Nonconformity,Fludioxonil|soil|forestry,806
Africa,Marginally acceptable conformity,Fludioxonil|water|ground-,807
Africa,Nonconformity,Fludioxonil|water|unspecified,808
Africa,Nonconformity,Flufenacet|soil|agricultural,809
Africa,Nonconformity,Flumetsulam|soil|agricultural,810
Africa,Nonconformity,Flumiclorac-pentyl|soil|agricultural,811
Africa,Marginally acceptable conformity,Flumioxazin|air|non-urban air or from high stacks,812
Africa,Nonconformity,Flumioxazin|soil|agricultural,813
Africa,Nonconformity,Flumioxazin|soil|forestry,814
Africa,Marginally acceptable conformity,Flumioxazin|water|ground-,815
Africa,Nonconformity,Flumioxazin|water|unspecified,816
Africa,Nonconformity,Fluopyram|soil|agricultural,817
Africa,Nonconformity,Fluoranthene|air|non-urban air or from high stacks,818
Africa,Nonconformity,Fluoranthene|air|unspecified,819
Africa,Nonconformity,Fluoranthene|water|surface water,820
Africa,Nonconformity,Fluorene|air|non-urban air or from high stacks,821
Africa,Nonconformity,Fluorene|air|unspecified,822
Africa,Nonconformity,Fluorene|water|surface water,823
Africa,Nonconformity,Fluoride|soil|industrial,824
Africa,Nonconformity,Fluoride|soil|unspecified,825
Africa,Nonconformity,Fluoride|water|ground-,826
Africa,Nonconformity,"Fluoride|water|ground-, long-term",827
Africa,Nonconformity,Fluoride|water|ocean,828
Africa,Nonconformity,Fluoride|water|surface water,829
Africa,Nonconformity,Fluoride|water|unspecified,830
Africa,Nonconformity,"Fluorine|air|low population density, long-term",831
Africa,Nonconformity,Fluorine|air|non-urban air or from high stacks,832
Africa,Nonconformity,Fluorine|air|unspecified,833
Africa,Nonconformity,Fluorine|air|urban air close to ground,834
Africa,Nonconformity,Fluorine|natural resource|in ground,835
Africa,Nonconformity,Fluorine|water|surface water,836
Africa,Nonconformity,Fluorspar|natural resource|in ground,837
Africa,Nonconformity,Fluosilicic acid|air|urban air close to ground,838
Africa,Nonconformity,Fluosilicic acid|water|surface water,839
Africa,Marginally acceptable conformity,Fluosilicic acid|water|unspecified,840
Africa,Nonconformity,Flupyrsulfuron-methyl|soil|agricultural,841
Africa,Nonconformity,Fluquinconazole|air|non-urban air or from high stacks,842
Africa,Nonconformity,Fluquinconazole|soil|agricultural,843
Africa,Nonconformity,Fluquinconazole|water|surface water,844
Africa,Nonconformity,Flurochloridone|soil|agricultural,845
Africa,Nonconformity,Fluroxypyr|air|non-urban air or from high stacks,846
Africa,Nonconformity,Fluroxypyr|soil|agricultural,847
Africa,Nonconformity,Fluroxypyr|water|surface water,848
Africa,Nonconformity,Flurtamone|soil|agricultural,849
Africa,Nonconformity,Flusilazole|soil|agricultural,850
Africa,Nonconformity,Fluthiacet-methyl|soil|agricultural,851
Africa,Nonconformity,Flutolanil|soil|agricultural,852
Africa,Nonconformity,Fluxapyroxad|soil|agricultural,853
Africa,Nonconformity,Fluxapyroxad|soil|forestry,854
Africa,Nonconformity,Fluxapyroxad|water|ground-,855
Africa,Nonconformity,Fluxapyroxad|water|unspecified,856
Africa,Nonconformity,Fomesafen|soil|agricultural,857
Africa,Nonconformity,Foramsulfuron|soil|agricultural,858
Africa,Nonconformity,Formaldehyde|air|non-urban air or from high stacks,859
Africa,Nonconformity,Formaldehyde|air|unspecified,860
Africa,Marginally acceptable conformity,Formaldehyde|air|urban air close to ground,861
Africa,Nonconformity,Formaldehyde|water|surface water,862
Africa,Nonconformity,Formaldehyde|water|unspecified,863
Africa,Nonconformity,Formamide|air|unspecified,864
Africa,Nonconformity,Formamide|air|urban air close to ground,865
Africa,Nonconformity,Formamide|water|surface water,866
Africa,Marginally acceptable conformity,Formate|water|surface water,867
Africa,Nonconformity,Formic acid|air|non-urban air or from high stacks,868
Africa,Nonconformity,Formic acid|air|urban air close to ground,869
Africa,Nonconformity,Formic acid|water|surface water,870
Africa,Nonconformity,"Fungicides, unspecified|air|non-urban air or from high stacks",871
Africa,Nonconformity,"Fungicides, unspecified|soil|agricultural",872
Africa,Nonconformity,"Fungicides, unspecified|water|ocean",873
Africa,Nonconformity,"Fungicides, unspecified|water|surface water",874
Africa,Nonconformity,Furan|air|non-urban air or from high stacks,875
Africa,Nonconformity,Gadolinium|natural resource|in ground,876
Africa,Nonconformity,Gallium|natural resource|in ground,877
Africa,Nonconformity,Gamma-cyhalothrin|soil|agricultural,878
Africa,Nonconformity,Gangue|natural resource|in ground,879
Africa,Nonconformity,"Gas, mine, off-gas, process, coal mining|natural resource|in ground",880
Africa,Nonconformity,"Gas, natural|natural resource|in ground",881
Africa,Acceptable conformity,Gibberellic acid|air|non-urban air or from high stacks,882
Africa,Marginally acceptable conformity,Gibberellic acid|soil|agricultural,883
Africa,Acceptable conformity,Gibberellic acid|soil|forestry,884
Africa,Nonconformity,Gibberellic acid|water|unspecified,885
Africa,Nonconformity,Glufosinate|soil|agricultural,887
Africa,Nonconformity,Glufosinate ammonium|soil|agricultural,886
Africa,Nonconformity,Glutaraldehyde|water|ocean,888
Africa,Marginally acceptable conformity,Glyphosate|air|non-urban air or from high stacks,889
Africa,Nonconformity,Glyphosate|soil|agricultural,890
Africa,Nonconformity,Glyphosate|soil|forestry,891
Africa,Nonconformity,Glyphosate|soil|industrial,892
Africa,Marginally acceptable conformity,Glyphosate|water|ground-,893
Africa,Nonconformity,Glyphosate|water|surface water,894
Africa,Nonconformity,Glyphosate|water|unspecified,895
Africa,Nonconformity,Gold|natural resource|in ground,896
Africa,Nonconformity,Granite|natural resource|in ground,897
Africa,Nonconformity,Graphite|natural resource|in ground,898
Africa,Nonconformity,Gypsum|natural resource|in ground,899
Africa,Nonconformity,Hafnium|natural resource|in ground,900
Africa,Nonconformity,Halosulfuron-methyl|soil|agricultural,901
Africa,Nonconformity,Haloxyfop-ethoxyethyl|air|non-urban air or from high stacks,902
Africa,Nonconformity,Haloxyfop-ethoxyethyl|water|ground-,903
Africa,Acceptable conformity,Haloxyfop-ethoxyethyl|water|unspecified,904
Africa,Nonconformity,Hazardous waste disposed|inventory indicator|waste,905
Africa,Marginally acceptable conformity,"Heat, waste|air|non-urban air or from high stacks",906
Africa,Nonconformity,"Heat, waste|air|unspecified",907
Africa,Nonconformity,"Heat, waste|air|urban air close to ground",908
Africa,Nonconformity,"Heat, waste|soil|agricultural",909
Africa,Nonconformity,"Heat, waste|soil|industrial",910
Africa,Nonconformity,"Heat, waste|water|ground-, long-term",911
Africa,Nonconformity,"Heat, waste|water|surface water",912
Africa,Nonconformity,"Heat, waste|water|unspecified",913
Africa,Nonconformity,Helium|air|non-urban air or from high stacks,914
Africa,Nonconformity,Helium|air|unspecified,915
Africa,Nonconformity,Heptane|air|unspecified,916
Africa,Nonconformity,Heptane|air|urban air close to ground,917
Africa,Nonconformity,"Herbicides, unspecified|air|non-urban air or from high stacks",918
Africa,Nonconformity,"Herbicides, unspecified|soil|agricultural",919
Africa,Nonconformity,"Herbicides, unspecified|water|surface water",920
Africa,Nonconformity,Hexachlorobenzene|air|non-urban air or from high stacks,921
Africa,Nonconformity,Hexachlorobenzene|air|unspecified,922
Africa,Marginally acceptable conformity,Hexachlorobenzene|air|urban air close to ground,923
Africa,Nonconformity,Hexachlorobenzene|water|unspecified,924
Africa,Nonconformity,Hexafluoroethane|air|unspecified,925
Africa,Nonconformity,Hexafluoroethane|air|urban air close to ground,926
Africa,Nonconformity,Hexane|air|non-urban air or from high stacks,927
Africa,Nonconformity,Hexane|air|unspecified,928
Africa,Nonconformity,Hexane|air|urban air close to ground,929
Africa,Nonconformity,Holmium|natural resource|in ground,930
Africa,Nonconformity,"Hydrocarbons, aliphatic, alkanes, cyclic|air|non-urban air or from high stacks",931
Africa,Nonconformity,"Hydrocarbons, aliphatic, alkanes, cyclic|air|unspecified",932
Africa,Nonconformity,"Hydrocarbons, aliphatic, alkanes, cyclic|air|urban air close to ground",933
Africa,Nonconformity,"Hydrocarbons, aliphatic, alkanes, unspecified|air|non-urban air or from high stacks",934
Africa,Nonconformity,"Hydrocarbons, aliphatic, alkanes, unspecified|air|unspecified",935
Africa,Nonconformity,"Hydrocarbons, aliphatic, alkanes, unspecified|air|urban air close to ground",936
Africa,Nonconformity,"Hydrocarbons, aliphatic, alkanes, unspecified|water|ocean",937
Africa,Nonconformity,"Hydrocarbons, aliphatic, alkanes, unspecified|water|surface water",938
Africa,Nonconformity,"Hydrocarbons, aliphatic, unsaturated|air|non-urban air or from high stacks",939
Africa,Nonconformity,"Hydrocarbons, aliphatic, unsaturated|air|unspecified",940
Africa,Nonconformity,"Hydrocarbons, aliphatic, unsaturated|air|urban air close to ground",941
Africa,Nonconformity,"Hydrocarbons, aliphatic, unsaturated|water|ocean",942
Africa,Nonconformity,"Hydrocarbons, aliphatic, unsaturated|water|surface water",943
Africa,Nonconformity,"Hydrocarbons, aliphatic, unsaturated|water|unspecified",944
Africa,Nonconformity,"Hydrocarbons, aromatic|air|non-urban air or from high stacks",945
Africa,Nonconformity,"Hydrocarbons, aromatic|air|unspecified",946
Africa,Nonconformity,"Hydrocarbons, aromatic|air|urban air close to ground",947
Africa,Nonconformity,"Hydrocarbons, aromatic|water|ocean",948
Africa,Nonconformity,"Hydrocarbons, aromatic|water|surface water",949
Africa,Nonconformity,"Hydrocarbons, chlorinated|air|non-urban air or from high stacks",950
Africa,Nonconformity,"Hydrocarbons, chlorinated|air|unspecified",951
Africa,Nonconformity,"Hydrocarbons, chlorinated|air|urban air close to ground",952
Africa,Nonconformity,"Hydrocarbons, unspecified|soil|unspecified",953
Africa,Nonconformity,"Hydrocarbons, unspecified|water|ocean",954
Africa,Nonconformity,"Hydrocarbons, unspecified|water|surface water",955
Africa,Nonconformity,"Hydrocarbons, unspecified|water|unspecified",956
Africa,Marginally acceptable conformity,"Hydrochloric acid|air|low population density, long-term",957
Africa,Nonconformity,Hydrochloric acid|air|non-urban air or from high stacks,958
Africa,Nonconformity,Hydrochloric acid|air|unspecified,959
Africa,Nonconformity,Hydrochloric acid|air|urban air close to ground,960
Africa,Nonconformity,Hydrochloric acid|water|unspecified,961
Africa,Marginally acceptable conformity,Hydrogen|air|urban air close to ground,974
Africa,Nonconformity,Hydrogen|water|surface water,975
Africa,Nonconformity,"Hydrogen fluoride|air|low population density, long-term",962
Africa,Nonconformity,Hydrogen fluoride|air|non-urban air or from high stacks,963
Africa,Nonconformity,Hydrogen fluoride|air|unspecified,964
Africa,Nonconformity,Hydrogen fluoride|air|urban air close to ground,965
Africa,Nonconformity,Hydrogen peroxide|air|urban air close to ground,966
Africa,Nonconformity,Hydrogen peroxide|water|unspecified,967
Africa,Nonconformity,Hydrogen sulfide|air|non-urban air or from high stacks,968
Africa,Nonconformity,Hydrogen sulfide|air|unspecified,969
Africa,Nonconformity,Hydrogen sulfide|air|urban air close to ground,970
Africa,Nonconformity,Hydrogen sulfide|water|ground-,971
Africa,Nonconformity,"Hydrogen sulfide|water|ground-, long-term",972
Africa,Nonconformity,Hydrogen sulfide|water|surface water,973
Africa,Nonconformity,Hydroxide|water|surface water,976
Africa,Acceptable conformity,Hydroxide|water|unspecified,977
Africa,Nonconformity,Hypochlorite|water|ocean,978
Africa,Nonconformity,Hypochlorite|water|surface water,979
Africa,Nonconformity,Imazamox|soil|agricultural,980
Africa,Nonconformity,Imazapyr|soil|agricultural,981
Africa,Nonconformity,Imazethapyr|air|non-urban air or from high stacks,982
Africa,Nonconformity,Imazethapyr|soil|agricultural,983
Africa,Nonconformity,Imazethapyr|soil|forestry,984
Africa,Nonconformity,Imazethapyr|water|unspecified,985
Africa,Nonconformity,Imidacloprid|air|non-urban air or from high stacks,986
Africa,Nonconformity,Imidacloprid|soil|agricultural,987
Africa,Marginally acceptable conformity,Imidacloprid|soil|forestry,988
Africa,Acceptable conformity,Imidacloprid|water|ground-,989
Africa,Nonconformity,Imidacloprid|water|unspecified,990
Africa,Nonconformity,"Indeno(1,2,3-cd)pyrene|air|non-urban air or from high stacks",991
Africa,Nonconformity,"Indeno(1,2,3-cd)pyrene|air|unspecified",992
Africa,Nonconformity,"Indeno(1,2,3-cd)pyrene|water|surface water",993
Africa,Nonconformity,Indium|natural resource|in ground,994
Africa,Nonconformity,Indoxacarb|air|non-urban air or from high stacks,995
Africa,Nonconformity,Indoxacarb|soil|agricultural,996
Africa,Nonconformity,Indoxacarb|soil|forestry,997
Africa,Nonconformity,Iodide|soil|industrial,998
Africa,Nonconformity,Iodide|water|ground-,999
Africa,Nonconformity,"Iodide|water|ground-, long-term",1000
Africa,Nonconformity,Iodide|water|ocean,1001
Africa,Nonconformity,Iodide|water|surface water,1002
Africa,Nonconformity,"Iodine|air|low population density, long-term",1008
Africa,Nonconformity,Iodine|air|non-urban air or from high stacks,1009
Africa,Nonconformity,Iodine|air|unspecified,1010
Africa,Nonconformity,Iodine|air|urban air close to ground,1011
Africa,Nonconformity,Iodine|natural resource|in water,1012
Africa,Nonconformity,Iodine|water|surface water,1013
Africa,Nonconformity,Iodine-129|air|non-urban air or from high stacks,1003
Africa,Nonconformity,Iodine-131|air|non-urban air or from high stacks,1004
Africa,Nonconformity,Iodine-131|water|surface water,1005
Africa,Nonconformity,Iodine-133|air|non-urban air or from high stacks,1006
Africa,Marginally acceptable conformity,Iodine-133|water|surface water,1007
Africa,Nonconformity,Iodosulfuron|soil|agricultural,1015
Africa,Nonconformity,Iodosulfuron-methyl-sodium|soil|agricultural,1014
Africa,Nonconformity,Ioxynil|soil|agricultural,1016
Africa,Nonconformity,Iprodione|soil|agricultural,1017
Africa,Nonconformity,Iron|natural resource|in ground,1031
Africa,Nonconformity,"Iron ion|air|low population density, long-term",1019
Africa,Nonconformity,Iron ion|air|non-urban air or from high stacks,1020
Africa,Nonconformity,Iron ion|air|unspecified,1021
Africa,Nonconformity,Iron ion|air|urban air close to ground,1022
Africa,Nonconformity,Iron ion|soil|agricultural,1023
Africa,Nonconformity,Iron ion|soil|industrial,1024
Africa,Nonconformity,Iron ion|soil|unspecified,1025
Africa,Nonconformity,Iron ion|water|ground-,1026
Africa,Nonconformity,"Iron ion|water|ground-, long-term",1027
Africa,Nonconformity,Iron ion|water|ocean,1028
Africa,Nonconformity,Iron ion|water|surface water,1029
Africa,Nonconformity,Iron ion|water|unspecified,1030
Africa,Nonconformity,Iron-59|water|surface water,1018
Africa,Marginally acceptable conformity,Isobutanol|air|urban air close to ground,1032
Africa,Nonconformity,Isobutanol|water|surface water,1033
Africa,Nonconformity,Isocyanic acid|air|urban air close to ground,1034
Africa,Nonconformity,Isohexane|air|urban air close to ground,1035
Africa,Nonconformity,Isohexane|water|surface water,1036
Africa,Nonconformity,Isoprene|air|non-urban air or from high stacks,1037
Africa,Marginally acceptable conformity,Isopropanol|air|non-urban air or from high stacks,1038
Africa,Nonconformity,Isopropanol|air|urban air close to ground,1039
Africa,Nonconformity,Isopropanol|water|surface water,1040
Africa,Marginally acceptable conformity,Isopropanol|water|unspecified,1041
Africa,Nonconformity,Isopropylamine|air|urban air close to ground,1042
Africa,Nonconformity,Isopropylamine|water|surface water,1043
Africa,Nonconformity,Isoproturon|soil|agricultural,1044
Africa,Nonconformity,Kaolinite|natural resource|in ground,1045
Africa,Nonconformity,Ketene|air|unspecified,1046
Africa,Nonconformity,Kieserite|natural resource|in ground,1047
Africa,Nonconformity,Kresoxim-methyl|soil|agricultural,1048
Africa,Nonconformity,Krypton|natural resource|in air,1054
Africa,Nonconformity,Krypton-85|air|non-urban air or from high stacks,1049
Africa,Nonconformity,Krypton-85m|air|non-urban air or from high stacks,1050
Africa,Nonconformity,Krypton-87|air|non-urban air or from high stacks,1051
Africa,Nonconformity,Krypton-88|air|non-urban air or from high stacks,1052
Africa,Nonconformity,Krypton-89|air|non-urban air or from high stacks,1053
Africa,Nonconformity,Lactic acid|air|urban air close to ground,1055
Africa,Nonconformity,Lactic acid|water|surface water,1056
Africa,Nonconformity,Lactofen|soil|agricultural,1057
Africa,Marginally acceptable conformity,Lambda-cyhalothrin|air|non-urban air or from high stacks,1058
Africa,Marginally acceptable conformity,Lambda-cyhalothrin|soil|agricultural,1059
Africa,Nonconformity,Lambda-cyhalothrin|soil|forestry,1060
Africa,Marginally acceptable conformity,Lambda-cyhalothrin|water|ground-,1061
Africa,Nonconformity,Lambda-cyhalothrin|water|surface water,1062
Africa,Nonconformity,Lambda-cyhalothrin|water|unspecified,1063
Africa,Nonconformity,Lanthanum|natural resource|in ground,1066
Africa,Nonconformity,Lanthanum-140|air|non-urban air or from high stacks,1064
Africa,Acceptable conformity,Lanthanum-140|water|surface water,1065
Africa,Nonconformity,Laterite|natural resource|in ground,1067
Africa,Nonconformity,Lauric acid|air|unspecified,1068
Africa,Nonconformity,Lauric acid|water|unspecified,1069
Africa,Nonconformity,Lead|natural resource|in ground,1090
Africa,Acceptable conformity,"Lead II|air|low population density, long-term",1076
Africa,Nonconformity,Lead II|air|lower stratosphere + upper troposphere,1077
Africa,Nonconformity,Lead II|air|non-urban air or from high stacks,1078
Africa,Nonconformity,Lead II|air|unspecified,1079
Africa,Nonconformity,Lead II|air|urban air close to ground,1080
Africa,Nonconformity,Lead II|soil|agricultural,1081
Africa,Nonconformity,Lead II|soil|forestry,1082
Africa,Nonconformity,Lead II|soil|industrial,1083
Africa,Nonconformity,Lead II|soil|unspecified,1084
Africa,Nonconformity,Lead II|water|ground-,1085
Africa,Nonconformity,"Lead II|water|ground-, long-term",1086
Africa,Nonconformity,Lead II|water|ocean,1087
Africa,Nonconformity,Lead II|water|surface water,1088
Africa,Marginally acceptable conformity,Lead II|water|unspecified,1089
Africa,Nonconformity,Lead-210|air|non-urban air or from high stacks,1070
Africa,Nonconformity,Lead-210|air|unspecified,1071
Africa,Nonconformity,Lead-210|air|urban air close to ground,1072
Africa,Nonconformity,Lead-210|water|ground-,1073
Africa,Nonconformity,Lead-210|water|ocean,1074
Africa,Nonconformity,Lead-210|water|surface water,1075
Africa,Nonconformity,Lenacil|soil|agricultural,1091
Africa,Nonconformity,Linuron|soil|agricultural,1092
Africa,Nonconformity,Lithium|natural resource|in ground,1098
Africa,Nonconformity,Lithium I|air|urban air close to ground,1093
Africa,Nonconformity,Lithium I|soil|unspecified,1094
Africa,Nonconformity,Lithium I|water|ground-,1095
Africa,Nonconformity,Lithium I|water|ocean,1096
Africa,Nonconformity,Lithium I|water|surface water,1097
Africa,Nonconformity,Lufenuron|soil|agricultural,1099
Africa,Acceptable conformity,Lufenuron|soil|forestry,1100
Africa,Marginally acceptable conformity,Lutetium|natural resource|in ground,1101
Africa,Nonconformity,MCPA|air|non-urban air or from high stacks,1143
Africa,Nonconformity,MCPA|soil|agricultural,1144
Africa,Nonconformity,MCPA|water|ground-,1145
Africa,Nonconformity,MCPA|water|surface water,1146
Africa,Nonconformity,MCPB|air|non-urban air or from high stacks,1147
Africa,Marginally acceptable conformity,MCPB|soil|agricultural,1148
Africa,Nonconformity,MCPB|water|ground-,1149
Africa,Nonconformity,MCPB|water|surface water,1150
Africa,Nonconformity,Magnesite|natural resource|in ground,1106
Africa,Acceptable conformity,"Magnesium|air|low population density, long-term",1107
Africa,Nonconformity,Magnesium|air|non-urban air or from high stacks,1108
Africa,Nonconformity,Magnesium|air|unspecified,1109
Africa,Nonconformity,Magnesium|air|urban air close to ground,1110
Africa,Nonconformity,Magnesium|natural resource|in ground,1111
Africa,Nonconformity,Magnesium|soil|agricultural,1112
Africa,Nonconformity,Magnesium|soil|industrial,1113
Africa,Nonconformity,Magnesium|soil|unspecified,1114
Africa,Nonconformity,Magnesium|water|ground-,1115
Africa,Nonconformity,"Magnesium|water|ground-, long-term",1116
Africa,Nonconformity,Magnesium|water|ocean,1117
Africa,Nonconformity,Magnesium|water|surface water,1118
Africa,Nonconformity,Malathion|soil|agricultural,1119
Africa,Marginally acceptable conformity,Maleic anhydride|water|unspecified,1120
Africa,Acceptable conformity,Mancozeb|air|non-urban air or from high stacks,1121
Africa,Nonconformity,Mancozeb|soil|agricultural,1122
Africa,Nonconformity,Mancozeb|soil|forestry,1123
Africa,Nonconformity,Mancozeb|water|ground-,1124
Africa,Marginally acceptable conformity,Mancozeb|water|unspecified,1125
Africa,Nonconformity,Mandipropamid|soil|agricultural,1126
Africa,Nonconformity,Maneb|soil|agricultural,1127
Africa,Nonconformity,Manganese|natural resource|in ground,1142
Africa,Nonconformity,"Manganese II|air|low population density, long-term",1130
Africa,Nonconformity,Manganese II|air|non-urban air or from high stacks,1131
Africa,Nonconformity,Manganese II|air|unspecified,1132
Africa,Nonconformity,Manganese II|air|urban air close to ground,1133
Africa,Nonconformity,Manganese II|soil|agricultural,1134
Africa,Nonconformity,Manganese II|soil|industrial,1135
Africa,Nonconformity,Manganese II|soil|unspecified,1136
Africa,Nonconformity,Manganese II|water|ground-,1137
Africa,Nonconformity,"Manganese II|water|ground-, long-term",1138
Africa,Nonconformity,Manganese II|water|ocean,1139
Africa,Nonconformity,Manganese II|water|surface water,1140
Africa,Nonconformity,Manganese II|water|unspecified,1141
Africa,Nonconformity,Manganese-54|air|non-urban air or from high stacks,1128
Africa,Nonconformity,Manganese-54|water|surface water,1129
Africa,Nonconformity,Mecoprop|soil|agricultural,1152
Africa,Nonconformity,Mecoprop-P|soil|agricultural,1151
Africa,Nonconformity,Mefenpyr|soil|agricultural,1154
Africa,Nonconformity,Mefenpyr-diethyl|soil|agricultural,1153
Africa,Marginally acceptable conformity,Mefentrifluconazole|soil|agricultural,1155
Africa,Nonconformity,Mepiquat chloride|soil|agricultural,1156
Africa,Nonconformity,Mercury|natural resource|in ground,1170
Africa,Marginally acceptable conformity,"Mercury II|air|low population density, long-term",1157
Africa,Nonconformity,Mercury II|air|lower stratosphere + upper troposphere,1158
Africa,Acceptable conformity,Mercury II|air|non-urban air or from high stacks,1159
Africa,Nonconformity,Mercury II|air|unspecified,1160
Africa,Nonconformity,Mercury II|air|urban air close to ground,1161
Africa,Nonconformity,Mercury II|soil|agricultural,1162
Africa,Nonconformity,Mercury II|soil|industrial,1163
Africa,Nonconformity,Mercury II|soil|unspecified,1164
Africa,Marginally acceptable conformity,Mercury II|water|ground-,1165
Africa,Nonconformity,"Mercury II|water|ground-, long-term",1166
Africa,Nonconformity,Mercury II|water|ocean,1167
Africa,Nonconformity,Mercury II|water|surface water,1168
Africa,Nonconformity,Mercury II|water|unspecified,1169
Africa,Nonconformity,Mesosulfuron-methyl (prop)|soil|agricultural,1171
Africa,Nonconformity,Mesotrione|air|non-urban air or from high stacks,1172
Africa,Nonconformity,Mesotrione|soil|agricultural,1173
Africa,Nonconformity,Mesotrione|soil|forestry,1174
Africa,Nonconformity,Mesotrione|water|unspecified,1175
Africa,Nonconformity,Metalaxil|soil|agricultural,1176
Africa,Marginally acceptable conformity,Metalaxyl-M|air|non-urban air or from high stacks,1177
Africa,Acceptable conformity,Metalaxyl-M|soil|agricultural,1178
Africa,Marginally acceptable conformity,Metalaxyl-M|soil|forestry,1179
Africa,Marginally acceptable conformity,Metalaxyl-M|water|ground-,1180
Africa,Acceptable conformity,Metalaxyl-M|water|unspecified,1181
Africa,Nonconformity,Metam-sodium|soil|agricultural,1182
Africa,Nonconformity,Metamitron|soil|agricultural,1183
Africa,Nonconformity,Metazachlor|soil|agricultural,1184
Africa,Nonconformity,Metconazole|soil|agricultural,1185
Africa,Nonconformity,"Methane, bromo-, Halon 1001|air|unspecified",1186
Africa,Nonconformity,"Methane, bromo-, Halon 1001|air|urban air close to ground",1187
Africa,Nonconformity,"Methane, bromochlorodifluoro-, Halon 1211|air|non-urban air or from high stacks",1188
Africa,Nonconformity,"Methane, bromotrifluoro-, Halon 1301|air|non-urban air or from high stacks",1189
Africa,Nonconformity,"Methane, bromotrifluoro-, Halon 1301|air|urban air close to ground",1190
Africa,Nonconformity,"Methane, fossil|air|non-urban air or from high stacks",1191
Africa,Nonconformity,"Methane, fossil|air|unspecified",1192
Africa,Marginally acceptable conformity,"Methane, fossil|air|urban air close to ground",1193
Africa,Nonconformity,"Methane, from soil or biomass stock|air|non-urban air or from high stacks",1194
Africa,Nonconformity,"Methane, non-fossil|air|non-urban air or from high stacks",1195
Africa,Marginally acceptable conformity,"Methane, non-fossil|air|unspecified",1196
Africa,Nonconformity,"Methane, non-fossil|air|urban air close to ground",1197
Africa,Marginally acceptable conformity,Methanesulfonic acid|air|urban air close to ground,1198
Africa,Nonconformity,Methanol|air|non-urban air or from high stacks,1199
Africa,Marginally acceptable conformity,Methanol|air|unspecified,1200
Africa,Nonconformity,Methanol|air|urban air close to ground,1201
Africa,Acceptable conformity,Methanol|water|surface water,1202
Africa,Nonconformity,Methanol|water|unspecified,1203
Africa,Nonconformity,Methomyl|air|non-urban air or from high stacks,1204
Africa,Nonconformity,Methomyl|soil|agricultural,1205
Africa,Nonconformity,Methomyl|soil|forestry,1206
Africa,Nonconformity,Methomyl|water|ground-,1207
Africa,Nonconformity,Methomyl|water|surface water,1208
Africa,Marginally acceptable conformity,Methomyl|water|unspecified,1209
Africa,Nonconformity,Methoxyfenozide|air|non-urban air or from high stacks,1210
Africa,Marginally acceptable conformity,Methoxyfenozide|soil|agricultural,1211
Africa,Acceptable conformity,Methoxyfenozide|soil|forestry,1212
Africa,Nonconformity,Methoxyfenozide|water|ground-,1213
Africa,Nonconformity,Methoxyfenozide|water|unspecified,1214
Africa,Nonconformity,Methyl acetate|air|unspecified,1215
Africa,Nonconformity,Methyl acetate|air|urban air close to ground,1216
Africa,Nonconformity,Methyl acetate|water|surface water,1217
Africa,Nonconformity,Methyl acrylate|air|urban air close to ground,1218
Africa,Nonconformity,Methyl acrylate|water|surface water,1219
Africa,Marginally acceptable conformity,Methyl ethyl ketone|air|non-urban air or from high stacks,1220
Africa,Nonconformity,Methyl ethyl ketone|air|urban air close to ground,1221
Africa,Nonconformity,Methyl formate|air|unspecified,1222
Africa,Nonconformity,Methyl formate|air|urban air close to ground,1223
Africa,Nonconformity,Methyl formate|water|surface water,1224
Africa,Nonconformity,Methyl lactate|air|urban air close to ground,1225
Africa,Nonconformity,Methylamine|air|unspecified,1226
Africa,Nonconformity,Methylamine|air|urban air close to ground,1227
Africa,Nonconformity,Methylamine|water|surface water,1228
Africa,Nonconformity,Methylamine|water|unspecified,1229
Africa,Nonconformity,Methylchloride|air|non-urban air or from high stacks,1230
Africa,Nonconformity,Methylchloride|air|unspecified,1231
Africa,Nonconformity,Metolachlor|air|non-urban air or from high stacks,1232
Africa,Nonconformity,Metolachlor|soil|agricultural,1233
Africa,Nonconformity,Metolachlor|soil|forestry,1234
Africa,Nonconformity,Metolachlor|water|ground-,1235
Africa,Nonconformity,Metolachlor|water|surface water,1236
Africa,Nonconformity,Metosulam|soil|agricultural,1237
Africa,Marginally acceptable conformity,Metribuzin|soil|agricultural,1238
Africa,Nonconformity,Metsulfuron-methyl|air|non-urban air or from high stacks,1239
Africa,Nonconformity,Metsulfuron-methyl|air|unspecified,1240
Africa,Nonconformity,Metsulfuron-methyl|soil|agricultural,1241
Africa,Nonconformity,Metsulfuron-methyl|soil|forestry,1242
Africa,Marginally acceptable conformity,Metsulfuron-methyl|water|ground-,1243
Africa,Nonconformity,Metsulfuron-methyl|water|surface water,1244
Africa,Acceptable conformity,Metsulfuron-methyl|water|unspecified,1245
Africa,Nonconformity,Mineral oil|soil|agricultural,1246
Africa,Nonconformity,Molinate|soil|agricultural,1247
Africa,Nonconformity,Molybdenum|natural resource|in ground,1261
Africa,Nonconformity,"Molybdenum VI|air|low population density, long-term",1249
Africa,Nonconformity,Molybdenum VI|air|non-urban air or from high stacks,1250
Africa,Nonconformity,Molybdenum VI|air|unspecified,1251
Africa,Acceptable conformity,Molybdenum VI|air|urban air close to ground,1252
Africa,Nonconformity,Molybdenum VI|soil|agricultural,1253
Africa,Nonconformity,Molybdenum VI|soil|industrial,1254
Africa,Nonconformity,Molybdenum VI|soil|unspecified,1255
Africa,Acceptable conformity,Molybdenum VI|water|ground-,1256
Africa,Nonconformity,"Molybdenum VI|water|ground-, long-term",1257
Africa,Nonconformity,Molybdenum VI|water|ocean,1258
Africa,Nonconformity,Molybdenum VI|water|surface water,1259
Africa,Acceptable conformity,Molybdenum VI|water|unspecified,1260
Africa,Nonconformity,Molybdenum-99|water|surface water,1248
Africa,Nonconformity,Monobutyltin (III)|water|ocean,1262
Africa,Nonconformity,Monochlorobenzene|water|surface water,1263
Africa,Nonconformity,Monochloroethane|air|unspecified,1264
Africa,Nonconformity,Monocrotophos|soil|agricultural,1265
Africa,Marginally acceptable conformity,Monoethanolamine|air|urban air close to ground,1266
Africa,Nonconformity,Monoethanolamine|water|unspecified,1267
Africa,Nonconformity,Monopotassium phosphite|soil|agricultural,1268
Africa,Nonconformity,Myclobutanil|soil|agricultural,1269
Africa,Nonconformity,"N,N-Dimethylformamide|water|unspecified",1270
Africa,Nonconformity,"NMVOC, non-methane volatile organic compounds|air|lower stratosphere + upper troposphere",1335
Africa,Nonconformity,"NMVOC, non-methane volatile organic compounds|air|non-urban air or from high stacks",1336
Africa,Nonconformity,"NMVOC, non-methane volatile organic compounds|air|unspecified",1337
Africa,Nonconformity,"NMVOC, non-methane volatile organic compounds|air|urban air close to ground",1338
Africa,Nonconformity,Naphthalene|air|non-urban air or from high stacks,1271
Africa,Nonconformity,Naphthalene|air|unspecified,1272
Africa,Nonconformity,Naphthalene|water|surface water,1273
Africa,Nonconformity,Napropamide|soil|agricultural,1274
Africa,Nonconformity,Neodymium|natural resource|in ground,1275
Africa,Acceptable conformity,"Nickel II|air|low population density, long-term",1276
Africa,Nonconformity,Nickel II|air|lower stratosphere + upper troposphere,1277
Africa,Nonconformity,Nickel II|air|non-urban air or from high stacks,1278
Africa,Nonconformity,Nickel II|air|unspecified,1279
Africa,Nonconformity,Nickel II|air|urban air close to ground,1280
Africa,Nonconformity,Nickel II|soil|agricultural,1281
Africa,Nonconformity,Nickel II|soil|forestry,1282
Africa,Nonconformity,Nickel II|soil|industrial,1283
Africa,Nonconformity,Nickel II|soil|unspecified,1284
Africa,Acceptable conformity,Nickel II|water|ground-,1285
Africa,Acceptable conformity,"Nickel II|water|ground-, long-term",1286
Africa,Nonconformity,Nickel II|water|ocean,1287
Africa,Nonconformity,Nickel II|water|surface water,1288
Africa,Marginally acceptable conformity,Nickel II|water|unspecified,1289
Africa,Nonconformity,Nicosulfuron|soil|forestry,1290
Africa,Nonconformity,Niobium|natural resource|in ground,1293
Africa,Nonconformity,Niobium-95|air|non-urban air or from high stacks,1291
Africa,Nonconformity,Niobium-95|water|surface water,1292
Africa,Nonconformity,"Nitrate|air|low population density, long-term",1294
Africa,Nonconformity,Nitrate|air|non-urban air or from high stacks,1295
Africa,Nonconformity,Nitrate|air|unspecified,1296
Africa,Nonconformity,Nitrate|air|urban air close to ground,1297
Africa,Nonconformity,Nitrate|soil|unspecified,1298
Africa,Nonconformity,Nitrate|water|ground-,1299
Africa,Acceptable conformity,"Nitrate|water|ground-, long-term",1300
Africa,Marginally acceptable conformity,Nitrate|water|ocean,1301
Africa,Nonconformity,Nitrate|water|surface water,1302
Africa,Nonconformity,Nitrate|water|unspecified,1303
Africa,Nonconformity,Nitric acid|air|unspecified,1304
Africa,Nonconformity,Nitric acid|air|urban air close to ground,1305
Africa,Nonconformity,Nitric acid|soil|industrial,1306
Africa,Acceptable conformity,Nitric oxide|air|unspecified,1307
Africa,Nonconformity,Nitrite|water|ground-,1308
Africa,Nonconformity,"Nitrite|water|ground-, long-term",1309
Africa,Nonconformity,Nitrite|water|ocean,1310
Africa,Nonconformity,Nitrite|water|surface water,1311
Africa,Marginally acceptable conformity,Nitrite|water|unspecified,1312
Africa,Nonconformity,Nitrobenzene|air|urban air close to ground,1313
Africa,Nonconformity,Nitrobenzene|water|surface water,1314
Africa,Nonconformity,Nitrobenzene|water|unspecified,1315
Africa,Nonconformity,Nitrogen|air|non-urban air or from high stacks,1327
Africa,Nonconformity,Nitrogen|air|unspecified,1328
Africa,Nonconformity,Nitrogen|natural resource|in air,1329
Africa,Nonconformity,Nitrogen|soil|industrial,1330
Africa,Nonconformity,Nitrogen|soil|unspecified,1331
Africa,Nonconformity,Nitrogen|water|ocean,1332
Africa,Nonconformity,Nitrogen|water|surface water,1333
Africa,Nonconformity,Nitrogen|water|unspecified,1334
Africa,Nonconformity,Nitrogen dioxide|water|surface water,1316
Africa,Nonconformity,Nitrogen fluoride|air|urban air close to ground,1317
Africa,Nonconformity,"Nitrogen oxides|air|low population density, long-term",1318
Africa,Nonconformity,Nitrogen oxides|air|lower stratosphere + upper troposphere,1319
Africa,Nonconformity,Nitrogen oxides|air|non-urban air or from high stacks,1320
Africa,Nonconformity,Nitrogen oxides|air|unspecified,1321
Africa,Nonconformity,Nitrogen oxides|air|urban air close to ground,1322
Africa,Nonconformity,"Nitrogen, organic bound|water|ground-",1323
Africa,Nonconformity,"Nitrogen, organic bound|water|ground-, long-term",1324
Africa,Nonconformity,"Nitrogen, organic bound|water|surface water",1325
Africa,Nonconformity,"Nitrogen, organic bound|water|unspecified",1326
Africa,Marginally acceptable conformity,"Noble gases, radioactive, unspecified|air|non-urban air or from high stacks",1339
Africa,Nonconformity,Non-hazardous waste disposed|inventory indicator|waste,1340
Africa,Nonconformity,Novaluron|soil|agricultural,1341
Africa,Marginally acceptable conformity,"Occupation, annual crop|natural resource|land",1354
Africa,Nonconformity,"Occupation, annual crop, irrigated|natural resource|land",1350
Africa,Nonconformity,"Occupation, annual crop, irrigated, intensive|natural resource|land",1349
Africa,Nonconformity,"Occupation, annual crop, non-irrigated|natural resource|land",1353
Africa,Nonconformity,"Occupation, annual crop, non-irrigated, extensive|natural resource|land",1351
Africa,Nonconformity,"Occupation, annual crop, non-irrigated, intensive|natural resource|land",1352
Africa,Nonconformity,"Occupation, arable land, unspecified use|natural resource|land",1355
Africa,Nonconformity,"Occupation, bare area (non-use)|natural resource|land",1356
Africa,Nonconformity,"Occupation, construction site|natural resource|land",1357
Africa,Nonconformity,"Occupation, cropland fallow (non-use)|natural resource|land",1358
Africa,Nonconformity,"Occupation, dump site|natural resource|land",1359
Africa,Nonconformity,"Occupation, forest, extensive|natural resource|land",1360
Africa,Nonconformity,"Occupation, forest, intensive|natural resource|land",1361
Africa,Nonconformity,"Occupation, grassland, natural (non-use)|natural resource|land",1362
Africa,Nonconformity,"Occupation, grassland, natural, for livestock grazing|natural resource|land",1363
Africa,Nonconformity,"Occupation, industrial area|natural resource|land",1364
Africa,Nonconformity,"Occupation, inland waterbody, unspecified|natural resource|land",1365
Africa,Nonconformity,"Occupation, lake, artificial|natural resource|land",1366
Africa,Nonconformity,"Occupation, mineral extraction site|natural resource|land",1367
Africa,Nonconformity,"Occupation, pasture, man made|natural resource|land",1370
Africa,Nonconformity,"Occupation, pasture, man made, extensive|natural resource|land",1368
Africa,Nonconformity,"Occupation, pasture, man made, intensive|natural resource|land",1369
Africa,Acceptable conformity,"Occupation, permanent crop|natural resource|land",1374
Africa,Nonconformity,"Occupation, permanent crop, irrigated|natural resource|land",1372
Africa,Nonconformity,"Occupation, permanent crop, irrigated, intensive|natural resource|land",1371
Africa,Nonconformity,"Occupation, permanent crop, non-irrigated|natural resource|land",1373
Africa,Nonconformity,"Occupation, river, artificial|natural resource|land",1375
Africa,Nonconformity,"Occupation, seabed, drilling and mining|natural resource|land",1376
Africa,Nonconformity,"Occupation, seabed, infrastructure|natural resource|land",1377
Africa,Marginally acceptable conformity,"Occupation, traffic area, rail network|natural resource|land",1378
Africa,Nonconformity,"Occupation, traffic area, rail/road embankment|natural resource|land",1379
Africa,Nonconformity,"Occupation, traffic area, road network|natural resource|land",1380
Africa,Marginally acceptable conformity,"Occupation, unspecified|natural resource|land",1382
Africa,Nonconformity,"Occupation, unspecified, natural (non-use)|natural resource|land",1381
Africa,Nonconformity,"Occupation, urban, discontinuously built|natural resource|land",1383
Africa,Nonconformity,Octaethylene glycol monododecyl ether|air|unspecified,1384
Africa,Acceptable conformity,"Oil, crude|natural resource|in ground",1385
Africa,Nonconformity,"Oils, non-fossil|soil|forestry",1386
Africa,Nonconformity,"Oils, non-fossil|soil|industrial",1387
Africa,Nonconformity,"Oils, non-fossil|soil|unspecified",1388
Africa,Nonconformity,"Oils, non-fossil|water|ocean",1389
Africa,Nonconformity,"Oils, non-fossil|water|surface water",1390
Africa,Acceptable conformity,"Oils, unspecified|soil|industrial",1391
Africa,Marginally acceptable conformity,"Oils, unspecified|soil|unspecified",1392
Africa,Nonconformity,"Oils, unspecified|water|ocean",1393
Africa,Nonconformity,"Oils, unspecified|water|surface water",1394
Africa,Nonconformity,"Oils, unspecified|water|unspecified",1395
Africa,Nonconformity,Olivine|natural resource|in ground,1396
Africa,Nonconformity,Orbencarb|soil|agricultural,1397
Africa,Nonconformity,Organic carbon|air|urban air close to ground,1399
Africa,Nonconformity,Organic carbon|soil|unspecified,1400
Africa,Nonconformity,Organic carbon|water|ground-,1401
Africa,Nonconformity,"Organic carbon, placed in landfill|inventory indicator|waste",1398
Africa,Nonconformity,Oxamyl|soil|agricultural,1402
Africa,Nonconformity,Oxyfluorfen|air|non-urban air or from high stacks,1403
Africa,Nonconformity,Oxyfluorfen|soil|agricultural,1404
Africa,Nonconformity,Oxyfluorfen|water|surface water,1405
Africa,Nonconformity,Oxygen|air|unspecified,1406
Africa,Nonconformity,Oxygen|natural resource|in air,1407
Africa,Nonconformity,Oxygen|water|surface water,1408
Africa,Nonconformity,Ozone|air|unspecified,1409
Africa,Nonconformity,Ozone|air|urban air close to ground,1410
Africa,Nonconformity,"PAH, polycyclic aromatic hydrocarbons|air|non-urban air or from high stacks",1411
Africa,Nonconformity,"PAH, polycyclic aromatic hydrocarbons|air|unspecified",1412
Africa,Nonconformity,"PAH, polycyclic aromatic hydrocarbons|air|urban air close to ground",1413
Africa,Nonconformity,"PAH, polycyclic aromatic hydrocarbons|soil|unspecified",1414
Africa,Nonconformity,"PAH, polycyclic aromatic hydrocarbons|water|ground-",1415
Africa,Nonconformity,"PAH, polycyclic aromatic hydrocarbons|water|ocean",1416
Africa,Nonconformity,"PAH, polycyclic aromatic hydrocarbons|water|surface water",1417
Africa,Nonconformity,"PAH, polycyclic aromatic hydrocarbons|water|unspecified",1418
Africa,Nonconformity,Palladium|natural resource|in ground,1420
Africa,Nonconformity,Palladium II|air|unspecified,1419
Africa,Nonconformity,Paraffins|air|non-urban air or from high stacks,1421
Africa,Nonconformity,Paraquat|soil|agricultural,1422
Africa,Nonconformity,Parathion|soil|agricultural,1423
Africa,Nonconformity,"Particulate Matter, < 2.5 um|air|low population density, long-term",1424
Africa,Nonconformity,"Particulate Matter, < 2.5 um|air|lower stratosphere + upper troposphere",1425
Africa,Nonconformity,"Particulate Matter, < 2.5 um|air|non-urban air or from high stacks",1426
Africa,Acceptable conformity,"Particulate Matter, < 2.5 um|air|unspecified",1427
Africa,Nonconformity,"Particulate Matter, < 2.5 um|air|urban air close to ground",1428
Africa,Nonconformity,"Particulate Matter, > 10 um|air|low population density, long-term",1429
Africa,Nonconformity,"Particulate Matter, > 10 um|air|non-urban air or from high stacks",1430
Africa,Marginally acceptable conformity,"Particulate Matter, > 10 um|air|unspecified",1431
Africa,Nonconformity,"Particulate Matter, > 10 um|air|urban air close to ground",1432
Africa,Nonconformity,"Particulate Matter, > 2.5 um and < 10um|air|low population density, long-term",1433
Africa,Nonconformity,"Particulate Matter, > 2.5 um and < 10um|air|non-urban air or from high stacks",1434
Africa,Nonconformity,"Particulate Matter, > 2.5 um and < 10um|air|unspecified",1435
Africa,Nonconformity,"Particulate Matter, > 2.5 um and < 10um|air|urban air close to ground",1436
Africa,Nonconformity,Peat|natural resource|biotic,1437
Africa,Nonconformity,Pendimethalin|air|non-urban air or from high stacks,1438
Africa,Nonconformity,Pendimethalin|soil|agricultural,1439
Africa,Nonconformity,Pentachlorobenzene|air|non-urban air or from high stacks,1440
Africa,Nonconformity,Pentachlorobenzene|air|unspecified,1441
Africa,Acceptable conformity,Pentachlorobenzene|air|urban air close to ground,1442
Africa,Nonconformity,Pentachlorobenzene|water|unspecified,1443
Africa,Nonconformity,Pentachlorophenol|air|non-urban air or from high stacks,1444
Africa,Nonconformity,Pentachlorophenol|air|unspecified,1445
Africa,Nonconformity,Pentachlorophenol|air|urban air close to ground,1446
Africa,Marginally acceptable conformity,Pentachlorophenol|soil|unspecified,1447
Africa,Nonconformity,Pentafluoroethane|air|non-urban air or from high stacks,1448
Africa,Nonconformity,Pentane|air|non-urban air or from high stacks,1449
Africa,Nonconformity,Pentane|air|unspecified,1450
Africa,Nonconformity,Pentane|air|urban air close to ground,1451
Africa,Nonconformity,Peracetic acid|water|unspecified,1452
Africa,Acceptable conformity,Perlite|natural resource|in ground,1453
Africa,Nonconformity,Permethrin|soil|agricultural,1454
Africa,Marginally acceptable conformity,"Pesticides, unspecified|soil|agricultural",1455
Africa,Acceptable conformity,"Pesticides, unspecified|soil|forestry",1456
Africa,Nonconformity,"Pesticides, unspecified|water|ground-",1457
Africa,Nonconformity,"Pesticides, unspecified|water|unspecified",1458
Africa,Nonconformity,Phenanthrene|air|non-urban air or from high stacks,1459
Africa,Nonconformity,Phenanthrene|air|unspecified,1460
Africa,Nonconformity,Phenanthrene|water|surface water,1461
Africa,Nonconformity,Phenmedipham|soil|agricultural,1462
Africa,Nonconformity,Phenol|air|non-urban air or from high stacks,1463
Africa,Nonconformity,Phenol|air|unspecified,1464
Africa,Nonconformity,Phenol|air|urban air close to ground,1465
Africa,Nonconformity,Phenol|water|ocean,1466
Africa,Nonconformity,Phenol|water|surface water,1467
Africa,Nonconformity,Phenol|water|unspecified,1468
Africa,Nonconformity,Phenyltin|water|ocean,1469
Africa,Nonconformity,Phorate|soil|agricultural,1470
Africa,Nonconformity,Phosmet|soil|agricultural,1471
Africa,Nonconformity,Phosphate|water|ground-,1472
Africa,Nonconformity,"Phosphate|water|ground-, long-term",1473
Africa,Nonconformity,Phosphate|water|ocean,1474
Africa,Nonconformity,Phosphate|water|surface water,1475
Africa,Nonconformity,Phosphate|water|unspecified,1476
Africa,Nonconformity,Phosphine|air|urban air close to ground,1477
Africa,Nonconformity,Phosphoric acid|air|non-urban air or from high stacks,1478
Africa,Nonconformity,Phosphoric acid|air|urban air close to ground,1479
Africa,Nonconformity,Phosphorous acid|soil|agricultural,1480
Africa,Nonconformity,"Phosphorus|air|low population density, long-term",1484
Africa,Nonconformity,Phosphorus|air|non-urban air or from high stacks,1485
Africa,Nonconformity,Phosphorus|air|unspecified,1486
Africa,Nonconformity,Phosphorus|air|urban air close to ground,1487
Africa,Nonconformity,Phosphorus|natural resource|in ground,1488
Africa,Nonconformity,Phosphorus|soil|agricultural,1489
Africa,Nonconformity,Phosphorus|soil|industrial,1490
Africa,Nonconformity,Phosphorus|soil|unspecified,1491
Africa,Nonconformity,Phosphorus|water|ground-,1492
Africa,Nonconformity,Phosphorus|water|ocean,1493
Africa,Nonconformity,Phosphorus|water|surface water,1494
Africa,Nonconformity,Phosphorus|water|unspecified,1495
Africa,Nonconformity,Phosphorus oxychloride|water|unspecified,1481
Africa,Nonconformity,Phosphorus trichloride|air|unspecified,1482
Africa,Nonconformity,Phosphorus trichloride|air|urban air close to ground,1483
Africa,Nonconformity,Picloram|soil|agricultural,1496
Africa,Marginally acceptable conformity,Picoxystrobin|soil|agricultural,1497
Africa,Nonconformity,Picoxystrobin|soil|forestry,1498
Africa,Nonconformity,Piperonyl butoxide|soil|agricultural,1499
Africa,Nonconformity,Pirimicarb|soil|agricultural,1500
Africa,Nonconformity,Platinum|air|non-urban air or from high stacks,1501
Africa,Nonconformity,Platinum|air|unspecified,1502
Africa,Nonconformity,Platinum|air|urban air close to ground,1503
Africa,Nonconformity,Platinum|natural resource|in ground,1504
Africa,Acceptable conformity,Plutonium-238|air|non-urban air or from high stacks,1505
Africa,Nonconformity,Plutonium-alpha|air|non-urban air or from high stacks,1506
Africa,Nonconformity,Polonium-210|air|non-urban air or from high stacks,1507
Africa,Nonconformity,Polonium-210|air|unspecified,1508
Africa,Nonconformity,Polonium-210|air|urban air close to ground,1509
Africa,Nonconformity,Polonium-210|water|ground-,1510
Africa,Nonconformity,Polonium-210|water|ocean,1511
Africa,Marginally acceptable conformity,Polonium-210|water|surface water,1512
Africa,Nonconformity,Polychlorinated biphenyls|air|non-urban air or from high stacks,1513
Africa,Nonconformity,Polychlorinated biphenyls|air|unspecified,1514
Africa,Nonconformity,Polychlorinated biphenyls|air|urban air close to ground,1515
Africa,Marginally acceptable conformity,Polychlorinated biphenyls|water|unspecified,1516
Africa,Nonconformity,Potassium|natural resource|in ground,1535
Africa,Nonconformity,"Potassium I|air|low population density, long-term",1523
Africa,Nonconformity,Potassium I|air|non-urban air or from high stacks,1524
Africa,Nonconformity,Potassium I|air|unspecified,1525
Africa,Nonconformity,Potassium I|air|urban air close to ground,1526
Africa,Nonconformity,Potassium I|soil|agricultural,1527
Africa,Nonconformity,Potassium I|soil|industrial,1528
Africa,Nonconformity,Potassium I|soil|unspecified,1529
Africa,Acceptable conformity,Potassium I|water|ground-,1530
Africa,Marginally acceptable conformity,"Potassium I|water|ground-, long-term",1531
Africa,Nonconformity,Potassium I|water|ocean,1532
Africa,Nonconformity,Potassium I|water|surface water,1533
Africa,Nonconformity,Potassium I|water|unspecified,1534
Africa,Nonconformity,Potassium-40|air|non-urban air or from high stacks,1517
Africa,Nonconformity,Potassium-40|air|unspecified,1518
Africa,Nonconformity,Potassium-40|air|urban air close to ground,1519
Africa,Nonconformity,Potassium-40|water|ground-,1520
Africa,Nonconformity,Potassium-40|water|ocean,1521
Africa,Marginally acceptable conformity,Potassium-40|water|surface water,1522
Africa,Nonconformity,Praseodymium|natural resource|in ground,1536
Africa,Nonconformity,Prochloraz|soil|agricultural,1537
Africa,Nonconformity,Procymidone|soil|agricultural,1538
Africa,Nonconformity,Profenofos|soil|agricultural,1539
Africa,Nonconformity,Prohexadione calcium|soil|agricultural,1540
Africa,Nonconformity,Propamocarb|soil|agricultural,1542
Africa,Nonconformity,Propamocarb HCl|soil|agricultural,1541
Africa,Nonconformity,Propanal|air|non-urban air or from high stacks,1543
Africa,Nonconformity,Propanal|air|unspecified,1544
Africa,Nonconformity,Propanal|air|urban air close to ground,1545
Africa,Marginally acceptable conformity,Propanal|water|surface water,1546
Africa,Nonconformity,Propane|air|non-urban air or from high stacks,1547
Africa,Nonconformity,Propane|air|unspecified,1548
Africa,Acceptable conformity,Propane|air|urban air close to ground,1549
Africa,Acceptable conformity,Propanol|air|non-urban air or from high stacks,1550
Africa,Nonconformity,Propanol|air|urban air close to ground,1551
Africa,Nonconformity,Propanol|water|surface water,1552
Africa,Nonconformity,Propargite|soil|agricultural,1553
Africa,Marginally acceptable conformity,Propiconazole|air|non-urban air or from high stacks,1554
Africa,Nonconformity,Propiconazole|soil|agricultural,1555
Africa,Nonconformity,Propiconazole|soil|forestry,1556
Africa,Marginally acceptable conformity,Propiconazole|water|ground-,1557
Africa,Nonconformity,Propiconazole|water|surface water,1558
Africa,Nonconformity,Propiconazole|water|unspecified,1559
Africa,Nonconformity,Propionic acid|air|non-urban air or from high stacks,1560
Africa,Nonconformity,Propionic acid|air|unspecified,1561
Africa,Nonconformity,Propionic acid|air|urban air close to ground,1562
Africa,Acceptable conformity,Propionic acid|water|surface water,1563
Africa,Nonconformity,Propoxycarbazone-sodium (prop)|soil|agricultural,1564
Africa,Nonconformity,Propyl amine|air|urban air close to ground,1565
Africa,Nonconformity,Propyl amine|water|surface water,1566
Africa,Nonconformity,Propylene|air|non-urban air or from high stacks,1570
Africa,Nonconformity,Propylene|air|unspecified,1571
Africa,Nonconformity,Propylene|air|urban air close to ground,1572
Africa,Nonconformity,Propylene|water|surface water,1573
Africa,Nonconformity,Propylene oxide|air|unspecified,1567
Africa,Nonconformity,Propylene oxide|air|urban air close to ground,1568
Africa,Nonconformity,Propylene oxide|water|surface water,1569
Africa,Nonconformity,Prosulfuron|soil|agricultural,1574
Africa,Nonconformity,Protactinium-234|air|non-urban air or from high stacks,1575
Africa,Nonconformity,Protactinium-234|water|surface water,1576
Africa,Acceptable conformity,Prothioconazole|air|non-urban air or from high stacks,1577
Africa,Nonconformity,Prothioconazole|soil|agricultural,1578
Africa,Marginally acceptable conformity,Prothioconazole|soil|forestry,1579
Africa,Nonconformity,Prothioconazole|water|ground-,1580
Africa,Nonconformity,Prothioconazole|water|surface water,1581
Africa,Nonconformity,Prothioconazole|water|unspecified,1582
Africa,Nonconformity,Pydiflumetofen|soil|agricultural,1583
Africa,Nonconformity,Pymetrozine|soil|agricultural,1584
Africa,Acceptable conformity,Pyraclostrobin|air|non-urban air or from high stacks,1585
Africa,Nonconformity,Pyraclostrobin|soil|agricultural,1586
Africa,Nonconformity,Pyraclostrobin|soil|forestry,1587
Africa,Nonconformity,Pyraclostrobin|water|ground-,1588
Africa,Nonconformity,Pyraclostrobin|water|surface water,1589
Africa,Nonconformity,Pyraclostrobin|water|unspecified,1590
Africa,Nonconformity,Pyraflufen-ethyl|soil|agricultural,1591
Africa,Nonconformity,Pyrene|air|non-urban air or from high stacks,1592
Africa,Nonconformity,Pyrene|air|unspecified,1593
Africa,Nonconformity,Pyrene|water|surface water,1594
Africa,Nonconformity,Pyrethrum|soil|agricultural,1595
Africa,Nonconformity,Pyrimethanil|soil|agricultural,1596
Africa,Nonconformity,Pyriproxyfen|air|non-urban air or from high stacks,1597
Africa,Marginally acceptable conformity,Pyriproxyfen|soil|agricultural,1598
Africa,Marginally acceptable conformity,Pyriproxyfen|soil|forestry,1599
Africa,Nonconformity,Pyriproxyfen|water|ground-,1600
Africa,Acceptable conformity,Pyriproxyfen|water|unspecified,1601
Africa,Nonconformity,Pyroxasulfone|soil|agricultural,1602
Africa,Nonconformity,Quinclorac|soil|agricultural,1603
Africa,Nonconformity,Quinmerac|soil|agricultural,1604
Africa,Nonconformity,Quinoxyfen|soil|agricultural,1605
Africa,Nonconformity,Quintozene|soil|agricultural,1606
Africa,Nonconformity,Quizalofop-P|soil|agricultural,1612
Africa,Nonconformity,Quizalofop-ethyl|soil|agricultural,1607
Africa,Marginally acceptable conformity,Quizalofop-p-ethyl|air|non-urban air or from high stacks,1608
Africa,Nonconformity,Quizalofop-p-ethyl|soil|agricultural,1609
Africa,Marginally acceptable conformity,Quizalofop-p-ethyl|soil|forestry,1610
Africa,Nonconformity,Quizalofop-p-ethyl|water|unspecified,1611
Africa,Marginally acceptable conformity,"Radioactive species, Nuclides, unspecified|water|ocean",1614
Africa,Marginally acceptable conformity,"Radioactive species, Nuclides, unspecified|water|surface water",1615
Africa,Nonconformity,"Radioactive species, alpha emitters|water|surface water",1613
Africa,Nonconformity,"Radioactive species, other beta emitters|air|non-urban air or from high stacks",1616
Africa,Nonconformity,"Radioactive species, other beta emitters|air|unspecified",1617
Africa,Nonconformity,"Radioactive species, other beta emitters|air|urban air close to ground",1618
Africa,Nonconformity,Radium-224|water|ocean,1619
Africa,Nonconformity,Radium-224|water|surface water,1620
Africa,Nonconformity,Radium-226|air|non-urban air or from high stacks,1621
Africa,Nonconformity,Radium-226|air|unspecified,1622
Africa,Nonconformity,Radium-226|air|urban air close to ground,1623
Africa,Nonconformity,Radium-226|water|ground-,1624
Africa,Nonconformity,Radium-226|water|ocean,1625
Africa,Nonconformity,Radium-226|water|surface water,1626
Africa,Nonconformity,Radium-226|water|unspecified,1627
Africa,Nonconformity,Radium-228|air|non-urban air or from high stacks,1628
Africa,Marginally acceptable conformity,Radium-228|air|unspecified,1629
Africa,Nonconformity,Radium-228|air|urban air close to ground,1630
Africa,Nonconformity,Radium-228|water|ocean,1631
Africa,Nonconformity,Radium-228|water|surface water,1632
Africa,Nonconformity,Radon-220|air|non-urban air or from high stacks,1633
Africa,Nonconformity,Radon-220|air|unspecified,1634
Africa,Nonconformity,Radon-220|air|urban air close to ground,1635
Africa,Nonconformity,"Radon-222|air|low population density, long-term",1636
Africa,Nonconformity,Radon-222|air|non-urban air or from high stacks,1637
Africa,Nonconformity,Radon-222|air|unspecified,1638
Africa,Nonconformity,Radon-222|air|urban air close to ground,1639
Africa,Nonconformity,Rhenium|natural resource|in ground,1640
Africa,Marginally acceptable conformity,Rhodium|natural resource|in ground,1642
Africa,Nonconformity,Rhodium III|air|unspecified,1641
Africa,Nonconformity,Rimsulfuron|soil|agricultural,1643
Africa,Nonconformity,Rubidium|water|ocean,1644
Africa,Nonconformity,Rubidium|water|surface water,1645
Africa,Nonconformity,Ruthenium-103|air|non-urban air or from high stacks,1646
Africa,Nonconformity,Ruthenium-103|water|surface water,1647
Africa,Nonconformity,S-Metolachlor|soil|agricultural,1648
Africa,Nonconformity,Saflufenacil|soil|agricultural,1649
Africa,Nonconformity,Samarium|natural resource|in ground,1650
Africa,Acceptable conformity,"Sand, unspecified|natural resource|in ground",1651
Africa,Nonconformity,"Scandium|air|low population density, long-term",1652
Africa,Nonconformity,Scandium|air|non-urban air or from high stacks,1653
Africa,Nonconformity,Scandium|air|unspecified,1654
Africa,Nonconformity,Scandium|air|urban air close to ground,1655
Africa,Nonconformity,Scandium|natural resource|in ground,1656
Africa,Nonconformity,Scandium|soil|agricultural,1657
Africa,Nonconformity,Scandium|soil|industrial,1658
Africa,Nonconformity,Scandium|soil|unspecified,1659
Africa,Nonconformity,Scandium|water|ground-,1660
Africa,Nonconformity,"Scandium|water|ground-, long-term",1661
Africa,Nonconformity,Scandium|water|surface water,1662
Africa,Nonconformity,Selenium|natural resource|in ground,1675
Africa,Nonconformity,"Selenium IV|air|low population density, long-term",1663
Africa,Nonconformity,Selenium IV|air|lower stratosphere + upper troposphere,1664
Africa,Nonconformity,Selenium IV|air|non-urban air or from high stacks,1665
Africa,Nonconformity,Selenium IV|air|unspecified,1666
Africa,Nonconformity,Selenium IV|air|urban air close to ground,1667
Africa,Nonconformity,Selenium IV|soil|agricultural,1668
Africa,Nonconformity,Selenium IV|soil|industrial,1669
Africa,Nonconformity,Selenium IV|soil|unspecified,1670
Africa,Nonconformity,Selenium IV|water|ground-,1671
Africa,Nonconformity,"Selenium IV|water|ground-, long-term",1672
Africa,Marginally acceptable conformity,Selenium IV|water|surface water,1673
Africa,Nonconformity,Selenium IV|water|unspecified,1674
Africa,Nonconformity,Sethoxydim|soil|agricultural,1676
Africa,Nonconformity,Shale|natural resource|in ground,1677
Africa,Nonconformity,"Silicon|air|low population density, long-term",1679
Africa,Nonconformity,Silicon|air|non-urban air or from high stacks,1680
Africa,Nonconformity,Silicon|air|unspecified,1681
Africa,Nonconformity,Silicon|air|urban air close to ground,1682
Africa,Nonconformity,Silicon|natural resource|in ground,1683
Africa,Nonconformity,Silicon|soil|agricultural,1684
Africa,Marginally acceptable conformity,Silicon|soil|industrial,1685
Africa,Nonconformity,Silicon|soil|unspecified,1686
Africa,Marginally acceptable conformity,Silicon|water|ground-,1687
Africa,Marginally acceptable conformity,"Silicon|water|ground-, long-term",1688
Africa,Nonconformity,Silicon|water|ocean,1689
Africa,Nonconformity,Silicon|water|surface water,1690
Africa,Nonconformity,Silicon tetrafluoride|air|non-urban air or from high stacks,1678
Africa,Nonconformity,Silthiofam|soil|agricultural,1691
Africa,Nonconformity,Silver|natural resource|in ground,1705
Africa,Nonconformity,"Silver I|air|low population density, long-term",1694
Africa,Nonconformity,Silver I|air|unspecified,1695
Africa,Nonconformity,Silver I|air|urban air close to ground,1696
Africa,Nonconformity,Silver I|soil|agricultural,1697
Africa,Nonconformity,Silver I|soil|industrial,1698
Africa,Nonconformity,Silver I|soil|unspecified,1699
Africa,Marginally acceptable conformity,Silver I|water|ground-,1700
Africa,Nonconformity,"Silver I|water|ground-, long-term",1701
Africa,Nonconformity,Silver I|water|ocean,1702
Africa,Nonconformity,Silver I|water|surface water,1703
Africa,Acceptable conformity,Silver I|water|unspecified,1704
Africa,Nonconformity,Silver-110|air|non-urban air or from high stacks,1692
Africa,Nonconformity,Silver-110|water|surface water,1693
Africa,Nonconformity,Simazine|air|non-urban air or from high stacks,1706
Africa,Nonconformity,Simazine|soil|agricultural,1707
Africa,Nonconformity,Simazine|soil|forestry,1708
Africa,Nonconformity,Simazine|water|ground-,1709
Africa,Nonconformity,Simazine|water|unspecified,1710
Africa,Nonconformity,Sodium|natural resource|in ground,1734
Africa,Nonconformity,"Sodium I|air|low population density, long-term",1718
Africa,Marginally acceptable conformity,Sodium I|air|non-urban air or from high stacks,1719
Africa,Nonconformity,Sodium I|air|unspecified,1720
Africa,Nonconformity,Sodium I|air|urban air close to ground,1721
Africa,Nonconformity,Sodium I|soil|agricultural,1722
Africa,Nonconformity,Sodium I|soil|industrial,1723
Africa,Nonconformity,Sodium I|soil|unspecified,1724
Africa,Nonconformity,Sodium I|water|ground-,1725
Africa,Nonconformity,"Sodium I|water|ground-, long-term",1726
Africa,Nonconformity,Sodium I|water|ocean,1727
Africa,Nonconformity,Sodium I|water|surface water,1728
Africa,Nonconformity,Sodium I|water|unspecified,1729
Africa,Nonconformity,Sodium chlorate|air|urban air close to ground,1712
Africa,Nonconformity,Sodium chloride|natural resource|in ground,1713
Africa,Nonconformity,Sodium dichromate|air|urban air close to ground,1714
Africa,Nonconformity,Sodium formate|air|urban air close to ground,1715
Africa,Nonconformity,Sodium formate|water|surface water,1716
Africa,Nonconformity,Sodium hydroxide|air|urban air close to ground,1717
Africa,Nonconformity,Sodium methoxide|water|unspecified,1730
Africa,Nonconformity,Sodium nitrate|natural resource|in ground,1731
Africa,Nonconformity,Sodium sulfate|natural resource|in ground,1732
Africa,Nonconformity,Sodium tetrahydridoborate|air|urban air close to ground,1733
Africa,Nonconformity,Sodium-24|water|surface water,1711
Africa,Nonconformity,"Solids, inorganic|water|ground-",1735
Africa,Nonconformity,"Solids, inorganic|water|ocean",1736
Africa,Nonconformity,"Solids, inorganic|water|surface water",1737
Africa,Nonconformity,"Solids, inorganic|water|unspecified",1738
Africa,Nonconformity,Spinosad|soil|agricultural,1739
Africa,Nonconformity,Spiromesifen|soil|agricultural,1740
Africa,Nonconformity,Spirotetramat|soil|agricultural,1741
Africa,Nonconformity,Spiroxamine|soil|agricultural,1742
Africa,Nonconformity,Spodumene|natural resource|in ground,1743
Africa,Marginally acceptable conformity,Steatite|natural resource|in ground,1744
Africa,Acceptable conformity,Strontium|natural resource|in ground,1759
Africa,Nonconformity,"Strontium II|air|low population density, long-term",1748
Africa,Nonconformity,Strontium II|air|non-urban air or from high stacks,1749
Africa,Nonconformity,Strontium II|air|unspecified,1750
Africa,Nonconformity,Strontium II|air|urban air close to ground,1751
Africa,Nonconformity,Strontium II|soil|agricultural,1752
Africa,Nonconformity,Strontium II|soil|industrial,1753
Africa,Nonconformity,Strontium II|soil|unspecified,1754
Africa,Marginally acceptable conformity,Strontium II|water|ground-,1755
Africa,Nonconformity,"Strontium II|water|ground-, long-term",1756
Africa,Nonconformity,Strontium II|water|ocean,1757
Africa,Nonconformity,Strontium II|water|surface water,1758
Africa,Acceptable conformity,Strontium-89|water|surface water,1745
Africa,Nonconformity,Strontium-90|water|ocean,1746
Africa,Nonconformity,Strontium-90|water|surface water,1747
Africa,Nonconformity,Styrene|air|non-urban air or from high stacks,1760
Africa,Nonconformity,Styrene|air|unspecified,1761
Africa,Nonconformity,Styrene|air|urban air close to ground,1762
Africa,Nonconformity,Sulfadiazine|water|unspecified,1763
Africa,Nonconformity,"Sulfate|air|low population density, long-term",1764
Africa,Nonconformity,Sulfate|air|non-urban air or from high stacks,1765
Africa,Nonconformity,Sulfate|air|unspecified,1766
Africa,Nonconformity,Sulfate|air|urban air close to ground,1767
Africa,Nonconformity,Sulfate|soil|unspecified,1768
Africa,Nonconformity,Sulfate|water|ground-,1769
Africa,Nonconformity,"Sulfate|water|ground-, long-term",1770
Africa,Marginally acceptable conformity,Sulfate|water|ocean,1771
Africa,Nonconformity,Sulfate|water|surface water,1772
Africa,Nonconformity,Sulfate|water|unspecified,1773
Africa,Nonconformity,Sulfentrazone|air|non-urban air or from high stacks,1774
Africa,Nonconformity,Sulfentrazone|soil|agricultural,1775
Africa,Nonconformity,Sulfentrazone|soil|forestry,1776
Africa,Nonconformity,Sulfentrazone|water|ground-,1777
Africa,Nonconformity,Sulfentrazone|water|unspecified,1778
Africa,Nonconformity,Sulfide|water|ocean,1779
Africa,Nonconformity,Sulfide|water|surface water,1780
Africa,Nonconformity,Sulfide|water|unspecified,1781
Africa,Nonconformity,Sulfite|water|surface water,1782
Africa,Nonconformity,Sulfite|water|unspecified,1783
Africa,Nonconformity,Sulfosate|soil|agricultural,1784
Africa,Nonconformity,Sulfosulfuron|soil|agricultural,1785
Africa,Nonconformity,Sulfur|natural resource|in ground,1797
Africa,Nonconformity,Sulfur|soil|agricultural,1798
Africa,Nonconformity,Sulfur|soil|industrial,1799
Africa,Nonconformity,Sulfur|soil|unspecified,1800
Africa,Nonconformity,Sulfur|water|ground-,1801
Africa,Nonconformity,Sulfur|water|ocean,1802
Africa,Nonconformity,Sulfur|water|surface water,1803
Africa,Nonconformity,Sulfur|water|unspecified,1804
Africa,Acceptable conformity,Sulfur dichloride|air|unspecified,1786
Africa,Marginally acceptable conformity,Sulfur dichloride|water|unspecified,1787
Africa,Nonconformity,Sulfur dioxide|air|lower stratosphere + upper troposphere,1788
Africa,Nonconformity,Sulfur dioxide|air|non-urban air or from high stacks,1789
Africa,Nonconformity,Sulfur dioxide|air|unspecified,1790
Africa,Nonconformity,Sulfur dioxide|air|urban air close to ground,1791
Africa,Nonconformity,Sulfur hexafluoride|air|unspecified,1792
Africa,Nonconformity,Sulfur hexafluoride|air|urban air close to ground,1793
Africa,Nonconformity,Sulfur oxides|air|unspecified,1794
Africa,Nonconformity,Sulfur trioxide|air|unspecified,1795
Africa,Acceptable conformity,Sulfur trioxide|air|urban air close to ground,1796
Africa,Nonconformity,Sulfuric acid|air|non-urban air or from high stacks,1805
Africa,Nonconformity,Sulfuric acid|air|unspecified,1806
Africa,Nonconformity,Sulfuric acid|air|urban air close to ground,1807
Africa,Nonconformity,Sulfuric acid|soil|agricultural,1808
Africa,Nonconformity,Sulfuric acid|water|surface water,1809
Africa,Nonconformity,"Suspended solids, unspecified|water|ocean",1810
Africa,Nonconformity,"Suspended solids, unspecified|water|surface water",1811
Africa,Nonconformity,"Suspended solids, unspecified|water|unspecified",1812
Africa,Nonconformity,Sylvite|natural resource|in ground,1813
Africa,Marginally acceptable conformity,TCMTB|soil|agricultural,1823
Africa,Nonconformity,"TOC, Total Organic Carbon|water|ground-",1946
Africa,Nonconformity,"TOC, Total Organic Carbon|water|ground-, long-term",1947
Africa,Nonconformity,"TOC, Total Organic Carbon|water|ocean",1948
Africa,Nonconformity,"TOC, Total Organic Carbon|water|surface water",1949
Africa,Nonconformity,"TOC, Total Organic Carbon|water|unspecified",1950
Africa,Nonconformity,Talc|natural resource|in ground,1820
Africa,Nonconformity,Tantalum|natural resource|in ground,1821
Africa,Nonconformity,Tebuconazole|air|non-urban air or from high stacks,1824
Africa,Nonconformity,Tebuconazole|soil|forestry,1825
Africa,Acceptable conformity,Tebuconazole|water|ground-,1826
Africa,Nonconformity,Tebuconazole|water|surface water,1827
Africa,Acceptable conformity,Tebuconazole|water|unspecified,1828
Africa,Nonconformity,Tebutam|soil|agricultural,1829
Africa,Nonconformity,Tebuthiuron|air|non-urban air or from high stacks,1830
Africa,Nonconformity,Tebuthiuron|soil|agricultural,1831
Africa,Nonconformity,Tebuthiuron|soil|forestry,1832
Africa,Nonconformity,Tebuthiuron|water|ground-,1833
Africa,Nonconformity,Tebuthiuron|water|unspecified,1834
Africa,Nonconformity,Technetium-99m|water|surface water,1835
Africa,Nonconformity,Teflubenzuron|air|non-urban air or from high stacks,1836
Africa,Marginally acceptable conformity,Teflubenzuron|soil|agricultural,1837
Africa,Marginally acceptable conformity,Teflubenzuron|soil|forestry,1838
Africa,Nonconformity,Teflubenzuron|water|unspecified,1839
Africa,Nonconformity,Tefluthrin|air|non-urban air or from high stacks,1840
Africa,Nonconformity,Tefluthrin|water|ground-,1841
Africa,Nonconformity,Tefluthrin|water|surface water,1842
Africa,Nonconformity,Tellurium|air|unspecified,1845
Africa,Nonconformity,Tellurium|natural resource|in ground,1846
Africa,Nonconformity,Tellurium-123m|water|surface water,1843
Africa,Nonconformity,Tellurium-132|water|surface water,1844
Africa,Nonconformity,Tembotrione|soil|forestry,1847
Africa,Nonconformity,Terbium|natural resource|in ground,1848
Africa,Nonconformity,Terbufos|soil|agricultural,1849
Africa,Nonconformity,Terbuthylazin|soil|agricultural,1850
Africa,Marginally acceptable conformity,Terpenes|air|non-urban air or from high stacks,1851
Africa,Nonconformity,Tetrachloroethylene|air|non-urban air or from high stacks,1852
Africa,Nonconformity,Tetrachloroethylene|air|unspecified,1853
Africa,Nonconformity,Tetrachloroethylene|air|urban air close to ground,1854
Africa,Nonconformity,Tetrachloroethylene|water|unspecified,1855
Africa,Nonconformity,Tetraconazole|soil|agricultural,1856
Africa,Nonconformity,Tetrafluoromethane|air|unspecified,1857
Africa,Marginally acceptable conformity,Tetrafluoromethane|air|urban air close to ground,1858
Africa,Nonconformity,Tetramethyl ammonium hydroxide|air|urban air close to ground,1859
Africa,Nonconformity,"Thallium I|air|low population density, long-term",1860
Africa,Nonconformity,Thallium I|air|non-urban air or from high stacks,1861
Africa,Nonconformity,Thallium I|air|urban air close to ground,1862
Africa,Nonconformity,Thallium I|soil|agricultural,1863
Africa,Nonconformity,Thallium I|soil|industrial,1864
Africa,Nonconformity,Thallium I|soil|unspecified,1865
Africa,Nonconformity,Thallium I|water|ground-,1866
Africa,Nonconformity,"Thallium I|water|ground-, long-term",1867
Africa,Nonconformity,Thallium I|water|ocean,1868
Africa,Nonconformity,Thallium I|water|surface water,1869
Africa,Nonconformity,Thiabendazole|air|non-urban air or from high stacks,1870
Africa,Nonconformity,Thiabendazole|soil|agricultural,1871
Africa,Nonconformity,Thiabendazole|soil|forestry,1872
Africa,Nonconformity,Thiabendazole|water|ground-,1873
Africa,Nonconformity,Thiabendazole|water|unspecified,1874
Africa,Acceptable conformity,Thiamethoxam|air|non-urban air or from high stacks,1875
Africa,Nonconformity,Thiamethoxam|soil|agricultural,1876
Africa,Nonconformity,Thiamethoxam|soil|forestry,1877
Africa,Acceptable conformity,Thiamethoxam|water|ground-,1878
Africa,Acceptable conformity,Thiamethoxam|water|unspecified,1879
Africa,Nonconformity,Thiencarbazone-methyl|soil|agricultural,1880
Africa,Nonconformity,Thifensulfuron-methyl|soil|agricultural,1881
Africa,Nonconformity,Thiobencarb|soil|agricultural,1882
Africa,Nonconformity,Thiocyanate|water|ocean,1883
Africa,Acceptable conformity,Thiodicarb|air|non-urban air or from high stacks,1884
Africa,Marginally acceptable conformity,Thiodicarb|soil|agricultural,1885
Africa,Nonconformity,Thiodicarb|soil|forestry,1886
Africa,Marginally acceptable conformity,Thiodicarb|water|ground-,1887
Africa,Marginally acceptable conformity,Thiodicarb|water|unspecified,1888
Africa,Marginally acceptable conformity,Thionyl chloride|air|unspecified,1889
Africa,Nonconformity,Thiophanate-methyl|air|non-urban air or from high stacks,1890
Africa,Marginally acceptable conformity,Thiophanate-methyl|soil|agricultural,1891
Africa,Acceptable conformity,Thiophanate-methyl|soil|forestry,1892
Africa,Marginally acceptable conformity,Thiophanate-methyl|water|ground-,1893
Africa,Marginally acceptable conformity,Thiophanate-methyl|water|unspecified,1894
Africa,Nonconformity,Thiram|air|non-urban air or from high stacks,1895
Africa,Nonconformity,Thiram|soil|agricultural,1896
Africa,Acceptable conformity,Thiram|soil|forestry,1897
Africa,Nonconformity,Thiram|water|ground-,1898
Africa,Acceptable conformity,Thiram|water|unspecified,1899
Africa,Nonconformity,Thorium|air|non-urban air or from high stacks,1916
Africa,Nonconformity,Thorium|air|unspecified,1917
Africa,Nonconformity,Thorium|air|urban air close to ground,1918
Africa,Nonconformity,Thorium-228|air|non-urban air or from high stacks,1900
Africa,Nonconformity,Thorium-228|air|unspecified,1901
Africa,Nonconformity,Thorium-228|air|urban air close to ground,1902
Africa,Nonconformity,Thorium-228|water|ground-,1903
Africa,Nonconformity,Thorium-228|water|ocean,1904
Africa,Nonconformity,Thorium-228|water|surface water,1905
Africa,Nonconformity,Thorium-230|air|non-urban air or from high stacks,1906
Africa,Nonconformity,Thorium-230|water|surface water,1907
Africa,Nonconformity,Thorium-232|air|non-urban air or from high stacks,1908
Africa,Nonconformity,Thorium-232|air|unspecified,1909
Africa,Nonconformity,Thorium-232|air|urban air close to ground,1910
Africa,Nonconformity,Thorium-232|water|ocean,1911
Africa,Nonconformity,Thorium-232|water|surface water,1912
Africa,Nonconformity,Thorium-232|water|unspecified,1913
Africa,Nonconformity,Thorium-234|air|non-urban air or from high stacks,1914
Africa,Nonconformity,Thorium-234|water|surface water,1915
Africa,Marginally acceptable conformity,Thulium|natural resource|in ground,1919
Africa,Nonconformity,Tin|natural resource|in ground,1932
Africa,Nonconformity,"Tin ion|air|low population density, long-term",1920
Africa,Nonconformity,Tin ion|air|non-urban air or from high stacks,1921
Africa,Nonconformity,Tin ion|air|unspecified,1922
Africa,Nonconformity,Tin ion|air|urban air close to ground,1923
Africa,Nonconformity,Tin ion|soil|agricultural,1924
Africa,Nonconformity,Tin ion|soil|industrial,1925
Africa,Nonconformity,Tin ion|soil|unspecified,1926
Africa,Nonconformity,Tin ion|water|ground-,1927
Africa,Nonconformity,"Tin ion|water|ground-, long-term",1928
Africa,Nonconformity,Tin ion|water|ocean,1929
Africa,Nonconformity,Tin ion|water|surface water,1930
Africa,Acceptable conformity,Tin ion|water|unspecified,1931
Africa,Nonconformity,Titanium|natural resource|in ground,1945
Africa,Marginally acceptable conformity,"Titanium ion|air|low population density, long-term",1933
Africa,Nonconformity,Titanium ion|air|non-urban air or from high stacks,1934
Africa,Nonconformity,Titanium ion|air|unspecified,1935
Africa,Nonconformity,Titanium ion|air|urban air close to ground,1936
Africa,Nonconformity,Titanium ion|soil|agricultural,1937
Africa,Nonconformity,Titanium ion|soil|industrial,1938
Africa,Nonconformity,Titanium ion|soil|unspecified,1939
Africa,Nonconformity,Titanium ion|water|ground-,1940
Africa,Nonconformity,"Titanium ion|water|ground-, long-term",1941
Africa,Nonconformity,Titanium ion|water|ocean,1942
Africa,Nonconformity,Titanium ion|water|surface water,1943
Africa,Nonconformity,Titanium ion|water|unspecified,1944
Africa,Nonconformity,Toluene|air|non-urban air or from high stacks,1951
Africa,Nonconformity,Toluene|air|unspecified,1952
Africa,Nonconformity,Toluene|air|urban air close to ground,1953
Africa,Nonconformity,Toluene|water|ocean,1954
Africa,Nonconformity,Toluene|water|surface water,1955
Africa,Nonconformity,Toluene|water|unspecified,1956
Africa,Marginally acceptable conformity,Topramezone|soil|agricultural,1957
Africa,Nonconformity,Tralkoxydim|soil|agricultural,1958
Africa,Acceptable conformity,"Transformation, from annual crop|natural resource|land",1964
Africa,Nonconformity,"Transformation, from annual crop, irrigated|natural resource|land",1960
Africa,Nonconformity,"Transformation, from annual crop, irrigated, intensive|natural resource|land",1959
Africa,Nonconformity,"Transformation, from annual crop, non-irrigated|natural resource|land",1963
Africa,Nonconformity,"Transformation, from annual crop, non-irrigated, extensive|natural resource|land",1961
Africa,Nonconformity,"Transformation, from annual crop, non-irrigated, intensive|natural resource|land",1962
Africa,Acceptable conformity,"Transformation, from arable land, unspecified use|natural resource|land",1965
Africa,Marginally acceptable conformity,"Transformation, from cropland fallow (non-use)|natural resource|land",1966
Africa,Nonconformity,"Transformation, from dump site|natural resource|land",1970
Africa,Nonconformity,"Transformation, from dump site, inert material landfill|natural resource|land",1967
Africa,Nonconformity,"Transformation, from dump site, residual material landfill|natural resource|land",1968
Africa,Acceptable conformity,"Transformation, from dump site, sanitary landfill|natural resource|land",1969
Africa,Nonconformity,"Transformation, from forest, extensive|natural resource|land",1971
Africa,Nonconformity,"Transformation, from forest, intensive|natural resource|land",1972
Africa,Marginally acceptable conformity,"Transformation, from forest, primary (non-use)|natural resource|land",1973
Africa,Nonconformity,"Transformation, from forest, secondary (non-use)|natural resource|land",1974
Africa,Nonconformity,"Transformation, from forest, unspecified|natural resource|land",1975
Africa,Nonconformity,"Transformation, from grassland, natural (non-use)|natural resource|land",1976
Africa,Nonconformity,"Transformation, from grassland, natural, for livestock grazing|natural resource|land",1977
Africa,Nonconformity,"Transformation, from heterogeneous, agricultural|natural resource|land",1978
Africa,Marginally acceptable conformity,"Transformation, from industrial area|natural resource|land",1979
Africa,Nonconformity,"Transformation, from mineral extraction site|natural resource|land",1980
Africa,Nonconformity,"Transformation, from pasture, man made|natural resource|land",1983
Africa,Nonconformity,"Transformation, from pasture, man made, extensive|natural resource|land",1981
Africa,Nonconformity,"Transformation, from pasture, man made, intensive|natural resource|land",1982
Africa,Nonconformity,"Transformation, from permanent crop|natural resource|land",1987
Africa,Nonconformity,"Transformation, from permanent crop, irrigated|natural resource|land",1985
Africa,Nonconformity,"Transformation, from permanent crop, irrigated, intensive|natural resource|land",1984
Africa,Nonconformity,"Transformation, from permanent crop, non-irrigated|natural resource|land",1986
Africa,Nonconformity,"Transformation, from river, natural (non-use)|natural resource|land",1988
Africa,Nonconformity,"Transformation, from seabed, infrastructure|natural resource|land",1989
Africa,Nonconformity,"Transformation, from seabed, unspecified|natural resource|land",1990
Africa,Nonconformity,"Transformation, from shrub land, sclerophyllous|natural resource|land",1991
Africa,Marginally acceptable conformity,"Transformation, from traffic area, rail/road embankment|natural resource|land",1992
Africa,Nonconformity,"Transformation, from traffic area, road network|natural resource|land",1993
Africa,Nonconformity,"Transformation, from unspecified|natural resource|land",1995
Africa,Nonconformity,"Transformation, from unspecified, natural (non-use)|natural resource|land",1994
Africa,Marginally acceptable conformity,"Transformation, from wetland, inland (non-use)|natural resource|land",1996
Africa,Nonconformity,"Transformation, to annual crop|natural resource|land",2002
Africa,Nonconformity,"Transformation, to annual crop, irrigated|natural resource|land",1998
Africa,Nonconformity,"Transformation, to annual crop, irrigated, intensive|natural resource|land",1997
Africa,Nonconformity,"Transformation, to annual crop, non-irrigated|natural resource|land",2001
Africa,Nonconformity,"Transformation, to annual crop, non-irrigated, extensive|natural resource|land",1999
Africa,Nonconformity,"Transformation, to annual crop, non-irrigated, intensive|natural resource|land",2000
Africa,Acceptable conformity,"Transformation, to arable land, unspecified use|natural resource|land",2003
Africa,Nonconformity,"Transformation, to cropland fallow (non-use)|natural resource|land",2004
Africa,Nonconformity,"Transformation, to dump site|natural resource|land",2008
Africa,Nonconformity,"Transformation, to dump site, inert material landfill|natural resource|land",2005
Africa,Nonconformity,"Transformation, to dump site, residual material landfill|natural resource|land",2006
Africa,Acceptable conformity,"Transformation, to dump site, sanitary landfill|natural resource|land",2007
Africa,Nonconformity,"Transformation, to forest, extensive|natural resource|land",2009
Africa,Nonconformity,"Transformation, to forest, intensive|natural resource|land",2010
Africa,Nonconformity,"Transformation, to forest, secondary (non-use)|natural resource|land",2011
Africa,Nonconformity,"Transformation, to forest, unspecified|natural resource|land",2012
Africa,Nonconformity,"Transformation, to grassland, natural (non-use)|natural resource|land",2013
Africa,Nonconformity,"Transformation, to grassland, natural, for livestock grazing|natural resource|land",2014
Africa,Nonconformity,"Transformation, to heterogeneous, agricultural|natural resource|land",2015
Africa,Nonconformity,"Transformation, to industrial area|natural resource|land",2016
Africa,Nonconformity,"Transformation, to inland waterbody, unspecified|natural resource|land",2017
Africa,Acceptable conformity,"Transformation, to lake, artificial|natural resource|land",2018
Africa,Nonconformity,"Transformation, to mineral extraction site|natural resource|land",2019
Africa,Nonconformity,"Transformation, to pasture, man made|natural resource|land",2022
Africa,Nonconformity,"Transformation, to pasture, man made, extensive|natural resource|land",2020
Africa,Nonconformity,"Transformation, to pasture, man made, intensive|natural resource|land",2021
Africa,Nonconformity,"Transformation, to permanent crop|natural resource|land",2026
Africa,Nonconformity,"Transformation, to permanent crop, irrigated|natural resource|land",2024
Africa,Nonconformity,"Transformation, to permanent crop, irrigated, intensive|natural resource|land",2023
Africa,Nonconformity,"Transformation, to permanent crop, non-irrigated|natural resource|land",2025
Africa,Nonconformity,"Transformation, to river, artificial|natural resource|land",2027
Africa,Nonconformity,"Transformation, to seabed, drilling and mining|natural resource|land",2028
Africa,Nonconformity,"Transformation, to seabed, infrastructure|natural resource|land",2029
Africa,Nonconformity,"Transformation, to seabed, unspecified|natural resource|land",2030
Africa,Nonconformity,"Transformation, to traffic area, rail network|natural resource|land",2031
Africa,Nonconformity,"Transformation, to traffic area, rail/road embankment|natural resource|land",2032
Africa,Nonconformity,"Transformation, to traffic area, road network|natural resource|land",2033
Africa,Acceptable conformity,"Transformation, to unspecified|natural resource|land",2035
Africa,Nonconformity,"Transformation, to unspecified, natural (non-use)|natural resource|land",2034
Africa,Nonconformity,"Transformation, to urban, discontinuously built|natural resource|land",2036
Africa,Nonconformity,"Transformation, to wetland, inland (non-use)|natural resource|land",2037
Africa,Nonconformity,Triadimenol|soil|agricultural,2038
Africa,Nonconformity,Triallate|soil|agricultural,2039
Africa,Nonconformity,Triasulfuron|soil|agricultural,2040
Africa,Nonconformity,Tribenuron|soil|agricultural,2042
Africa,Nonconformity,Tribenuron-methyl|soil|agricultural,2041
Africa,Nonconformity,Tributyltin compounds|water|ocean,2043
Africa,Acceptable conformity,Tributyltin compounds|water|unspecified,2044
Africa,Nonconformity,Trichlorfon|soil|agricultural,2045
Africa,Nonconformity,Trichloroethylene|air|unspecified,2046
Africa,Nonconformity,Trichlorofluoromethane|air|urban air close to ground,2047
Africa,Nonconformity,Triclopyr|soil|agricultural,2048
Africa,Nonconformity,Triethylene glycol|water|unspecified,2049
Africa,Nonconformity,Trifloxystrobin|air|non-urban air or from high stacks,2050
Africa,Nonconformity,Trifloxystrobin|soil|agricultural,2051
Africa,Nonconformity,Trifloxystrobin|soil|forestry,2052
Africa,Marginally acceptable conformity,Trifloxystrobin|water|ground-,2053
Africa,Nonconformity,Trifloxystrobin|water|surface water,2054
Africa,Nonconformity,Trifloxystrobin|water|unspecified,2055
Africa,Nonconformity,Triflumuron|air|non-urban air or from high stacks,2056
Africa,Marginally acceptable conformity,Triflumuron|soil|agricultural,2057
Africa,Marginally acceptable conformity,Triflumuron|soil|forestry,2058
Africa,Marginally acceptable conformity,Triflumuron|water|ground-,2059
Africa,Nonconformity,Triflumuron|water|unspecified,2060
Africa,Nonconformity,Trifluoromethane|air|non-urban air or from high stacks,2061
Africa,Marginally acceptable conformity,Trifluoromethane|air|urban air close to ground,2062
Africa,Nonconformity,Trifluralin|air|non-urban air or from high stacks,2063
Africa,Nonconformity,Trifluralin|soil|agricultural,2064
Africa,Nonconformity,Trimethyl borate|air|urban air close to ground,2065
Africa,Nonconformity,Trimethylamine|air|urban air close to ground,2066
Africa,Nonconformity,Trimethylamine|water|surface water,2067
Africa,Marginally acceptable conformity,Trimethylchlorosilane|air|urban air close to ground,2068
Africa,Nonconformity,Trinexapac-ethyl|soil|agricultural,2069
Africa,Nonconformity,Trioctyltin|water|ocean,2070
Africa,Nonconformity,Triphenyltin|water|ocean,2071
Africa,Nonconformity,Tritium|air|non-urban air or from high stacks,2072
Africa,Nonconformity,Tritium|water|ocean,2073
Africa,Nonconformity,Tritium|water|surface water,2074
Africa,Nonconformity,"Tungsten|air|low population density, long-term",2075
Africa,Nonconformity,Tungsten|air|non-urban air or from high stacks,2076
Africa,Nonconformity,Tungsten|soil|agricultural,2077
Africa,Nonconformity,Tungsten|soil|industrial,2078
Africa,Nonconformity,Tungsten|water|ground-,2079
Africa,Nonconformity,"Tungsten|water|ground-, long-term",2080
Africa,Nonconformity,Tungsten|water|surface water,2081
Africa,Marginally acceptable conformity,Ulexite|natural resource|in ground,2082
Africa,Nonconformity,Uranium|air|non-urban air or from high stacks,2096
Africa,Nonconformity,Uranium|air|unspecified,2097
Africa,Nonconformity,Uranium|air|urban air close to ground,2098
Africa,Nonconformity,Uranium|natural resource|in ground,2099
Africa,Nonconformity,Uranium alpha|air|non-urban air or from high stacks,2094
Africa,Nonconformity,Uranium alpha|water|surface water,2095
Africa,Nonconformity,Uranium-234|air|non-urban air or from high stacks,2083
Africa,Nonconformity,Uranium-234|water|surface water,2084
Africa,Nonconformity,Uranium-235|air|non-urban air or from high stacks,2085
Africa,Nonconformity,Uranium-235|water|surface water,2086
Africa,Nonconformity,Uranium-238|air|non-urban air or from high stacks,2087
Africa,Nonconformity,Uranium-238|air|unspecified,2088
Africa,Nonconformity,Uranium-238|air|urban air close to ground,2089
Africa,Nonconformity,Uranium-238|water|ground-,2090
Africa,Nonconformity,Uranium-238|water|ocean,2091
Africa,Nonconformity,Uranium-238|water|surface water,2092
Africa,Nonconformity,Uranium-238|water|unspecified,2093
Africa,Nonconformity,Urea|water|surface water,2100
Africa,Nonconformity,Urea|water|unspecified,2101
Africa,Nonconformity,"VOC, volatile organic compounds|air|unspecified",2120
Africa,Nonconformity,"VOC, volatile organic compounds|water|ocean",2121
Africa,Nonconformity,"VOC, volatile organic compounds|water|surface water",2122
Africa,Nonconformity,"VOC, volatile organic compounds|water|unspecified",2123
Africa,Nonconformity,Vanadium|natural resource|in ground,2114
Africa,Nonconformity,"Vanadium V|air|low population density, long-term",2102
Africa,Nonconformity,Vanadium V|air|non-urban air or from high stacks,2103
Africa,Acceptable conformity,Vanadium V|air|unspecified,2104
Africa,Nonconformity,Vanadium V|air|urban air close to ground,2105
Africa,Nonconformity,Vanadium V|soil|agricultural,2106
Africa,Nonconformity,Vanadium V|soil|industrial,2107
Africa,Nonconformity,Vanadium V|soil|unspecified,2108
Africa,Marginally acceptable conformity,Vanadium V|water|ground-,2109
Africa,Nonconformity,"Vanadium V|water|ground-, long-term",2110
Africa,Nonconformity,Vanadium V|water|ocean,2111
Africa,Nonconformity,Vanadium V|water|surface water,2112
Africa,Acceptable conformity,Vanadium V|water|unspecified,2113
Africa,Nonconformity,Vinclozolin|soil|agricultural,2115
Africa,Nonconformity,Vinyl chloride|air|unspecified,2116
Africa,Nonconformity,Vinyl chloride|air|urban air close to ground,2117
Africa,Nonconformity,Vinyl chloride|water|surface water,2118
Africa,Nonconformity,Vinyl chloride|water|unspecified,2119
Africa,Nonconformity,"Volume occupied, final repository for low-active radioactive waste|natural resource|in ground",2124
Africa,Marginally acceptable conformity,"Volume occupied, final repository for radioactive waste|natural resource|in ground",2125
Africa,Nonconformity,"Volume occupied, reservoir|natural resource|in water",2126
Africa,Nonconformity,"Volume occupied, underground deposit|natural resource|in ground",2127
Africa,Nonconformity,"Waste mass, total, placed in landfill|inventory indicator|waste",2128
Africa,Nonconformity,Water|air|lower stratosphere + upper troposphere,2140
Africa,Marginally acceptable conformity,Water|air|non-urban air or from high stacks,2141
Africa,Nonconformity,Water|air|unspecified,2142
Africa,Nonconformity,Water|air|urban air close to ground,2143
Africa,Nonconformity,Water|water|ground-,2144
Africa,Nonconformity,Water|water|ocean,2145
Africa,Nonconformity,Water|water|unspecified,2146
Africa,Nonconformity,"Water, cooling, unspecified natural origin|natural resource|in water",2129
Africa,Nonconformity,"Water, in air|natural resource|in air",2130
Africa,Nonconformity,"Water, lake|natural resource|in water",2131
Africa,Nonconformity,"Water, river|natural resource|in water",2132
Africa,Nonconformity,"Water, salt, ocean|natural resource|in water",2133
Africa,Nonconformity,"Water, salt, sole|natural resource|in water",2134
Africa,Nonconformity,"Water, turbine use, unspecified natural origin|natural resource|in water",2135
Africa,Marginally acceptable conformity,"Water, unspecified natural origin|natural resource|fossil well",2136
Africa,Nonconformity,"Water, unspecified natural origin|natural resource|in ground",2137
Africa,Nonconformity,"Water, unspecified natural origin|natural resource|in water",2138
Africa,Nonconformity,"Water, well, in ground|natural resource|in water",2139
Africa,Nonconformity,"Wood, hard, standing|natural resource|biotic",2147
Africa,Nonconformity,"Wood, soft, standing|natural resource|biotic",2148
Africa,Nonconformity,"Wood, unspecified, standing|natural resource|biotic",2149
Africa,Nonconformity,Xenon|natural resource|in air,2157
Africa,Nonconformity,Xenon-131m|air|non-urban air or from high stacks,2150
Africa,Nonconformity,Xenon-133|air|non-urban air or from high stacks,2151
Africa,Nonconformity,Xenon-133m|air|non-urban air or from high stacks,2152
Africa,Nonconformity,Xenon-135|air|non-urban air or from high stacks,2153
Africa,Nonconformity,Xenon-135m|air|non-urban air or from high stacks,2154
Africa,Nonconformity,Xenon-137|air|non-urban air or from high stacks,2155
Africa,Nonconformity,Xenon-138|air|non-urban air or from high stacks,2156
Africa,Nonconformity,"Xylenes, unspecified|air|non-urban air or from high stacks",2158
Africa,Marginally acceptable conformity,"Xylenes, unspecified|air|unspecified",2159
Africa,Nonconformity,"Xylenes, unspecified|air|urban air close to ground",2160
Africa,Nonconformity,"Xylenes, unspecified|water|ocean",2161
Africa,Nonconformity,"Xylenes, unspecified|water|surface water",2162
Africa,Acceptable conformity,"Xylenes, unspecified|water|unspecified",2163
Africa,Nonconformity,Ytterbium|natural resource|in ground,2164
Africa,Acceptable conformity,Yttrium|natural resource|in ground,2165
Africa,Nonconformity,Zeta-cypermethrin|soil|agricultural,2166
Africa,Nonconformity,Zinc|natural resource|in ground,2182
Africa,Marginally acceptable conformity,"Zinc II|air|low population density, long-term",2169
Africa,Nonconformity,Zinc II|air|lower stratosphere + upper troposphere,2170
Africa,Nonconformity,Zinc II|air|non-urban air or from high stacks,2171
Africa,Nonconformity,Zinc II|air|unspecified,2172
Africa,Nonconformity,Zinc II|air|urban air close to ground,2173
Africa,Acceptable conformity,Zinc II|soil|agricultural,2174
Africa,Nonconformity,Zinc II|soil|industrial,2175
Africa,Nonconformity,Zinc II|soil|unspecified,2176
Africa,Nonconformity,Zinc II|water|ground-,2177
Africa,Nonconformity,"Zinc II|water|ground-, long-term",2178
Africa,Nonconformity,Zinc II|water|ocean,2179
Africa,Marginally acceptable conformity,Zinc II|water|surface water,2180
Africa,Nonconformity,Zinc II|water|unspecified,2181
Africa,Nonconformity,Zinc-65|air|non-urban air or from high stacks,2167
Africa,Nonconformity,Zinc-65|water|surface water,2168
Africa,Nonconformity,Zineb|soil|agricultural,2183
Africa,Nonconformity,Zirconium|air|non-urban air or from high stacks,2186
Africa,Nonconformity,Zirconium|natural resource|in ground,2187
Africa,Nonconformity,Zirconium-95|air|non-urban air or from high stacks,2184
Africa,Nonconformity,Zirconium-95|water|surface water,2185
Africa,Nonconformity,Zoxamide|soil|agricultural,2188
Africa,Nonconformity,m-Xylene|air|non-urban air or from high stacks,1102
Africa,Nonconformity,m-Xylene|air|unspecified,1103
Africa,Nonconformity,m-Xylene|air|urban air close to ground,1104
Africa,Nonconformity,m-Xylene|water|surface water,1105
Africa,Nonconformity,o-Chlorotoluene|air|urban air close to ground,1342
Africa,Nonconformity,o-Chlorotoluene|water|surface water,1343
Africa,Nonconformity,o-Dichlorobenzene|air|urban air close to ground,1344
Africa,Nonconformity,o-Dichlorobenzene|water|surface water,1345
Africa,Marginally acceptable conformity,o-Nitrotoluene|air|urban air close to ground,1346
Africa,Nonconformity,o-Xylene|air|unspecified,1347
Africa,Nonconformity,o-Xylene|air|urban air close to ground,1348
Africa,Nonconformity,t-Butyl amine|air|urban air close to ground,1814
Africa,Marginally acceptable conformity,t-Butyl amine|water|surface water,1815
Africa,Nonconformity,t-Butyl methyl ether|air|unspecified,1816
Africa,Nonconformity,t-Butyl methyl ether|air|urban air close to ground,1817
Africa,Nonconformity,t-Butyl methyl ether|water|surface water,1818
Africa,Acceptable conformity,t-Butyl methyl ether|water|unspecified,1819
Africa,Nonconformity,tau-Fluvalinate|soil|agricultural,1822
